CustomerID,Churn,Tenure,PreferredLoginDevice,CityTier,WarehouseToHome,PreferredPaymentMode,Gender,HourSpendOnApp,NumberOfDeviceRegistered,PreferedOrderCat,SatisfactionScore,MaritalStatus,NumberOfAddress,Complain,OrderAmountHikeFromlastYear,CouponUsed,OrderCount,DaySinceLastOrder,CashbackAmount,ChurnLabel,ComplainLabel
50001,1,4.0,Mobile Phone,3,6.0,Debit Card,Female,3.0,3,Laptop & Accessory,2,Single,9,1,11.0,1.0,1.0,5.0,159.93,Churned,Filed Complaint
50002,1,9.0,Phone,1,8.0,UPI,Male,3.0,4,Mobile,3,Single,7,1,15.0,0.0,1.0,0.0,120.9,Churned,Filed Complaint
50003,1,9.0,Phone,1,30.0,Debit Card,Male,2.0,4,Mobile,3,Single,6,1,14.0,0.0,1.0,3.0,120.28,Churned,Filed Complaint
50004,1,0.0,Phone,3,15.0,Debit Card,Male,2.0,4,Laptop & Accessory,5,Single,8,0,23.0,0.0,1.0,3.0,134.07,Churned,No Complaint
50005,1,0.0,Phone,1,12.0,Credit Card,Male,3.0,3,Mobile,5,Single,3,0,11.0,1.0,1.0,3.0,129.6,Churned,No Complaint
50006,1,0.0,Computer,1,22.0,Debit Card,Female,3.0,5,Mobile,5,Single,2,1,22.0,4.0,6.0,7.0,139.19,Churned,Filed Complaint
50007,1,9.0,Phone,3,11.0,Cash on Delivery,Male,2.0,3,Laptop & Accessory,2,Divorced,4,0,14.0,0.0,1.0,0.0,120.86000000000001,Churned,No Complaint
50008,1,9.0,Phone,1,6.0,Credit Card,Male,3.0,3,Mobile,2,Divorced,3,1,16.0,2.0,2.0,0.0,122.93,Churned,Filed Complaint
50009,1,13.0,Phone,3,9.0,E wallet,Male,3.0,4,Mobile,3,Divorced,2,1,14.0,0.0,1.0,2.0,126.83000000000001,Churned,Filed Complaint
50010,1,9.0,Phone,1,31.0,Debit Card,Male,2.0,5,Mobile,3,Single,2,0,12.0,1.0,1.0,1.0,122.93,Churned,No Complaint
50011,1,4.0,Mobile Phone,1,18.0,Cash on Delivery,Female,2.0,3,Others,3,Divorced,2,0,15.0,9.0,15.0,8.0,295.45,Churned,No Complaint
50012,1,11.0,Mobile Phone,1,6.0,Debit Card,Male,3.0,4,Fashion,3,Single,10,1,13.0,0.0,1.0,0.0,153.81,Churned,Filed Complaint
50013,1,0.0,Phone,1,11.0,Cash on Delivery,Male,2.0,3,Mobile,3,Single,2,1,13.0,2.0,2.0,2.0,134.41,Churned,Filed Complaint
50014,1,0.0,Phone,1,15.0,Credit Card,Male,3.0,4,Mobile,3,Divorced,1,1,17.0,0.0,1.0,0.0,133.88,Churned,Filed Complaint
50015,1,9.0,Mobile Phone,3,15.0,Credit Card,Male,3.0,4,Fashion,2,Single,2,0,16.0,0.0,4.0,7.0,196.19,Churned,No Complaint
50016,1,9.0,Phone,2,12.0,UPI,Male,3.0,3,Mobile,5,Married,5,1,22.0,1.0,1.0,2.0,120.72999999999999,Churned,Filed Complaint
50017,1,0.0,Computer,1,12.0,Debit Card,Female,3.0,4,Mobile,2,Single,2,1,18.0,1.0,1.0,0.0,129.26,Churned,Filed Complaint
50018,1,0.0,Mobile Phone,3,11.0,E wallet,Male,2.0,4,Laptop & Accessory,3,Single,2,1,11.0,1.0,1.0,3.0,157.44,Churned,Filed Complaint
50019,1,0.0,Computer,1,13.0,Debit Card,Male,3.0,5,Laptop & Accessory,3,Single,2,1,24.0,1.0,1.0,6.0,160.74,Churned,Filed Complaint
50020,1,19.0,Mobile Phone,1,20.0,Debit Card,Female,3.0,3,Mobile,4,Divorced,10,1,18.0,1.0,4.0,3.0,149.63,Churned,Filed Complaint
50021,1,0.0,Mobile Phone,3,12.0,Debit Card,Male,3.0,5,Laptop & Accessory,3,Divorced,5,1,18.0,6.0,7.0,7.0,161.72,Churned,Filed Complaint
50022,1,20.0,Mobile Phone,1,29.0,Credit Card,Female,3.0,3,Fashion,2,Divorced,2,0,12.0,11.0,15.0,6.0,203.12,Churned,No Complaint
50023,1,9.0,Mobile Phone,3,28.0,E wallet,Male,2.0,3,Mobile,3,Single,2,1,19.0,0.0,1.0,0.0,116.75,Churned,Filed Complaint
50024,1,0.0,Phone,3,26.0,Debit Card,Female,3.0,5,Laptop & Accessory,3,Divorced,4,1,11.0,1.0,2.0,2.0,145.59,Churned,Filed Complaint
50025,1,14.0,Computer,1,14.0,Debit Card,Male,2.0,5,Fashion,2,Single,3,0,15.0,0.0,1.0,3.0,206.5,Churned,No Complaint
50026,1,0.0,Phone,1,15.0,Credit Card,Female,2.0,3,Mobile,5,Single,8,0,22.0,1.0,1.0,4.0,142.0,Churned,No Complaint
50027,0,8.0,Mobile Phone,3,6.0,E wallet,Male,3.0,3,Fashion,4,Divorced,2,0,13.0,1.0,1.0,6.0,172.95,Retained,No Complaint
50028,0,9.0,Phone,3,12.0,E wallet,Male,2.0,3,Laptop & Accessory,3,Divorced,3,1,20.0,0.0,4.0,5.0,123.06,Retained,Filed Complaint
50029,0,18.0,Phone,1,14.0,Debit Card,Male,2.0,3,Laptop & Accessory,4,Married,9,0,18.0,1.0,1.0,15.0,123.47999999999999,Retained,No Complaint
50030,0,5.0,Computer,3,14.0,E wallet,Female,2.0,3,Fashion,2,Single,2,0,14.0,2.0,3.0,7.0,189.98,Retained,No Complaint
50031,0,2.0,Computer,1,6.0,Cash on Delivery,Male,2.0,3,Laptop & Accessory,3,Divorced,2,0,13.0,0.0,1.0,9.0,143.19,Retained,No Complaint
50032,0,0.0,Mobile Phone,1,13.0,Credit Card,Male,2.0,4,Laptop & Accessory,3,Divorced,3,0,17.0,1.0,1.0,0.0,161.32,Retained,No Complaint
50033,0,30.0,Phone,1,15.0,Credit Card,Female,3.0,4,Mobile,4,Divorced,5,1,20.0,1.0,1.0,0.0,133.46,Retained,Filed Complaint
50034,0,13.0,Mobile Phone,3,10.0,E wallet,Male,3.0,4,Fashion,2,Divorced,8,0,11.0,2.0,2.0,11.0,208.55,Retained,No Complaint
50035,0,9.0,Computer,3,8.0,E wallet,Female,3.0,3,Mobile,3,Divorced,7,0,18.0,1.0,1.0,2.0,122.31,Retained,No Complaint
50036,0,0.0,Phone,1,14.0,Credit Card,Male,3.0,3,Mobile,2,Divorced,2,0,24.0,0.0,2.0,2.0,123.22999999999999,Retained,No Complaint
50037,0,9.0,Computer,1,15.0,Credit Card,Male,2.0,3,Mobile,4,Married,7,0,18.0,0.0,2.0,2.0,120.24000000000001,Retained,No Complaint
50038,0,1.0,Phone,1,27.0,Credit Card,Male,3.0,3,Mobile,2,Divorced,2,0,11.0,0.0,1.0,2.0,127.13,Retained,No Complaint
50039,0,30.0,Mobile Phone,1,30.0,Debit Card,Male,2.0,2,Fashion,2,Married,4,1,16.0,1.0,1.0,4.0,194.39,Retained,Filed Complaint
50040,0,0.0,Computer,1,14.0,Credit Card,Male,3.0,4,Mobile,3,Married,2,1,15.0,0.0,1.0,1.0,125.66,Retained,Filed Complaint
50041,0,23.0,Mobile Phone,1,17.0,Debit Card,Female,2.0,3,Others,4,Single,4,0,15.0,2.0,4.0,4.0,299.26,Retained,No Complaint
50042,0,14.0,Phone,1,14.0,Debit Card,Male,2.0,3,Mobile,3,Married,5,0,12.0,1.0,1.0,8.0,124.50999999999999,Retained,No Complaint
50043,0,3.0,Mobile Phone,3,11.0,Debit Card,Female,2.0,3,Fashion,2,Divorced,3,0,12.0,2.0,7.0,4.0,194.19,Retained,No Complaint
50044,0,11.0,Mobile Phone,3,6.0,Debit Card,Female,2.0,4,Laptop & Accessory,2,Single,5,0,22.0,1.0,1.0,1.0,186.86,Retained,No Complaint
50045,0,5.0,Phone,1,12.0,Debit Card,Male,3.0,3,Mobile,3,Single,4,0,20.0,0.0,1.0,4.0,130.38,Retained,No Complaint
50046,0,0.0,Phone,1,23.0,Cash on Delivery,Male,3.0,3,Mobile,4,Divorced,1,1,16.0,1.0,1.0,1.0,130.58,Retained,Filed Complaint
50047,1,0.0,Computer,3,14.0,Cash on Delivery,Female,3.0,5,Mobile,5,Single,1,0,21.0,1.0,1.0,0.0,123.25,Churned,No Complaint
50048,0,9.0,Computer,1,9.0,Credit Card,Male,1.0,3,Mobile,4,Single,5,0,12.0,4.0,7.0,2.0,120.88,Retained,No Complaint
50049,0,3.0,Computer,1,15.0,Credit Card,Male,3.0,3,Laptop & Accessory,5,Married,2,0,11.0,0.0,6.0,10.0,130.72,Retained,No Complaint
50050,0,18.0,Mobile Phone,3,10.0,Debit Card,Female,1.0,3,Laptop & Accessory,5,Married,5,1,11.0,0.0,1.0,3.0,150.06,Retained,Filed Complaint
50051,0,29.0,Phone,1,14.0,Debit Card,Female,3.0,3,Mobile,5,Married,5,1,18.0,1.0,2.0,2.0,142.57,Retained,Filed Complaint
50052,0,6.0,Phone,1,14.0,Debit Card,Male,2.0,3,Mobile,2,Single,1,0,14.0,0.0,1.0,2.0,125.0,Retained,No Complaint
50053,1,0.0,Mobile Phone,1,8.0,Debit Card,Male,2.0,4,Mobile,2,Single,2,0,22.0,0.0,1.0,0.0,111.02000000000001,Churned,No Complaint
50054,0,19.0,Mobile Phone,3,6.0,E wallet,Female,3.0,3,Fashion,5,Married,2,0,25.0,4.0,15.0,7.0,204.53,Retained,No Complaint
50055,0,9.0,Phone,1,15.0,Debit Card,Female,3.0,3,Mobile,2,Single,2,0,12.0,1.0,2.0,1.0,122.88,Retained,No Complaint
50056,0,4.0,Phone,1,18.0,Credit Card,Female,3.0,3,Mobile,2,Divorced,9,1,23.0,1.0,1.0,2.0,139.29,Retained,Filed Complaint
50057,0,9.0,Phone,1,33.0,Credit Card,Female,3.0,3,Mobile,4,Single,3,0,15.0,1.0,1.0,2.0,123.11000000000001,Retained,No Complaint
50058,1,4.0,Phone,3,26.0,E wallet,Female,3.0,3,Mobile,4,Single,2,1,22.0,0.0,1.0,2.0,131.4,Churned,Filed Complaint
50059,0,23.0,Phone,1,6.0,Credit Card,Male,2.0,4,Mobile,3,Divorced,3,0,15.0,0.0,1.0,2.0,136.9,Retained,No Complaint
50060,0,26.0,Phone,1,19.0,Credit Card,Female,2.0,2,Laptop & Accessory,5,Married,2,0,11.0,1.0,1.0,3.0,144.5,Retained,No Complaint
50061,0,6.0,Phone,1,20.0,Credit Card,Female,3.0,3,Mobile,4,Divorced,2,0,13.0,0.0,1.0,6.0,127.56,Retained,No Complaint
50062,0,13.0,Mobile Phone,1,10.0,Credit Card,Female,2.0,3,Others,3,Divorced,2,0,14.0,1.0,9.0,9.0,290.33,Retained,No Complaint
50063,0,28.0,Mobile Phone,1,20.0,Credit Card,Male,3.0,2,Others,4,Single,9,0,11.0,1.0,2.0,15.0,287.22,Retained,No Complaint
50064,0,7.0,Computer,1,8.0,Debit Card,Male,2.0,4,Laptop & Accessory,3,Divorced,2,0,17.0,0.0,1.0,9.0,195.47,Retained,No Complaint
50065,0,24.0,Mobile Phone,1,9.0,Credit Card,Female,3.0,3,Grocery,4,Single,4,0,18.0,0.0,2.0,0.0,237.33999999999997,Retained,No Complaint
50066,0,25.0,Mobile Phone,1,6.0,Debit Card,Male,3.0,4,Others,3,Divorced,1,0,15.0,1.0,11.0,9.0,299.99,Retained,No Complaint
50067,0,9.0,Phone,1,15.0,Credit Card,Female,2.0,3,Mobile,4,Single,2,0,16.0,1.0,1.0,3.0,122.78999999999999,Retained,No Complaint
50068,1,0.0,Mobile Phone,1,29.0,Debit Card,Male,2.0,4,Laptop & Accessory,3,Divorced,4,1,13.0,1.0,1.0,1.0,159.16,Churned,Filed Complaint
50069,0,9.0,Computer,1,13.0,Credit Card,Male,2.0,2,Mobile,2,Married,5,0,14.0,0.0,2.0,2.0,120.88999999999999,Retained,No Complaint
50070,0,18.0,Computer,1,8.0,Credit Card,Male,3.0,4,Grocery,2,Divorced,10,0,23.0,1.0,11.0,8.0,267.92,Retained,No Complaint
50071,0,10.0,Phone,1,27.0,Debit Card,Male,3.0,2,Mobile,5,Divorced,2,1,12.0,0.0,1.0,7.0,135.64,Retained,Filed Complaint
50072,0,8.0,Computer,1,8.0,Credit Card,Female,2.0,3,Laptop & Accessory,4,Single,6,0,11.0,1.0,1.0,2.0,144.25,Retained,No Complaint
50073,0,15.0,Computer,1,27.0,Credit Card,Female,2.0,3,Laptop & Accessory,3,Married,3,0,16.0,0.0,1.0,2.0,152.65,Retained,No Complaint
50074,0,11.0,Mobile Phone,1,8.0,Debit Card,Male,2.0,3,Laptop & Accessory,3,Divorced,10,0,14.0,0.0,1.0,0.0,165.53,Retained,No Complaint
50075,0,11.0,Mobile Phone,1,35.0,Cash on Delivery,Male,2.0,3,Laptop & Accessory,2,Divorced,4,0,18.0,0.0,1.0,7.0,162.61,Retained,No Complaint
50076,0,0.0,Computer,1,6.0,Cash on Delivery,Male,2.0,4,Laptop & Accessory,5,Divorced,6,0,19.0,0.0,2.0,0.0,142.98,Retained,No Complaint
50077,0,22.0,Computer,1,24.0,Debit Card,Male,3.0,3,Laptop & Accessory,2,Married,2,1,15.0,0.0,1.0,7.0,168.04,Retained,Filed Complaint
50078,0,7.0,Computer,1,16.0,Credit Card,Male,2.0,3,Mobile,3,Married,2,1,17.0,2.0,2.0,0.0,138.15,Retained,Filed Complaint
50079,0,13.0,Phone,1,25.0,Credit Card,Male,3.0,3,Laptop & Accessory,2,Divorced,9,1,15.0,1.0,3.0,7.0,127.41,Retained,Filed Complaint
50080,1,1.0,Mobile Phone,1,35.0,Credit Card,Male,3.0,3,Laptop & Accessory,5,Divorced,8,1,19.0,0.0,1.0,0.0,166.73,Churned,Filed Complaint
50081,1,0.0,Mobile Phone,3,33.0,E wallet,Female,2.0,3,Fashion,2,Divorced,2,0,22.0,1.0,1.0,9.0,176.39,Churned,No Complaint
50082,0,0.0,Phone,1,14.0,Debit Card,Male,2.0,2,Mobile,4,Married,2,1,16.0,0.0,2.0,2.0,123.28,Retained,Filed Complaint
50083,0,9.0,Computer,1,24.0,Credit Card,Female,3.0,3,Mobile,2,Single,2,0,13.0,1.0,1.0,7.0,121.53,Retained,No Complaint
50084,0,13.0,Computer,1,15.0,Debit Card,Male,3.0,4,Laptop & Accessory,2,Divorced,10,0,14.0,1.0,1.0,2.0,148.76,Retained,No Complaint
50085,0,19.0,Mobile Phone,1,6.0,Credit Card,Male,3.0,3,Fashion,5,Married,8,0,16.0,0.0,1.0,3.0,193.96,Retained,No Complaint
50086,1,0.0,Mobile Phone,3,10.0,Credit Card,Male,2.0,5,Fashion,2,Divorced,2,0,11.0,7.0,9.0,8.0,204.0,Churned,No Complaint
50087,0,3.0,Computer,1,6.0,Debit Card,Male,2.0,4,Fashion,3,Single,2,0,22.0,2.0,5.0,8.0,184.74,Retained,No Complaint
50088,0,0.0,Computer,3,26.0,Debit Card,Female,2.0,3,Laptop & Accessory,3,Single,2,0,14.0,1.0,1.0,7.0,199.81,Retained,No Complaint
50089,0,24.0,Mobile Phone,1,14.0,Debit Card,Male,2.0,4,Fashion,4,Divorced,6,0,16.0,1.0,4.0,3.0,224.89999999999998,Retained,No Complaint
50090,1,0.0,Phone,1,14.0,Cash on Delivery,Female,2.0,3,Mobile,5,Single,6,1,11.0,1.0,1.0,4.0,126.57,Churned,Filed Complaint
50091,0,14.0,Mobile Phone,3,12.0,Debit Card,Female,3.0,3,Fashion,2,Single,4,1,18.0,0.0,2.0,0.0,235.91000000000003,Retained,Filed Complaint
50092,1,0.0,Computer,3,32.0,E wallet,Female,2.0,4,Laptop & Accessory,5,Single,6,0,15.0,0.0,1.0,1.0,166.96,Churned,No Complaint
50093,1,9.0,Phone,1,6.0,Cash on Delivery,Male,2.0,3,Mobile,3,Single,1,0,14.0,0.0,1.0,5.0,120.58000000000001,Churned,No Complaint
50094,0,18.0,Computer,3,12.0,Credit Card,Female,2.0,4,Fashion,2,Single,7,0,12.0,12.0,12.0,8.0,188.65,Retained,No Complaint
50095,0,27.0,Mobile Phone,3,9.0,E wallet,Female,2.0,3,Laptop & Accessory,5,Divorced,3,0,14.0,1.0,1.0,5.0,159.4,Retained,No Complaint
50096,0,9.0,Mobile Phone,1,11.0,Debit Card,Male,3.0,3,Laptop & Accessory,4,Single,9,0,16.0,0.0,3.0,7.0,159.14,Retained,No Complaint
50097,0,6.0,Phone,1,14.0,Credit Card,Female,2.0,4,Mobile,4,Divorced,7,0,21.0,0.0,1.0,1.0,126.22,Retained,No Complaint
50098,0,10.0,Computer,1,17.0,UPI,Male,2.0,3,Fashion,2,Married,2,1,14.0,0.0,1.0,3.0,221.85000000000002,Retained,Filed Complaint
50099,0,11.0,Mobile Phone,3,9.0,Debit Card,Male,3.0,3,Fashion,3,Married,1,0,12.0,1.0,5.0,13.0,206.08999999999997,Retained,No Complaint
50100,0,4.0,Computer,1,6.0,Credit Card,Male,2.0,5,Laptop & Accessory,3,Divorced,1,0,12.0,1.0,1.0,4.0,143.45,Retained,No Complaint
50101,0,9.0,Phone,1,9.0,Debit Card,Male,3.0,4,Mobile,2,Divorced,4,0,17.0,0.0,1.0,0.0,121.77000000000001,Retained,No Complaint
50102,0,10.0,Computer,3,10.0,E wallet,Male,2.0,3,Mobile,2,Married,5,0,17.0,1.0,5.0,8.0,0.0,Retained,No Complaint
50103,0,2.0,Computer,3,6.0,Credit Card,Female,2.0,3,Fashion,2,Divorced,2,0,14.0,4.0,4.0,1.0,179.18,Retained,No Complaint
50104,0,8.0,Computer,3,6.0,E wallet,Female,3.0,3,Fashion,3,Single,2,0,14.0,1.0,1.0,8.0,187.89,Retained,No Complaint
50105,1,0.0,Phone,1,14.0,Credit Card,Male,2.0,4,Mobile,2,Single,2,1,13.0,0.0,1.0,1.0,123.88999999999999,Churned,Filed Complaint
50106,0,25.0,Phone,1,8.0,Debit Card,Female,2.0,4,Mobile,2,Single,8,0,15.0,0.0,2.0,2.0,132.12,Retained,No Complaint
50107,0,15.0,Mobile Phone,1,10.0,Cash on Delivery,Male,2.0,3,Others,2,Divorced,2,0,15.0,0.0,11.0,15.0,292.32,Retained,No Complaint
50108,0,9.0,Phone,2,12.0,Credit Card,Male,2.0,3,Mobile,3,Divorced,9,0,17.0,2.0,2.0,2.0,122.66999999999999,Retained,No Complaint
50109,0,23.0,Mobile Phone,3,6.0,Credit Card,Female,3.0,3,Others,2,Married,4,0,15.0,1.0,1.0,6.0,295.17,Retained,No Complaint
50110,1,0.0,Phone,1,14.0,Credit Card,Male,2.0,3,Mobile,2,Divorced,6,1,13.0,0.0,1.0,4.0,124.36000000000001,Churned,Filed Complaint
50111,0,16.0,Mobile Phone,3,22.0,E wallet,Female,3.0,3,Grocery,2,Divorced,6,1,22.0,0.0,2.0,9.0,260.64,Retained,Filed Complaint
50112,1,0.0,Phone,1,8.0,Debit Card,Female,3.0,3,Mobile,5,Divorced,8,0,20.0,1.0,1.0,7.0,127.07,Churned,No Complaint
50113,0,25.0,Computer,3,8.0,Debit Card,Male,3.0,4,Others,3,Single,2,1,18.0,1.0,15.0,12.0,290.68,Retained,Filed Complaint
50114,0,5.0,Phone,3,10.0,Debit Card,Female,2.0,3,Mobile,4,Divorced,3,0,11.0,1.0,1.0,2.0,139.31,Retained,No Complaint
50115,1,0.0,Phone,1,6.0,Debit Card,Male,3.0,4,Mobile,3,Single,1,1,14.0,1.0,1.0,2.0,137.3,Churned,Filed Complaint
50116,0,9.0,Phone,1,6.0,Credit Card,Female,3.0,3,Mobile,3,Married,8,0,14.0,0.0,1.0,2.0,122.32,Retained,No Complaint
50117,0,5.0,Computer,3,32.0,E wallet,Male,3.0,3,Laptop & Accessory,2,Divorced,1,0,18.0,1.0,2.0,2.0,144.65,Retained,No Complaint
50118,0,14.0,Phone,1,25.0,Debit Card,Male,3.0,3,Laptop & Accessory,5,Married,3,0,16.0,1.0,1.0,0.0,130.72,Retained,No Complaint
50119,0,13.0,Phone,1,30.0,Cash on Delivery,Male,3.0,3,Laptop & Accessory,2,Married,2,0,17.0,2.0,4.0,7.0,133.19,Retained,No Complaint
50120,0,18.0,Mobile Phone,1,6.0,UPI,Male,3.0,2,Others,2,Divorced,1,0,15.0,1.0,1.0,7.0,292.02,Retained,No Complaint
50121,0,4.0,Computer,1,9.0,Credit Card,Male,3.0,3,Fashion,3,Married,10,0,12.0,1.0,2.0,2.0,236.75,Retained,No Complaint
50122,0,6.0,Phone,1,11.0,Debit Card,Female,3.0,4,Mobile,2,Divorced,2,0,13.0,0.0,1.0,2.0,129.11,Retained,No Complaint
50123,0,7.0,Mobile Phone,1,8.0,Debit Card,Male,2.0,4,Laptop & Accessory,5,Divorced,7,0,13.0,0.0,5.0,9.0,159.57,Retained,No Complaint
50124,0,10.0,Phone,1,6.0,Credit Card,Female,2.0,4,Mobile,5,Divorced,3,0,14.0,1.0,1.0,2.0,139.2,Retained,No Complaint
50125,0,18.0,Computer,1,13.0,Debit Card,Male,3.0,2,Laptop & Accessory,3,Divorced,5,0,17.0,0.0,1.0,2.0,164.34,Retained,No Complaint
50126,1,0.0,Computer,1,16.0,Credit Card,Male,3.0,3,Fashion,3,Married,7,0,11.0,1.0,1.0,0.0,200.48,Churned,No Complaint
50127,0,12.0,Computer,1,8.0,Cash on Delivery,Female,3.0,3,Fashion,3,Single,1,0,25.0,10.0,11.0,3.0,209.38,Retained,No Complaint
50128,0,2.0,Phone,1,14.0,Debit Card,Male,2.0,3,Mobile,2,Single,2,0,19.0,0.0,1.0,5.0,123.4,Retained,No Complaint
50129,0,15.0,Mobile Phone,1,23.0,Debit Card,Female,2.0,2,Laptop & Accessory,5,Single,4,1,13.0,0.0,1.0,2.0,165.45,Retained,Filed Complaint
50130,0,2.0,Mobile Phone,3,26.0,E wallet,Male,2.0,3,Laptop & Accessory,2,Married,3,0,14.0,1.0,1.0,2.0,169.31,Retained,No Complaint
50131,0,0.0,Phone,1,6.0,Debit Card,Female,3.0,3,Laptop & Accessory,3,Divorced,1,0,12.0,1.0,1.0,2.0,148.98,Retained,No Complaint
50132,0,15.0,Phone,1,14.0,Credit Card,Female,2.0,4,Mobile,5,Married,1,1,11.0,4.0,7.0,8.0,125.93,Retained,Filed Complaint
50133,0,13.0,Mobile Phone,1,8.0,Credit Card,Male,2.0,3,Others,3,Married,1,0,15.0,0.0,3.0,9.0,294.36,Retained,No Complaint
50134,0,24.0,Phone,1,6.0,Debit Card,Male,3.0,3,Mobile,2,Divorced,2,0,11.0,1.0,1.0,0.0,127.22999999999999,Retained,No Complaint
50135,1,0.0,Computer,1,35.0,Credit Card,Male,3.0,4,Mobile,4,Single,1,0,11.0,1.0,1.0,4.0,134.79,Churned,No Complaint
50136,0,5.0,Computer,1,13.0,Debit Card,Male,3.0,2,Mobile,4,Divorced,2,0,20.0,0.0,1.0,3.0,127.94,Retained,No Complaint
50137,0,11.0,Computer,3,8.0,Debit Card,Male,2.0,4,Laptop & Accessory,2,Divorced,4,0,18.0,6.0,7.0,5.0,152.49,Retained,No Complaint
50138,0,9.0,Phone,1,8.0,Cash on Delivery,Male,2.0,4,Laptop & Accessory,5,Single,5,0,13.0,0.0,1.0,4.0,121.75999999999999,Retained,No Complaint
50139,0,19.0,Mobile Phone,3,8.0,Cash on Delivery,Female,3.0,5,Grocery,4,Divorced,4,1,12.0,1.0,7.0,7.0,268.72,Retained,Filed Complaint
50140,1,0.0,Phone,1,8.0,Debit Card,Male,3.0,3,Mobile,3,Single,3,0,11.0,1.0,1.0,0.0,134.85,Churned,No Complaint
50141,0,2.0,Mobile Phone,3,8.0,Credit Card,Male,3.0,4,Laptop & Accessory,4,Divorced,3,0,19.0,0.0,1.0,0.0,166.44,Retained,No Complaint
50142,0,4.0,Mobile Phone,1,29.0,Credit Card,Male,3.0,4,Laptop & Accessory,2,Divorced,1,0,21.0,1.0,7.0,8.0,155.82,Retained,No Complaint
50143,0,0.0,Computer,1,11.0,Debit Card,Male,2.0,2,Laptop & Accessory,5,Married,2,0,12.0,1.0,1.0,5.0,140.0,Retained,No Complaint
50144,0,18.0,Mobile Phone,1,26.0,Credit Card,Male,3.0,3,Grocery,2,Divorced,1,1,14.0,0.0,2.0,10.0,234.95999999999998,Retained,Filed Complaint
50145,0,9.0,Phone,1,12.0,Debit Card,Male,2.0,3,Mobile,2,Divorced,1,0,11.0,4.0,10.0,11.0,132.1,Retained,No Complaint
50146,0,28.0,Mobile Phone,1,6.0,Credit Card,Male,2.0,3,Others,5,Single,1,1,14.0,1.0,4.0,13.0,290.45,Retained,Filed Complaint
50147,1,10.0,Computer,1,35.0,Debit Card,Male,2.0,3,Fashion,4,Divorced,2,1,12.0,5.0,9.0,3.0,218.49,Churned,Filed Complaint
50148,0,9.0,Phone,1,15.0,Credit Card,Male,3.0,3,Mobile,2,Divorced,2,0,23.0,1.0,1.0,4.0,120.69999999999999,Retained,No Complaint
50149,0,10.0,Mobile Phone,3,12.0,Credit Card,Male,3.0,3,Laptop & Accessory,2,Divorced,5,0,14.0,0.0,1.0,1.0,165.02,Retained,No Complaint
50150,0,0.0,Phone,1,9.0,Credit Card,Male,3.0,4,Mobile,3,Single,2,0,17.0,1.0,1.0,0.0,132.3,Retained,No Complaint
50151,0,10.0,Computer,1,6.0,Credit Card,Female,0.0,3,Fashion,2,Married,3,1,18.0,0.0,2.0,2.0,236.02999999999997,Retained,Filed Complaint
50152,0,2.0,Mobile Phone,1,28.0,Debit Card,Female,3.0,2,Fashion,4,Married,8,0,18.0,5.0,6.0,3.0,219.95999999999998,Retained,No Complaint
50153,0,11.0,Mobile Phone,3,13.0,Credit Card,Female,2.0,2,Laptop & Accessory,5,Married,2,1,24.0,0.0,7.0,7.0,156.05,Retained,Filed Complaint
50154,0,0.0,Computer,1,6.0,Debit Card,Female,2.0,3,Laptop & Accessory,4,Married,2,0,20.0,0.0,1.0,4.0,163.97,Retained,No Complaint
50155,0,23.0,Mobile Phone,1,10.0,Debit Card,Male,3.0,3,Others,4,Married,4,0,14.0,1.0,1.0,6.0,291.44,Retained,No Complaint
50156,0,26.0,Mobile Phone,1,9.0,Credit Card,Male,2.0,3,Grocery,3,Divorced,4,1,16.0,1.0,1.0,3.0,275.84,Retained,Filed Complaint
50157,0,15.0,Phone,3,6.0,Debit Card,Male,2.0,3,Laptop & Accessory,3,Divorced,2,0,25.0,4.0,11.0,6.0,149.07,Retained,No Complaint
50158,0,2.0,Computer,3,8.0,Debit Card,Male,2.0,3,Laptop & Accessory,2,Single,2,0,18.0,0.0,1.0,9.0,145.54,Retained,No Complaint
50159,0,28.0,Mobile Phone,1,26.0,Cash on Delivery,Male,2.0,3,Laptop & Accessory,2,Divorced,4,1,19.0,1.0,1.0,8.0,154.15,Retained,Filed Complaint
50160,0,0.0,Computer,1,17.0,Credit Card,Male,2.0,3,Laptop & Accessory,5,Divorced,2,1,13.0,2.0,3.0,3.0,147.41,Retained,Filed Complaint
50161,0,9.0,Phone,1,6.0,Debit Card,Female,2.0,3,Mobile,2,Single,2,0,12.0,1.0,5.0,7.0,121.15,Retained,No Complaint
50162,1,7.0,Computer,1,30.0,Debit Card,Male,3.0,3,Mobile,3,Married,4,1,22.0,0.0,1.0,0.0,131.61,Churned,Filed Complaint
50163,0,11.0,Mobile Phone,1,29.0,Debit Card,Male,2.0,3,Laptop & Accessory,2,Married,10,0,14.0,0.0,1.0,2.0,157.45,Retained,No Complaint
50164,1,0.0,Phone,1,14.0,Credit Card,Male,2.0,3,Mobile,4,Married,3,1,13.0,1.0,1.0,2.0,123.72999999999999,Churned,Filed Complaint
50165,0,1.0,Phone,1,14.0,Debit Card,Female,3.0,3,Mobile,2,Single,2,0,21.0,0.0,1.0,2.0,133.1,Retained,No Complaint
50166,0,22.0,Computer,1,16.0,Debit Card,Female,2.0,3,Others,5,Single,10,1,11.0,1.0,1.0,2.0,286.65,Retained,Filed Complaint
50167,0,9.0,Phone,1,9.0,Cash on Delivery,Male,1.0,3,Laptop & Accessory,4,Single,5,0,12.0,6.0,7.0,7.0,144.85,Retained,No Complaint
50168,0,4.0,Computer,3,11.0,E wallet,Female,3.0,3,Mobile,4,Married,2,0,11.0,0.0,2.0,2.0,127.88999999999999,Retained,No Complaint
50169,1,0.0,Mobile Phone,3,10.0,E wallet,Male,2.0,4,Laptop & Accessory,2,Single,2,1,12.0,7.0,7.0,4.0,158.28,Churned,Filed Complaint
50170,0,10.0,Computer,1,14.0,Credit Card,Male,2.0,3,Mobile,2,Divorced,2,1,12.0,0.0,1.0,2.0,123.25999999999999,Retained,Filed Complaint
50171,0,15.0,Computer,3,32.0,E wallet,Female,3.0,3,Grocery,4,Divorced,6,0,14.0,2.0,2.0,8.0,235.25,Retained,No Complaint
50172,1,9.0,Mobile Phone,1,9.0,Debit Card,Male,2.0,3,Mobile,3,Single,2,0,13.0,0.0,1.0,0.0,114.19999999999999,Churned,No Complaint
50173,0,8.0,Mobile Phone,3,22.0,E wallet,Male,3.0,3,Fashion,4,Divorced,1,0,15.0,3.0,6.0,9.0,180.2,Retained,No Complaint
50174,0,9.0,Computer,1,24.0,Debit Card,Male,2.0,2,Mobile,2,Divorced,5,0,18.0,0.0,1.0,0.0,136.88,Retained,No Complaint
50175,0,24.0,Mobile Phone,1,8.0,Credit Card,Male,2.0,5,Laptop & Accessory,4,Married,6,0,18.0,0.0,1.0,2.0,154.82,Retained,No Complaint
50176,0,14.0,Mobile Phone,3,8.0,Debit Card,Male,2.0,3,Grocery,4,Single,2,0,19.0,1.0,2.0,4.0,260.15,Retained,No Complaint
50177,0,0.0,Mobile Phone,3,16.0,Credit Card,Female,3.0,4,Mobile,3,Single,2,0,12.0,1.0,1.0,0.0,112.0,Retained,No Complaint
50178,0,1.0,Mobile Phone,1,22.0,Credit Card,Male,3.0,2,Laptop & Accessory,5,Single,1,0,19.0,0.0,1.0,7.0,156.61,Retained,No Complaint
50179,0,4.0,Mobile Phone,3,13.0,Cash on Delivery,Male,3.0,2,Laptop & Accessory,2,Divorced,5,0,11.0,3.0,7.0,7.0,169.29,Retained,No Complaint
50180,0,12.0,Mobile Phone,1,6.0,Credit Card,Male,2.0,2,Fashion,2,Married,1,0,17.0,3.0,3.0,7.0,196.13,Retained,No Complaint
50181,0,9.0,Computer,1,30.0,Debit Card,Female,2.0,3,Laptop & Accessory,4,Divorced,8,0,15.0,0.0,1.0,8.0,156.74,Retained,No Complaint
50182,0,5.0,Mobile Phone,3,13.0,Debit Card,Male,3.0,4,Laptop & Accessory,3,Divorced,2,0,14.0,1.0,4.0,8.0,154.84,Retained,No Complaint
50183,0,11.0,Mobile Phone,1,31.0,Debit Card,Female,2.0,4,Fashion,4,Divorced,4,0,17.0,1.0,1.0,3.0,220.61,Retained,No Complaint
50184,0,30.0,Computer,1,6.0,Debit Card,Male,2.0,5,Laptop & Accessory,3,Married,3,1,13.0,1.0,1.0,2.0,156.6,Retained,Filed Complaint
50185,0,4.0,Phone,1,11.0,Cash on Delivery,Male,2.0,3,Mobile,2,Divorced,1,1,12.0,0.0,1.0,3.0,148.21,Retained,Filed Complaint
50186,0,4.0,Mobile Phone,2,8.0,UPI,Male,3.0,4,Laptop & Accessory,5,Divorced,4,0,12.0,0.0,1.0,0.0,164.1,Retained,No Complaint
50187,0,18.0,Computer,1,13.0,Debit Card,Male,3.0,3,Fashion,5,Married,2,0,18.0,5.0,9.0,11.0,152.1,Retained,No Complaint
50188,0,4.0,Phone,1,8.0,Debit Card,Male,3.0,3,Mobile,2,Married,1,1,18.0,1.0,2.0,2.0,126.94999999999999,Retained,Filed Complaint
50189,0,6.0,Computer,1,11.0,Debit Card,Female,3.0,3,Fashion,4,Divorced,7,0,11.0,2.0,8.0,3.0,218.77999999999997,Retained,No Complaint
50190,0,12.0,Mobile Phone,1,16.0,Credit Card,Male,2.0,3,Grocery,5,Divorced,2,1,14.0,1.0,11.0,10.0,270.68,Retained,Filed Complaint
50191,0,16.0,Computer,1,14.0,Debit Card,Female,2.0,3,Mobile,2,Single,1,0,19.0,0.0,1.0,7.0,124.55000000000001,Retained,No Complaint
50192,0,22.0,Mobile Phone,1,6.0,Cash on Delivery,Female,2.0,4,Grocery,3,Single,8,1,12.0,1.0,2.0,7.0,239.64,Retained,Filed Complaint
50193,1,15.0,Phone,1,14.0,Credit Card,Male,2.0,4,Laptop & Accessory,4,Divorced,3,0,15.0,7.0,7.0,7.0,149.41,Churned,No Complaint
50194,0,0.0,Phone,1,14.0,Debit Card,Female,2.0,3,Mobile,4,Single,2,1,12.0,0.0,1.0,2.0,124.78,Retained,Filed Complaint
50195,0,5.0,Mobile Phone,3,14.0,Cash on Delivery,Female,3.0,4,Laptop & Accessory,4,Divorced,2,1,11.0,6.0,11.0,9.0,152.28,Retained,Filed Complaint
50196,0,0.0,Phone,3,8.0,Debit Card,Male,3.0,3,Laptop & Accessory,3,Single,2,1,11.0,1.0,1.0,4.0,144.78,Retained,Filed Complaint
50197,0,4.0,Mobile Phone,3,13.0,E wallet,Male,3.0,3,Laptop & Accessory,2,Married,5,0,12.0,0.0,1.0,7.0,175.47,Retained,No Complaint
50198,0,5.0,Mobile Phone,1,8.0,Credit Card,Female,3.0,2,Laptop & Accessory,2,Single,8,0,16.0,1.0,1.0,7.0,150.55,Retained,No Complaint
50199,1,0.0,Phone,1,8.0,Credit Card,Male,2.0,5,Mobile,2,Divorced,6,1,13.0,2.0,2.0,2.0,134.64,Churned,Filed Complaint
50200,0,3.0,Mobile Phone,1,34.0,Credit Card,Female,3.0,3,Laptop & Accessory,2,Divorced,2,0,13.0,0.0,1.0,9.0,157.75,Retained,No Complaint
50201,0,4.0,Computer,1,13.0,Debit Card,Female,2.0,4,Fashion,3,Divorced,2,0,24.0,3.0,8.0,9.0,189.43,Retained,No Complaint
50202,0,12.0,Computer,1,5.0,Credit Card,Male,2.0,4,Others,2,Divorced,2,0,15.0,9.0,13.0,3.0,292.72,Retained,No Complaint
50203,1,2.0,Mobile Phone,3,9.0,Credit Card,Female,2.0,3,Laptop & Accessory,3,Divorced,5,1,18.0,1.0,1.0,0.0,152.38,Churned,Filed Complaint
50204,0,6.0,Computer,3,16.0,E wallet,Male,2.0,4,Laptop & Accessory,2,Single,4,0,14.0,1.0,1.0,1.0,146.82,Retained,No Complaint
50205,0,20.0,Mobile Phone,1,11.0,Debit Card,Male,2.0,3,Others,3,Divorced,5,0,11.0,1.0,1.0,1.0,283.0,Retained,No Complaint
50206,0,16.0,Computer,1,16.0,Debit Card,Female,2.0,4,Laptop & Accessory,3,Married,2,0,11.0,0.0,1.0,0.0,152.57,Retained,No Complaint
50207,0,0.0,Computer,3,6.0,E wallet,Male,3.0,3,Laptop & Accessory,4,Divorced,1,1,13.0,0.0,1.0,4.0,163.49,Retained,Filed Complaint
50208,0,27.0,Computer,1,26.0,Debit Card,Female,2.0,3,Laptop & Accessory,3,Single,4,0,12.0,1.0,1.0,3.0,148.69,Retained,No Complaint
50209,0,16.0,Mobile Phone,1,13.0,Debit Card,Female,2.0,3,Fashion,5,Divorced,9,0,16.0,1.0,1.0,0.0,199.85,Retained,No Complaint
50210,0,18.0,Phone,1,14.0,UPI,Male,3.0,3,Laptop & Accessory,2,Divorced,10,0,14.0,7.0,9.0,8.0,136.97,Retained,No Complaint
50211,0,13.0,Mobile Phone,3,6.0,Credit Card,Male,2.0,5,Laptop & Accessory,2,Divorced,3,1,22.0,1.0,1.0,2.0,174.57,Retained,Filed Complaint
50212,1,9.0,Phone,1,14.0,UPI,Male,3.0,5,Mobile,5,Divorced,2,1,11.0,1.0,1.0,7.0,121.19,Churned,Filed Complaint
50213,0,2.0,Phone,1,15.0,UPI,Male,1.0,4,Mobile,2,Single,1,0,17.0,2.0,2.0,2.0,139.83,Retained,No Complaint
50214,0,3.0,Mobile Phone,3,11.0,E wallet,Female,1.0,4,Laptop & Accessory,3,Married,2,0,13.0,0.0,1.0,2.0,161.18,Retained,No Complaint
50215,0,0.0,Mobile Phone,3,14.0,E wallet,Female,2.0,3,Laptop & Accessory,4,Divorced,2,0,18.0,0.0,1.0,7.0,162.14,Retained,No Complaint
50216,0,10.0,Mobile Phone,1,11.0,Credit Card,Male,3.0,3,Laptop & Accessory,2,Married,8,0,16.0,0.0,1.0,4.0,163.47,Retained,No Complaint
50217,0,11.0,Mobile Phone,1,21.0,Debit Card,Male,3.0,4,Fashion,2,Married,1,1,14.0,1.0,2.0,3.0,215.10000000000002,Retained,Filed Complaint
50218,0,4.0,Mobile Phone,1,13.0,Credit Card,Female,2.0,3,Fashion,2,Single,2,1,14.0,2.0,4.0,10.0,171.43,Retained,Filed Complaint
50219,0,2.0,Mobile Phone,3,16.0,E wallet,Female,2.0,4,Laptop & Accessory,4,Married,2,1,14.0,0.0,1.0,7.0,182.68,Retained,Filed Complaint
50220,0,8.0,Mobile Phone,1,11.0,Cash on Delivery,Male,3.0,3,Fashion,4,Single,1,0,13.0,0.0,1.0,13.0,180.95,Retained,No Complaint
50221,0,0.0,Phone,1,32.0,Debit Card,Male,3.0,3,Mobile,2,Married,2,0,12.0,1.0,1.0,2.0,129.04,Retained,No Complaint
50222,0,14.0,Mobile Phone,1,12.0,Credit Card,Male,3.0,4,Laptop & Accessory,4,Single,7,1,15.0,1.0,1.0,2.0,160.32,Retained,Filed Complaint
50223,0,20.0,Computer,3,10.0,Credit Card,Male,3.0,3,Laptop & Accessory,3,Single,4,0,19.0,0.0,1.0,0.0,129.76,Retained,No Complaint
50224,0,15.0,Mobile Phone,1,29.0,Debit Card,Female,2.0,3,Grocery,2,Single,3,0,14.0,0.0,2.0,0.0,259.92,Retained,No Complaint
50225,0,2.0,Computer,3,8.0,Debit Card,Male,3.0,3,Laptop & Accessory,3,Divorced,2,0,14.0,1.0,1.0,2.0,146.49,Retained,No Complaint
50226,0,15.0,Phone,2,8.0,Cash on Delivery,Male,3.0,3,Mobile,3,Married,1,1,11.0,1.0,1.0,0.0,126.96000000000001,Retained,Filed Complaint
50227,0,5.0,Phone,1,14.0,Credit Card,Female,3.0,3,Mobile,4,Divorced,2,0,13.0,0.0,1.0,7.0,123.69999999999999,Retained,No Complaint
50228,0,21.0,Mobile Phone,3,35.0,Credit Card,Female,3.0,3,Fashion,3,Divorced,4,0,21.0,0.0,1.0,3.0,225.04000000000002,Retained,No Complaint
50229,0,10.0,Mobile Phone,1,12.0,Credit Card,Male,2.0,2,Laptop & Accessory,5,Married,5,1,13.0,2.0,6.0,7.0,159.74,Retained,Filed Complaint
50230,0,3.0,Computer,3,31.0,Cash on Delivery,Female,2.0,3,Laptop & Accessory,3,Divorced,8,1,12.0,1.0,2.0,2.0,147.36,Retained,Filed Complaint
50231,0,0.0,Mobile Phone,3,6.0,Debit Card,Male,2.0,3,Laptop & Accessory,3,Divorced,2,0,17.0,2.0,7.0,7.0,152.96,Retained,No Complaint
50232,0,15.0,Mobile Phone,1,8.0,UPI,Male,3.0,4,Laptop & Accessory,2,Single,4,0,23.0,0.0,1.0,0.0,167.81,Retained,No Complaint
50233,1,9.0,Computer,3,6.0,Cash on Delivery,Female,2.0,4,Mobile,4,Single,2,1,11.0,1.0,1.0,2.0,121.74000000000001,Churned,Filed Complaint
50234,0,9.0,Computer,3,6.0,Credit Card,Female,2.0,3,Laptop & Accessory,2,Single,5,0,15.0,1.0,1.0,0.0,166.53,Retained,No Complaint
50235,0,9.0,Computer,3,9.0,Credit Card,Male,2.0,4,Fashion,2,Divorced,5,0,11.0,0.0,1.0,12.0,196.99,Retained,No Complaint
50236,0,30.0,Mobile Phone,1,6.0,Credit Card,Male,2.0,3,Laptop & Accessory,3,Divorced,3,0,11.0,1.0,1.0,2.0,167.55,Retained,No Complaint
50237,0,9.0,Phone,1,16.0,Debit Card,Female,2.0,2,Mobile,3,Divorced,4,1,13.0,0.0,1.0,7.0,122.13,Retained,Filed Complaint
50238,0,0.0,Computer,3,14.0,Credit Card,Male,2.0,3,Mobile,2,Single,2,0,24.0,0.0,2.0,2.0,126.1,Retained,No Complaint
50239,1,0.0,Phone,3,11.0,E wallet,Female,3.0,3,Mobile,3,Single,2,1,13.0,1.0,1.0,0.0,128.51,Churned,Filed Complaint
50240,0,10.0,Phone,1,16.0,Credit Card,Female,3.0,3,Mobile,5,Divorced,7,0,20.0,1.0,1.0,3.0,134.52,Retained,No Complaint
50241,0,19.0,Computer,1,13.0,Credit Card,Female,1.0,3,Laptop & Accessory,3,Divorced,3,0,14.0,0.0,1.0,0.0,152.58,Retained,No Complaint
50242,1,4.0,Computer,3,10.0,E wallet,Male,2.0,3,Laptop & Accessory,4,Single,2,0,18.0,7.0,7.0,7.0,193.55,Churned,No Complaint
50243,0,23.0,Mobile Phone,1,16.0,Cash on Delivery,Male,3.0,4,Fashion,2,Single,7,0,15.0,0.0,1.0,3.0,204.96,Retained,No Complaint
50244,1,3.0,Mobile Phone,3,28.0,E wallet,Male,3.0,4,Laptop & Accessory,3,Divorced,3,1,12.0,1.0,1.0,0.0,163.8,Churned,Filed Complaint
50245,0,4.0,Phone,1,14.0,Debit Card,Male,2.0,4,Mobile,4,Single,1,1,16.0,1.0,2.0,2.0,126.57,Retained,Filed Complaint
50246,1,0.0,Phone,3,18.0,Debit Card,Female,3.0,2,Mobile,4,Single,2,0,15.0,0.0,1.0,0.0,127.16,Churned,No Complaint
50247,0,9.0,Phone,1,29.0,Debit Card,Male,2.0,3,Mobile,2,Single,10,0,16.0,1.0,1.0,2.0,122.00999999999999,Retained,No Complaint
50248,0,8.0,Mobile Phone,1,15.0,Debit Card,Male,3.0,4,Laptop & Accessory,4,Single,10,0,19.0,1.0,1.0,0.0,165.4,Retained,No Complaint
50249,0,0.0,Phone,1,6.0,Credit Card,Male,2.0,3,Mobile,4,Married,2,0,11.0,0.0,1.0,4.0,138.16,Retained,No Complaint
50250,0,1.0,Mobile Phone,3,15.0,Debit Card,Male,3.0,3,Laptop & Accessory,2,Single,2,0,16.0,1.0,1.0,7.0,152.53,Retained,No Complaint
50251,0,22.0,Phone,1,13.0,UPI,Male,2.0,4,Fashion,3,Single,9,0,24.0,1.0,1.0,0.0,145.0,Retained,No Complaint
50252,0,24.0,Phone,3,20.0,Debit Card,Female,2.0,3,Laptop & Accessory,2,Divorced,5,0,11.0,0.0,1.0,7.0,149.36,Retained,No Complaint
50253,0,9.0,Phone,1,14.0,Debit Card,Female,3.0,3,Mobile,3,Divorced,5,0,13.0,1.0,2.0,2.0,125.43,Retained,No Complaint
50254,1,0.0,Computer,3,25.0,E wallet,Male,3.0,2,Laptop & Accessory,2,Single,9,1,13.0,1.0,1.0,4.0,153.04,Churned,Filed Complaint
50255,0,28.0,Mobile Phone,1,8.0,Debit Card,Female,3.0,3,Grocery,2,Single,3,1,13.0,1.0,1.0,2.0,266.59,Retained,Filed Complaint
50256,0,0.0,Phone,3,16.0,E wallet,Female,3.0,3,Laptop & Accessory,3,Married,2,1,12.0,0.0,1.0,3.0,142.6,Retained,Filed Complaint
50257,0,3.0,Phone,3,14.0,Cash on Delivery,Male,3.0,3,Mobile,4,Divorced,2,0,18.0,1.0,1.0,0.0,124.75999999999999,Retained,No Complaint
50258,1,0.0,Computer,1,9.0,Cash on Delivery,Male,3.0,3,Mobile,5,Single,1,0,22.0,0.0,1.0,4.0,131.02,Churned,No Complaint
50259,0,9.0,Phone,1,17.0,Credit Card,Female,2.0,3,Mobile,4,Divorced,2,0,13.0,1.0,1.0,2.0,122.44,Retained,No Complaint
50260,0,9.0,Mobile Phone,3,8.0,Credit Card,Male,3.0,4,Fashion,3,Divorced,2,0,13.0,9.0,9.0,0.0,175.96,Retained,No Complaint
50261,1,9.0,Computer,1,10.0,Cash on Delivery,Male,2.0,3,Mobile,2,Single,19,1,23.0,1.0,1.0,0.0,122.85,Churned,Filed Complaint
50262,0,10.0,Phone,1,20.0,Debit Card,Female,3.0,3,Mobile,5,Married,2,0,12.0,3.0,12.0,17.0,130.34,Retained,No Complaint
50263,0,13.0,Mobile Phone,3,8.0,E wallet,Female,2.0,3,Laptop & Accessory,4,Married,8,0,12.0,0.0,1.0,3.0,157.15,Retained,No Complaint
50264,0,15.0,Phone,1,14.0,Debit Card,Female,3.0,3,Mobile,5,Married,4,0,16.0,1.0,1.0,2.0,125.75999999999999,Retained,No Complaint
50265,0,10.0,Phone,1,16.0,Debit Card,Male,2.0,3,Laptop & Accessory,4,Single,3,1,12.0,0.0,1.0,1.0,141.97,Retained,Filed Complaint
50266,0,16.0,Mobile Phone,1,18.0,Debit Card,Male,2.0,4,Grocery,4,Married,2,0,11.0,0.0,2.0,9.0,243.36,Retained,No Complaint
50267,0,13.0,Phone,1,8.0,Credit Card,Female,3.0,4,Laptop & Accessory,3,Divorced,7,0,22.0,1.0,1.0,0.0,134.48,Retained,No Complaint
50268,0,27.0,Mobile Phone,1,11.0,Credit Card,Male,2.0,3,Others,5,Divorced,5,0,15.0,1.0,1.0,2.0,294.06,Retained,No Complaint
50269,0,7.0,Computer,3,10.0,E wallet,Female,3.0,3,Laptop & Accessory,3,Divorced,10,0,15.0,1.0,1.0,2.0,165.38,Retained,No Complaint
50270,0,4.0,Phone,1,13.0,Credit Card,Female,2.0,3,Laptop & Accessory,5,Divorced,2,0,12.0,3.0,3.0,12.0,143.06,Retained,No Complaint
50271,0,9.0,Computer,1,27.0,Credit Card,Male,3.0,3,Mobile,2,Divorced,8,0,20.0,0.0,1.0,2.0,122.58000000000001,Retained,No Complaint
50272,0,16.0,Phone,1,14.0,UPI,Female,3.0,3,Laptop & Accessory,3,Married,5,1,14.0,0.0,1.0,2.0,145.22,Retained,Filed Complaint
50273,0,0.0,Phone,3,10.0,Debit Card,Female,2.0,4,Laptop & Accessory,2,Single,2,1,11.0,0.0,1.0,3.0,144.87,Retained,Filed Complaint
50274,0,10.0,Computer,1,31.0,Credit Card,Female,3.0,3,Laptop & Accessory,3,Divorced,4,1,15.0,3.0,10.0,7.0,144.49,Retained,Filed Complaint
50275,0,9.0,Phone,1,6.0,Debit Card,Male,3.0,4,Mobile,5,Divorced,2,0,12.0,0.0,3.0,2.0,122.18,Retained,No Complaint
50276,0,12.0,Computer,1,6.0,Debit Card,Male,2.0,3,Others,3,Married,2,1,14.0,0.0,1.0,6.0,291.97,Retained,Filed Complaint
50277,0,29.0,Computer,3,12.0,Debit Card,Female,2.0,2,Grocery,5,Divorced,10,0,11.0,2.0,2.0,7.0,232.12,Retained,No Complaint
50278,0,3.0,Mobile Phone,3,18.0,Cash on Delivery,Female,2.0,3,Laptop & Accessory,3,Single,1,0,11.0,3.0,4.0,4.0,165.77,Retained,No Complaint
50279,0,14.0,Mobile Phone,3,6.0,E wallet,Male,2.0,2,Fashion,5,Divorced,2,0,16.0,1.0,1.0,7.0,183.92,Retained,No Complaint
50280,0,1.0,Phone,1,23.0,Credit Card,Male,3.0,3,Laptop & Accessory,5,Married,2,0,12.0,0.0,1.0,8.0,145.58,Retained,No Complaint
50281,1,0.0,Phone,1,9.0,Credit Card,Male,3.0,3,Mobile,5,Divorced,6,0,13.0,1.0,1.0,2.0,140.31,Churned,No Complaint
50282,0,25.0,Mobile Phone,1,9.0,Credit Card,Male,2.0,4,Fashion,3,Divorced,3,1,14.0,0.0,1.0,4.0,179.69,Retained,Filed Complaint
50283,0,18.0,Phone,1,14.0,Debit Card,Male,3.0,3,Mobile,2,Divorced,4,0,21.0,1.0,1.0,2.0,126.53999999999999,Retained,No Complaint
50284,0,25.0,Mobile Phone,1,10.0,Debit Card,Female,1.0,3,Grocery,2,Divorced,3,0,13.0,1.0,1.0,4.0,265.55,Retained,No Complaint
50285,0,15.0,Computer,1,35.0,Debit Card,Female,3.0,3,Laptop & Accessory,3,Married,3,0,11.0,1.0,1.0,2.0,145.56,Retained,No Complaint
50286,0,3.0,Mobile Phone,1,8.0,Debit Card,Female,2.0,5,Laptop & Accessory,2,Single,3,0,20.0,0.0,1.0,2.0,160.91,Retained,No Complaint
50287,0,30.0,Mobile Phone,1,13.0,Debit Card,Female,2.0,3,Others,5,Divorced,6,0,15.0,0.0,11.0,10.0,295.66,Retained,No Complaint
50288,0,19.0,Phone,1,24.0,Credit Card,Female,2.0,3,Laptop & Accessory,3,Married,3,0,14.0,0.0,1.0,8.0,148.1,Retained,No Complaint
50289,0,15.0,Computer,1,34.0,Cash on Delivery,Female,2.0,4,Laptop & Accessory,2,Divorced,1,0,11.0,0.0,1.0,4.0,145.23,Retained,No Complaint
50290,1,0.0,Phone,3,6.0,Cash on Delivery,Female,3.0,3,Mobile,4,Single,2,1,16.0,1.0,1.0,4.0,132.02,Churned,Filed Complaint
50291,1,0.0,Computer,3,14.0,E wallet,Female,2.0,5,Mobile,3,Married,1,0,16.0,1.0,1.0,0.0,123.50999999999999,Churned,No Complaint
50292,0,9.0,Computer,1,8.0,Debit Card,Male,2.0,3,Mobile,2,Divorced,2,1,23.0,1.0,1.0,0.0,117.02000000000001,Retained,Filed Complaint
50293,0,13.0,Mobile Phone,3,8.0,Debit Card,Female,3.0,3,Others,3,Divorced,1,0,14.0,1.0,1.0,12.0,280.41,Retained,No Complaint
50294,0,0.0,Phone,1,29.0,Debit Card,Female,3.0,3,Mobile,2,Married,2,0,22.0,1.0,1.0,2.0,128.86,Retained,No Complaint
50295,0,9.0,Computer,1,9.0,Debit Card,Male,2.0,3,Mobile,2,Divorced,5,0,15.0,0.0,1.0,4.0,120.97,Retained,No Complaint
50296,0,2.0,Mobile Phone,1,9.0,Credit Card,Male,3.0,4,Fashion,3,Divorced,2,0,18.0,1.0,1.0,3.0,219.35000000000002,Retained,No Complaint
50297,1,0.0,Phone,1,14.0,Cash on Delivery,Female,3.0,4,Mobile,4,Divorced,6,0,16.0,0.0,1.0,1.0,125.46000000000001,Churned,No Complaint
50298,1,0.0,Phone,2,14.0,Cash on Delivery,Male,2.0,4,Mobile,2,Single,2,0,12.0,1.0,1.0,0.0,125.63999999999999,Churned,No Complaint
50299,0,3.0,Computer,3,28.0,UPI,Female,3.0,3,Fashion,5,Divorced,1,0,11.0,2.0,7.0,8.0,184.12,Retained,No Complaint
50300,0,30.0,Mobile Phone,3,35.0,E wallet,Male,2.0,4,Grocery,2,Married,4,0,12.0,0.0,2.0,0.0,241.18,Retained,No Complaint
50301,0,23.0,Mobile Phone,1,35.0,Debit Card,Male,2.0,4,Grocery,3,Divorced,1,0,15.0,1.0,15.0,7.0,270.46,Retained,No Complaint
50302,0,3.0,Computer,1,14.0,Credit Card,Female,2.0,3,Mobile,2,Single,1,0,14.0,5.0,6.0,7.0,125.63999999999999,Retained,No Complaint
50303,0,30.0,Computer,3,34.0,E wallet,Female,3.0,4,Fashion,5,Divorced,5,0,19.0,13.0,13.0,11.0,202.66,Retained,No Complaint
50304,0,20.0,Mobile Phone,1,8.0,Credit Card,Female,3.0,3,Laptop & Accessory,2,Married,6,0,13.0,0.0,1.0,4.0,150.7,Retained,No Complaint
50305,0,19.0,Mobile Phone,1,8.0,Debit Card,Male,2.0,3,Grocery,3,Divorced,7,0,13.0,1.0,1.0,1.0,278.61,Retained,No Complaint
50306,0,8.0,Phone,1,28.0,Debit Card,Male,2.0,5,Mobile,3,Single,1,0,15.0,2.0,4.0,3.0,142.3,Retained,No Complaint
50307,0,27.0,Phone,1,14.0,Debit Card,Female,2.0,3,Laptop & Accessory,3,Single,8,0,11.0,1.0,1.0,0.0,137.8,Retained,No Complaint
50308,0,7.0,Phone,1,8.0,Debit Card,Male,3.0,4,Mobile,3,Married,4,0,12.0,5.0,5.0,7.0,127.68,Retained,No Complaint
50309,0,19.0,Mobile Phone,3,16.0,E wallet,Female,3.0,4,Fashion,2,Divorced,3,1,19.0,1.0,1.0,2.0,190.71,Retained,Filed Complaint
50310,0,4.0,Mobile Phone,1,15.0,Debit Card,Male,2.0,3,Fashion,4,Married,2,0,25.0,1.0,1.0,8.0,206.48000000000002,Retained,No Complaint
50311,1,0.0,Mobile Phone,1,21.0,Credit Card,Male,2.0,3,Fashion,3,Divorced,8,1,12.0,0.0,2.0,7.0,236.10000000000002,Churned,Filed Complaint
50312,1,0.0,Phone,1,16.0,Credit Card,Male,2.0,5,Mobile,2,Married,8,0,13.0,0.0,1.0,3.0,134.08,Churned,No Complaint
50313,0,3.0,Phone,3,13.0,E wallet,Male,3.0,3,Mobile,4,Single,1,0,14.0,1.0,1.0,2.0,129.83,Retained,No Complaint
50314,0,8.0,Mobile Phone,1,22.0,Debit Card,Male,3.0,3,Fashion,3,Divorced,5,1,12.0,0.0,1.0,0.0,176.32,Retained,Filed Complaint
50315,1,0.0,Computer,1,26.0,Debit Card,Male,3.0,3,Fashion,3,Divorced,4,0,12.0,1.0,1.0,0.0,198.24,Churned,No Complaint
50316,1,0.0,Computer,2,29.0,UPI,Female,2.0,3,Fashion,5,Married,10,1,15.0,1.0,1.0,2.0,199.5,Churned,Filed Complaint
50317,0,9.0,Computer,1,11.0,UPI,Male,3.0,3,Mobile,3,Divorced,5,0,17.0,2.0,2.0,0.0,120.93,Retained,No Complaint
50318,0,9.0,Computer,3,16.0,Credit Card,Male,2.0,3,Fashion,2,Single,2,0,14.0,1.0,9.0,7.0,199.8,Retained,No Complaint
50319,1,0.0,Computer,1,10.0,Cash on Delivery,Male,2.0,4,Mobile,3,Single,6,0,16.0,1.0,1.0,2.0,138.94,Churned,No Complaint
50320,0,21.0,Phone,3,8.0,E wallet,Female,2.0,3,Laptop & Accessory,2,Divorced,3,0,14.0,4.0,6.0,7.0,140.51,Retained,No Complaint
50321,0,28.0,Mobile Phone,3,24.0,Debit Card,Female,2.0,3,Grocery,4,Single,4,0,23.0,1.0,7.0,7.0,268.35,Retained,No Complaint
50322,0,14.0,Computer,3,16.0,Debit Card,Male,2.0,3,Laptop & Accessory,2,Single,8,0,14.0,0.0,1.0,10.0,162.3,Retained,No Complaint
50323,0,8.0,Phone,3,6.0,E wallet,Male,2.0,3,Laptop & Accessory,3,Divorced,10,0,11.0,3.0,6.0,9.0,147.17,Retained,No Complaint
50324,0,13.0,Mobile Phone,1,12.0,Debit Card,Female,3.0,3,Grocery,3,Single,8,0,15.0,4.0,2.0,13.0,232.37,Retained,No Complaint
50325,0,12.0,Computer,1,14.0,Debit Card,Female,2.0,3,Mobile,3,Divorced,2,0,11.0,0.0,1.0,7.0,137.55,Retained,No Complaint
50326,0,4.0,Mobile Phone,3,8.0,Debit Card,Male,3.0,3,Laptop & Accessory,2,Single,5,1,13.0,1.0,1.0,5.0,165.82,Retained,Filed Complaint
50327,0,15.0,Mobile Phone,1,30.0,Credit Card,Male,2.0,3,Fashion,5,Divorced,2,1,21.0,4.0,5.0,8.0,174.06,Retained,Filed Complaint
50328,0,18.0,Phone,3,8.0,UPI,Male,3.0,3,Laptop & Accessory,4,Divorced,1,0,19.0,3.0,3.0,7.0,148.05,Retained,No Complaint
50329,1,0.0,Computer,2,23.0,Debit Card,Female,3.0,3,Mobile,3,Married,1,1,11.0,0.0,1.0,0.0,127.41,Churned,Filed Complaint
50330,0,2.0,Phone,1,25.0,Cash on Delivery,Male,2.0,3,Laptop & Accessory,2,Married,5,0,12.0,0.0,1.0,2.0,142.62,Retained,No Complaint
50331,0,6.0,Mobile Phone,1,6.0,Credit Card,Female,3.0,2,Grocery,3,Married,5,0,19.0,1.0,1.0,5.0,261.84,Retained,No Complaint
50332,0,0.0,Mobile Phone,3,13.0,Debit Card,Male,2.0,4,Fashion,2,Married,10,0,21.0,1.0,1.0,3.0,215.57,Retained,No Complaint
50333,1,9.0,Computer,3,11.0,E wallet,Male,3.0,3,Mobile,4,Single,2,1,14.0,1.0,1.0,0.0,118.78,Churned,Filed Complaint
50334,0,13.0,Computer,3,34.0,UPI,Male,2.0,5,Fashion,5,Married,4,0,15.0,1.0,1.0,3.0,209.32,Retained,No Complaint
50335,0,14.0,Computer,1,8.0,UPI,Female,3.0,4,Laptop & Accessory,3,Single,3,1,17.0,0.0,1.0,7.0,168.11,Retained,Filed Complaint
50336,0,0.0,Phone,3,35.0,Credit Card,Male,2.0,3,Laptop & Accessory,3,Married,6,0,12.0,1.0,1.0,0.0,143.06,Retained,No Complaint
50337,0,8.0,Phone,3,6.0,Credit Card,Female,3.0,3,Laptop & Accessory,3,Single,2,0,16.0,0.0,1.0,3.0,148.59,Retained,No Complaint
50338,0,7.0,Mobile Phone,3,27.0,Debit Card,Male,3.0,2,Laptop & Accessory,2,Single,2,0,12.0,5.0,5.0,7.0,153.37,Retained,No Complaint
50339,1,0.0,Phone,1,14.0,Cash on Delivery,Male,3.0,5,Mobile,2,Single,2,1,18.0,1.0,1.0,0.0,123.4,Churned,Filed Complaint
50340,0,10.0,Mobile Phone,1,6.0,Cash on Delivery,Female,2.0,3,Fashion,2,Single,5,0,17.0,1.0,1.0,2.0,174.91,Retained,No Complaint
50341,0,19.0,Computer,1,24.0,Credit Card,Female,2.0,3,Fashion,3,Divorced,6,0,11.0,1.0,1.0,2.0,205.27,Retained,No Complaint
50342,0,14.0,Mobile Phone,3,8.0,Debit Card,Female,3.0,3,Grocery,5,Divorced,8,0,16.0,1.0,11.0,8.0,265.95,Retained,No Complaint
50343,0,10.0,Computer,3,15.0,Credit Card,Male,3.0,3,Fashion,4,Married,2,0,13.0,6.0,7.0,7.0,188.34,Retained,No Complaint
50344,0,25.0,Mobile Phone,1,12.0,Cash on Delivery,Male,3.0,3,Laptop & Accessory,5,Married,4,1,12.0,2.0,6.0,9.0,155.77,Retained,Filed Complaint
50345,1,0.0,Computer,3,17.0,UPI,Male,2.0,2,Laptop & Accessory,3,Divorced,9,0,12.0,1.0,1.0,2.0,147.07,Churned,No Complaint
50346,0,0.0,Computer,3,14.0,Credit Card,Male,2.0,3,Mobile,2,Divorced,1,0,13.0,0.0,2.0,1.0,124.0,Retained,No Complaint
50347,0,11.0,Mobile Phone,1,16.0,Credit Card,Female,3.0,3,Laptop & Accessory,3,Divorced,4,0,19.0,1.0,1.0,0.0,198.24,Retained,No Complaint
50348,0,10.0,Mobile Phone,1,6.0,Debit Card,Female,3.0,3,Laptop & Accessory,4,Divorced,7,0,12.0,3.0,4.0,3.0,164.47,Retained,No Complaint
50349,0,22.0,Mobile Phone,1,24.0,Debit Card,Male,2.0,4,Others,3,Married,2,1,15.0,0.0,1.0,9.0,295.02,Retained,Filed Complaint
50350,0,0.0,Phone,1,29.0,Credit Card,Male,3.0,2,Mobile,2,Divorced,2,1,11.0,0.0,1.0,4.0,127.25,Retained,Filed Complaint
50351,0,0.0,Mobile Phone,3,34.0,E wallet,Male,3.0,3,Laptop & Accessory,4,Divorced,2,0,20.0,1.0,1.0,4.0,162.72,Retained,No Complaint
50352,0,9.0,Phone,1,23.0,UPI,Male,3.0,4,Mobile,4,Divorced,2,0,21.0,1.0,1.0,0.0,121.27000000000001,Retained,No Complaint
50353,0,23.0,Computer,2,9.0,Credit Card,Male,2.0,3,Others,4,Divorced,2,0,11.0,1.0,10.0,7.0,282.0,Retained,No Complaint
50354,0,9.0,Phone,3,19.0,Credit Card,Male,2.0,3,Mobile,3,Divorced,2,0,11.0,1.0,1.0,6.0,120.96000000000001,Retained,No Complaint
50355,1,0.0,Computer,1,13.0,Debit Card,Female,3.0,3,Mobile,3,Divorced,2,1,16.0,0.0,1.0,2.0,128.86,Churned,Filed Complaint
50356,1,9.0,Computer,3,18.0,Debit Card,Male,3.0,4,Mobile,5,Divorced,2,0,18.0,1.0,1.0,0.0,120.33000000000001,Churned,No Complaint
50357,0,7.0,Phone,1,6.0,Debit Card,Male,2.0,4,Mobile,2,Divorced,2,1,13.0,0.0,1.0,3.0,136.22,Retained,Filed Complaint
50358,1,0.0,Phone,3,19.0,Credit Card,Male,2.0,3,Laptop & Accessory,5,Married,3,0,17.0,0.0,1.0,2.0,142.33,Churned,No Complaint
50359,0,8.0,Phone,1,31.0,UPI,Male,2.0,4,Laptop & Accessory,2,Single,5,0,14.0,0.0,1.0,2.0,136.81,Retained,No Complaint
50360,0,4.0,Mobile Phone,3,12.0,Credit Card,Male,3.0,2,Laptop & Accessory,2,Married,5,0,22.0,3.0,5.0,7.0,154.6,Retained,No Complaint
50361,0,9.0,Phone,1,12.0,Credit Card,Female,3.0,4,Mobile,3,Married,1,0,12.0,1.0,1.0,3.0,121.87,Retained,No Complaint
50362,0,10.0,Mobile Phone,3,8.0,E wallet,Male,3.0,3,Laptop & Accessory,3,Divorced,5,1,11.0,0.0,1.0,0.0,196.02,Retained,Filed Complaint
50363,0,0.0,Phone,1,6.0,Debit Card,Female,3.0,4,Mobile,4,Single,2,0,13.0,1.0,1.0,0.0,128.36,Retained,No Complaint
50364,0,15.0,Phone,1,8.0,Debit Card,Female,2.0,3,Laptop & Accessory,2,Divorced,2,0,13.0,2.0,2.0,2.0,140.89,Retained,No Complaint
50365,0,16.0,Mobile Phone,1,12.0,UPI,Male,2.0,4,Grocery,2,Married,5,1,14.0,1.0,1.0,0.0,266.27,Retained,Filed Complaint
50366,0,11.0,Phone,1,14.0,Debit Card,Female,2.0,3,Mobile,5,Single,4,0,17.0,1.0,1.0,0.0,126.19,Retained,No Complaint
50367,0,16.0,Computer,1,15.0,Credit Card,Male,3.0,3,Laptop & Accessory,3,Married,4,1,13.0,2.0,4.0,7.0,156.79,Retained,Filed Complaint
50368,0,21.0,Mobile Phone,1,6.0,Debit Card,Female,2.0,4,Grocery,5,Divorced,8,0,11.0,0.0,2.0,2.0,254.01999999999998,Retained,No Complaint
50369,0,17.0,Mobile Phone,2,6.0,Debit Card,Female,2.0,4,Laptop & Accessory,3,Single,5,0,11.0,1.0,1.0,2.0,159.85,Retained,No Complaint
50370,0,7.0,Phone,3,14.0,Cash on Delivery,Female,2.0,3,Mobile,3,Married,2,1,18.0,1.0,1.0,6.0,125.78999999999999,Retained,Filed Complaint
50371,1,0.0,Phone,3,8.0,E wallet,Male,3.0,3,Mobile,5,Married,1,0,11.0,0.0,1.0,2.0,130.41,Churned,No Complaint
50372,0,0.0,Phone,3,28.0,Cash on Delivery,Male,2.0,3,Mobile,3,Single,2,0,11.0,1.0,1.0,2.0,134.47,Retained,No Complaint
50373,0,17.0,Mobile Phone,1,9.0,UPI,Male,2.0,3,Others,2,Divorced,5,1,15.0,1.0,1.0,1.0,295.13,Retained,Filed Complaint
50374,0,0.0,Phone,1,12.0,Credit Card,Male,3.0,3,Mobile,3,Divorced,1,0,20.0,2.0,2.0,2.0,127.72999999999999,Retained,No Complaint
50375,0,6.0,Mobile Phone,3,14.0,E wallet,Male,2.0,3,Laptop & Accessory,3,Married,1,0,12.0,1.0,1.0,2.0,171.04,Retained,No Complaint
50376,0,5.0,Mobile Phone,1,15.0,Debit Card,Female,3.0,3,Laptop & Accessory,2,Divorced,2,1,12.0,1.0,1.0,5.0,163.22,Retained,Filed Complaint
50377,0,9.0,Computer,1,9.0,Credit Card,Female,3.0,3,Mobile,3,Married,2,0,20.0,1.0,1.0,0.0,120.83000000000001,Retained,No Complaint
50378,0,26.0,Mobile Phone,3,6.0,Credit Card,Female,2.0,3,Laptop & Accessory,5,Single,8,0,20.0,6.0,8.0,10.0,183.81,Retained,No Complaint
50379,0,7.0,Phone,1,6.0,Debit Card,Male,3.0,3,Mobile,2,Divorced,2,0,12.0,6.0,8.0,8.0,126.91,Retained,No Complaint
50380,1,8.0,Computer,3,32.0,Debit Card,Female,3.0,3,Laptop & Accessory,5,Divorced,3,0,14.0,0.0,1.0,0.0,142.86,Churned,No Complaint
50381,0,0.0,Phone,1,12.0,Debit Card,Female,3.0,3,Mobile,2,Divorced,2,1,13.0,0.0,1.0,2.0,126.59,Retained,Filed Complaint
50382,0,10.0,Mobile Phone,1,9.0,UPI,Male,2.0,3,Fashion,3,Divorced,2,0,15.0,6.0,7.0,8.0,194.34,Retained,No Complaint
50383,0,2.0,Mobile Phone,3,9.0,Credit Card,Female,3.0,3,Laptop & Accessory,3,Divorced,2,0,14.0,0.0,1.0,2.0,155.61,Retained,No Complaint
50384,0,8.0,Mobile Phone,1,12.0,Debit Card,Male,2.0,5,Laptop & Accessory,2,Single,2,0,13.0,11.0,11.0,8.0,166.46,Retained,No Complaint
50385,0,6.0,Computer,1,12.0,Debit Card,Male,1.0,3,Laptop & Accessory,2,Married,4,0,23.0,4.0,4.0,7.0,177.25,Retained,No Complaint
50386,0,27.0,Mobile Phone,2,25.0,Credit Card,Male,2.0,3,Fashion,4,Divorced,3,0,15.0,3.0,7.0,1.0,207.25,Retained,No Complaint
50387,0,9.0,Mobile Phone,1,15.0,Credit Card,Male,2.0,4,Laptop & Accessory,4,Married,3,1,11.0,1.0,1.0,2.0,188.47,Retained,Filed Complaint
50388,0,9.0,Phone,1,9.0,Credit Card,Male,2.0,4,Mobile,2,Single,1,0,13.0,0.0,1.0,1.0,120.44999999999999,Retained,No Complaint
50389,1,0.0,Mobile Phone,1,16.0,Credit Card,Male,2.0,3,Mobile,3,Single,2,1,11.0,0.0,1.0,1.0,110.09,Churned,Filed Complaint
50390,1,0.0,Computer,1,9.0,Debit Card,Male,3.0,3,Mobile,5,Single,2,1,11.0,9.0,9.0,7.0,133.48,Churned,Filed Complaint
50391,0,9.0,Computer,1,9.0,Debit Card,Male,2.0,4,Mobile,3,Divorced,2,0,18.0,1.0,1.0,0.0,112.81,Retained,No Complaint
50392,0,0.0,Phone,1,10.0,Credit Card,Male,3.0,2,Mobile,5,Divorced,3,0,16.0,0.0,1.0,2.0,128.19,Retained,No Complaint
50393,0,0.0,Phone,3,14.0,Debit Card,Male,2.0,2,Laptop & Accessory,4,Divorced,1,0,22.0,0.0,1.0,2.0,148.51,Retained,No Complaint
50394,0,11.0,Phone,3,13.0,E wallet,Female,2.0,4,Laptop & Accessory,2,Single,1,0,20.0,1.0,1.0,5.0,140.28,Retained,No Complaint
50395,0,2.0,Computer,1,6.0,Debit Card,Male,3.0,5,Mobile,2,Married,2,0,18.0,2.0,2.0,8.0,127.19999999999999,Retained,No Complaint
50396,0,21.0,Mobile Phone,3,8.0,E wallet,Male,2.0,2,Laptop & Accessory,4,Divorced,4,0,12.0,2.0,2.0,2.0,181.2,Retained,No Complaint
50397,0,0.0,Computer,3,9.0,Credit Card,Female,3.0,2,Laptop & Accessory,2,Married,2,1,20.0,1.0,1.0,4.0,146.47,Retained,Filed Complaint
50398,0,10.0,Phone,1,16.0,Debit Card,Male,3.0,2,Mobile,2,Single,4,0,17.0,1.0,1.0,0.0,146.8,Retained,No Complaint
50399,0,23.0,Phone,1,34.0,Credit Card,Male,3.0,2,Mobile,3,Divorced,2,1,11.0,3.0,3.0,8.0,132.21,Retained,Filed Complaint
50400,0,7.0,Mobile Phone,1,15.0,Credit Card,Female,2.0,4,Fashion,4,Single,2,0,14.0,4.0,7.0,7.0,186.21,Retained,No Complaint
50401,1,0.0,Phone,3,9.0,Debit Card,Female,3.0,3,Laptop & Accessory,3,Single,10,0,14.0,1.0,2.0,0.0,145.77,Churned,No Complaint
50402,0,12.0,Phone,1,8.0,Cash on Delivery,Female,3.0,4,Laptop & Accessory,3,Single,2,0,11.0,2.0,11.0,10.0,145.53,Retained,No Complaint
50403,0,5.0,Mobile Phone,3,16.0,E wallet,Male,2.0,3,Laptop & Accessory,2,Single,2,0,12.0,0.0,1.0,8.0,153.96,Retained,No Complaint
50404,1,13.0,Computer,3,14.0,Cash on Delivery,Male,2.0,3,Laptop & Accessory,3,Divorced,4,1,14.0,1.0,1.0,3.0,167.96,Churned,Filed Complaint
50405,0,11.0,Mobile Phone,1,6.0,Debit Card,Female,2.0,2,Laptop & Accessory,2,Single,1,0,13.0,1.0,1.0,8.0,176.25,Retained,No Complaint
50406,0,0.0,Mobile Phone,1,6.0,Debit Card,Female,3.0,3,Fashion,5,Divorced,2,0,11.0,1.0,1.0,7.0,174.12,Retained,No Complaint
50407,0,5.0,Mobile Phone,1,9.0,Debit Card,Female,2.0,3,Fashion,2,Single,4,0,15.0,3.0,7.0,3.0,211.58999999999997,Retained,No Complaint
50408,0,20.0,Mobile Phone,3,20.0,E wallet,Male,2.0,3,Laptop & Accessory,5,Single,3,0,12.0,0.0,1.0,7.0,149.6,Retained,No Complaint
50409,0,13.0,Computer,3,11.0,Debit Card,Male,2.0,4,Fashion,5,Divorced,6,1,21.0,0.0,1.0,12.0,204.75,Retained,Filed Complaint
50410,0,26.0,Mobile Phone,1,13.0,Debit Card,Male,2.0,2,Grocery,3,Divorced,4,0,19.0,0.0,2.0,3.0,248.14,Retained,No Complaint
50411,0,14.0,Mobile Phone,2,16.0,UPI,Male,3.0,4,Others,2,Married,4,0,15.0,1.0,12.0,6.0,291.41,Retained,No Complaint
50412,0,30.0,Mobile Phone,3,22.0,E wallet,Male,2.0,3,Laptop & Accessory,5,Single,9,0,14.0,1.0,2.0,2.0,154.05,Retained,No Complaint
50413,0,0.0,Computer,1,16.0,Debit Card,Male,2.0,3,Fashion,5,Married,2,0,21.0,1.0,1.0,7.0,187.93,Retained,No Complaint
50414,0,14.0,Mobile Phone,2,6.0,UPI,Male,2.0,4,Others,3,Divorced,2,0,12.0,1.0,2.0,10.0,291.89,Retained,No Complaint
50415,0,23.0,Phone,3,14.0,E wallet,Male,2.0,3,Mobile,4,Divorced,8,0,15.0,1.0,2.0,2.0,138.75,Retained,No Complaint
50416,1,9.0,Phone,1,6.0,Debit Card,Female,3.0,5,Mobile,4,Single,8,1,13.0,1.0,3.0,7.0,122.16,Churned,Filed Complaint
50417,0,9.0,Computer,1,14.0,Debit Card,Female,3.0,2,Fashion,5,Divorced,10,0,14.0,0.0,1.0,3.0,217.13,Retained,No Complaint
50418,0,11.0,Mobile Phone,1,6.0,Debit Card,Female,2.0,3,Fashion,3,Single,5,1,14.0,0.0,1.0,0.0,178.61,Retained,Filed Complaint
50419,0,17.0,Computer,1,30.0,Credit Card,Male,2.0,5,Mobile,3,Single,3,0,14.0,0.0,1.0,4.0,137.08,Retained,No Complaint
50420,0,20.0,Computer,3,9.0,Credit Card,Female,2.0,3,Grocery,3,Married,10,1,12.0,7.0,2.0,13.0,237.7,Retained,Filed Complaint
50421,0,3.0,Mobile Phone,3,33.0,E wallet,Male,2.0,3,Laptop & Accessory,2,Married,8,0,23.0,4.0,7.0,7.0,153.04,Retained,No Complaint
50422,0,2.0,Phone,3,14.0,Debit Card,Male,2.0,3,Mobile,3,Single,2,0,11.0,0.0,1.0,0.0,126.41999999999999,Retained,No Complaint
50423,1,5.0,Computer,1,25.0,Credit Card,Male,3.0,2,Mobile,3,Married,7,1,12.0,2.0,2.0,2.0,127.59,Churned,Filed Complaint
50424,0,16.0,Computer,3,21.0,Debit Card,Male,2.0,4,Laptop & Accessory,2,Divorced,4,0,18.0,0.0,2.0,2.0,168.04,Retained,No Complaint
50425,0,7.0,Mobile Phone,1,14.0,Credit Card,Female,3.0,3,Laptop & Accessory,3,Single,4,0,11.0,1.0,4.0,3.0,161.42,Retained,No Complaint
50426,0,0.0,Phone,1,14.0,Credit Card,Male,2.0,3,Mobile,5,Divorced,2,0,14.0,0.0,1.0,2.0,125.0,Retained,No Complaint
50427,0,12.0,Mobile Phone,2,9.0,UPI,Female,2.0,2,Laptop & Accessory,4,Divorced,10,0,15.0,3.0,3.0,6.0,163.89,Retained,No Complaint
50428,0,29.0,Mobile Phone,1,15.0,Credit Card,Male,2.0,3,Grocery,2,Divorced,8,0,11.0,0.0,1.0,3.0,211.02999999999997,Retained,No Complaint
50429,0,13.0,Phone,1,14.0,Credit Card,Female,2.0,4,Mobile,2,Single,1,1,20.0,2.0,2.0,3.0,123.41999999999999,Retained,Filed Complaint
50430,0,0.0,Mobile Phone,1,13.0,Credit Card,Female,2.0,4,Laptop & Accessory,5,Single,9,0,19.0,1.0,1.0,7.0,168.11,Retained,No Complaint
50431,0,9.0,Phone,3,16.0,E wallet,Male,2.0,3,Mobile,4,Married,2,0,14.0,0.0,2.0,2.0,122.97,Retained,No Complaint
50432,0,26.0,Phone,1,14.0,Debit Card,Male,2.0,3,Laptop & Accessory,2,Single,3,0,17.0,1.0,2.0,2.0,124.5,Retained,No Complaint
50433,0,8.0,Computer,1,8.0,Debit Card,Female,3.0,3,Laptop & Accessory,5,Married,3,0,11.0,0.0,1.0,0.0,150.93,Retained,No Complaint
50434,0,5.0,Computer,1,30.0,Debit Card,Male,3.0,3,Laptop & Accessory,2,Divorced,2,0,15.0,2.0,4.0,7.0,153.09,Retained,No Complaint
50435,0,11.0,Phone,1,8.0,Credit Card,Male,3.0,3,Mobile,3,Divorced,7,1,13.0,0.0,1.0,1.0,130.57,Retained,Filed Complaint
50436,0,7.0,Mobile Phone,1,14.0,Debit Card,Female,2.0,3,Laptop & Accessory,5,Married,4,0,14.0,1.0,1.0,0.0,151.21,Retained,No Complaint
50437,0,25.0,Mobile Phone,3,9.0,E wallet,Male,2.0,4,Grocery,5,Divorced,2,0,11.0,1.0,1.0,16.0,268.56,Retained,No Complaint
50438,1,0.0,Phone,1,6.0,UPI,Male,3.0,3,Mobile,2,Single,2,1,13.0,5.0,7.0,8.0,126.86000000000001,Churned,Filed Complaint
50439,0,0.0,Mobile Phone,3,32.0,Credit Card,Female,2.0,3,Laptop & Accessory,2,Single,2,0,23.0,0.0,1.0,4.0,161.8,Retained,No Complaint
50440,0,18.0,Mobile Phone,3,8.0,Cash on Delivery,Male,2.0,5,Laptop & Accessory,3,Single,1,0,13.0,0.0,3.0,1.0,166.32,Retained,No Complaint
50441,0,0.0,Phone,1,16.0,Credit Card,Male,3.0,2,Mobile,3,Single,2,0,18.0,1.0,1.0,2.0,135.05,Retained,No Complaint
50442,1,10.0,Computer,3,33.0,Debit Card,Female,3.0,1,Laptop & Accessory,3,Single,5,1,12.0,1.0,1.0,3.0,163.97,Churned,Filed Complaint
50443,0,7.0,Mobile Phone,3,8.0,UPI,Male,2.0,3,Laptop & Accessory,2,Single,2,0,22.0,0.0,1.0,4.0,162.74,Retained,No Complaint
50444,1,18.0,Mobile Phone,1,8.0,Credit Card,Male,3.0,3,Others,5,Divorced,6,1,15.0,1.0,1.0,4.0,298.59,Churned,Filed Complaint
50445,0,9.0,Computer,3,14.0,Debit Card,Male,3.0,4,Fashion,5,Single,2,0,15.0,0.0,1.0,9.0,175.87,Retained,No Complaint
50446,0,25.0,Computer,1,25.0,Credit Card,Male,2.0,3,Mobile,2,Divorced,1,0,18.0,1.0,1.0,2.0,142.58,Retained,No Complaint
50447,0,0.0,Computer,1,6.0,Debit Card,Female,3.0,5,Mobile,2,Married,4,0,14.0,2.0,2.0,0.0,143.64,Retained,No Complaint
50448,0,2.0,Phone,1,33.0,Credit Card,Female,3.0,3,Laptop & Accessory,3,Divorced,5,0,12.0,1.0,1.0,1.0,143.35,Retained,No Complaint
50449,1,0.0,Mobile Phone,3,14.0,Cash on Delivery,Male,2.0,4,Laptop & Accessory,5,Single,7,0,17.0,1.0,1.0,2.0,153.26,Churned,No Complaint
50450,0,7.0,Phone,1,6.0,Debit Card,Female,3.0,1,Mobile,2,Single,3,0,16.0,0.0,1.0,3.0,132.8,Retained,No Complaint
50451,0,27.0,Mobile Phone,1,25.0,Credit Card,Female,3.0,3,Laptop & Accessory,5,Married,10,1,11.0,0.0,1.0,4.0,154.85,Retained,Filed Complaint
50452,0,2.0,Computer,3,5.0,E wallet,Male,2.0,3,Laptop & Accessory,2,Divorced,1,0,19.0,0.0,1.0,1.0,143.42,Retained,No Complaint
50453,0,10.0,Phone,1,16.0,Debit Card,Female,3.0,3,Mobile,5,Married,1,1,13.0,3.0,4.0,3.0,127.82,Retained,Filed Complaint
50454,0,11.0,Computer,1,8.0,Debit Card,Female,3.0,1,Laptop & Accessory,5,Single,7,1,12.0,4.0,4.0,12.0,159.8,Retained,Filed Complaint
50455,0,7.0,Phone,1,8.0,Credit Card,Female,2.0,4,Mobile,5,Single,2,0,11.0,1.0,1.0,3.0,143.81,Retained,No Complaint
50456,0,8.0,Phone,3,14.0,Debit Card,Female,3.0,3,Mobile,2,Divorced,2,0,16.0,0.0,1.0,2.0,125.72,Retained,No Complaint
50457,0,3.0,Phone,1,6.0,Debit Card,Male,2.0,5,Mobile,3,Divorced,4,0,21.0,1.0,1.0,2.0,138.33,Retained,No Complaint
50458,0,13.0,Computer,1,8.0,Credit Card,Female,2.0,1,Laptop & Accessory,4,Divorced,2,0,24.0,0.0,3.0,7.0,142.44,Retained,No Complaint
50459,0,7.0,Mobile Phone,3,14.0,Debit Card,Female,3.0,3,Laptop & Accessory,5,Divorced,6,0,17.0,1.0,1.0,2.0,165.0,Retained,No Complaint
50460,0,15.0,Computer,1,14.0,Debit Card,Male,3.0,3,Others,2,Married,2,0,13.0,1.0,14.0,9.0,284.3,Retained,No Complaint
50461,1,9.0,Mobile Phone,1,12.0,Debit Card,Male,3.0,1,Mobile,5,Divorced,2,1,21.0,1.0,1.0,0.0,116.00999999999999,Churned,Filed Complaint
50462,0,0.0,Computer,1,15.0,Debit Card,Male,3.0,4,Mobile,4,Married,2,0,11.0,1.0,1.0,0.0,126.94,Retained,No Complaint
50463,0,25.0,Phone,1,17.0,Debit Card,Female,3.0,3,Laptop & Accessory,3,Divorced,9,0,20.0,1.0,1.0,4.0,131.49,Retained,No Complaint
50464,0,23.0,Mobile Phone,1,8.0,Credit Card,Male,3.0,3,Grocery,3,Divorced,6,0,16.0,1.0,1.0,3.0,276.39,Retained,No Complaint
50465,1,0.0,Phone,1,14.0,Debit Card,Female,2.0,4,Mobile,5,Divorced,2,1,11.0,0.0,1.0,0.0,123.19,Churned,Filed Complaint
50466,0,6.0,Mobile Phone,1,13.0,Credit Card,Male,2.0,3,Fashion,3,Divorced,1,0,11.0,0.0,3.0,3.0,216.91000000000003,Retained,No Complaint
50467,1,0.0,Mobile Phone,3,22.0,E wallet,Female,3.0,3,Laptop & Accessory,5,Single,6,0,15.0,1.0,1.0,2.0,153.24,Churned,No Complaint
50468,0,20.0,Mobile Phone,1,8.0,UPI,Female,2.0,3,Grocery,2,Divorced,2,1,11.0,1.0,3.0,0.0,267.52,Retained,Filed Complaint
50469,0,9.0,Mobile Phone,1,6.0,UPI,Female,2.0,3,Laptop & Accessory,4,Divorced,1,0,15.0,0.0,1.0,5.0,152.28,Retained,No Complaint
50470,0,2.0,Phone,1,29.0,Debit Card,Male,3.0,1,Mobile,3,Divorced,2,0,24.0,1.0,1.0,7.0,127.0,Retained,No Complaint
50471,1,20.0,Mobile Phone,1,8.0,Debit Card,Male,2.0,3,Others,4,Single,8,1,15.0,5.0,13.0,8.0,292.46,Churned,Filed Complaint
50472,0,8.0,Phone,1,14.0,Debit Card,Female,2.0,1,Mobile,3,Single,4,0,13.0,0.0,2.0,2.0,125.06,Retained,No Complaint
50473,0,15.0,Mobile Phone,1,6.0,Debit Card,Female,2.0,4,Laptop & Accessory,2,Divorced,10,1,13.0,0.0,1.0,2.0,160.62,Retained,Filed Complaint
50474,1,0.0,Phone,1,8.0,Credit Card,Male,2.0,3,Mobile,3,Single,7,0,17.0,0.0,2.0,1.0,143.82,Churned,No Complaint
50475,0,9.0,Phone,2,19.0,UPI,Male,2.0,3,Mobile,4,Divorced,4,0,13.0,1.0,1.0,4.0,121.43,Retained,No Complaint
50476,0,5.0,Mobile Phone,1,10.0,Debit Card,Female,3.0,4,Laptop & Accessory,3,Divorced,2,0,12.0,1.0,6.0,8.0,161.62,Retained,No Complaint
50477,0,13.0,Computer,1,22.0,Credit Card,Male,2.0,4,Laptop & Accessory,3,Single,7,0,14.0,1.0,1.0,0.0,150.94,Retained,No Complaint
50478,0,3.0,Mobile Phone,1,8.0,Credit Card,Female,2.0,4,Laptop & Accessory,2,Single,6,1,24.0,1.0,1.0,0.0,168.77,Retained,Filed Complaint
50479,0,9.0,Phone,1,8.0,Debit Card,Female,3.0,4,Mobile,3,Single,2,0,14.0,1.0,1.0,0.0,122.74000000000001,Retained,No Complaint
50480,0,15.0,Phone,1,35.0,Debit Card,Male,3.0,3,Laptop & Accessory,4,Divorced,2,0,13.0,2.0,7.0,8.0,144.34,Retained,No Complaint
50481,0,11.0,Computer,1,18.0,Debit Card,Male,2.0,4,Laptop & Accessory,5,Married,3,0,15.0,1.0,1.0,2.0,162.88,Retained,No Complaint
50482,0,7.0,Computer,1,14.0,Debit Card,Female,3.0,4,Mobile,2,Single,2,0,16.0,1.0,1.0,3.0,125.53,Retained,No Complaint
50483,1,12.0,Mobile Phone,3,17.0,E wallet,Female,2.0,3,Fashion,2,Divorced,2,0,18.0,0.0,7.0,7.0,176.54,Churned,No Complaint
50484,1,18.0,Mobile Phone,3,8.0,Credit Card,Male,2.0,3,Laptop & Accessory,2,Single,5,0,16.0,0.0,7.0,3.0,151.6,Churned,No Complaint
50485,0,16.0,Mobile Phone,1,20.0,Debit Card,Male,3.0,3,Grocery,5,Divorced,7,0,24.0,1.0,1.0,0.0,271.59,Retained,No Complaint
50486,0,0.0,Mobile Phone,1,11.0,Cash on Delivery,Male,2.0,4,Fashion,2,Married,2,1,16.0,0.0,1.0,3.0,228.07999999999998,Retained,Filed Complaint
50487,0,8.0,Mobile Phone,1,13.0,UPI,Male,2.0,3,Fashion,3,Single,4,0,21.0,0.0,1.0,6.0,202.21,Retained,No Complaint
50488,0,1.0,Phone,3,8.0,E wallet,Female,2.0,3,Laptop & Accessory,4,Divorced,2,1,20.0,7.0,7.0,5.0,147.79,Retained,Filed Complaint
50489,0,7.0,Phone,2,9.0,UPI,Male,2.0,3,Mobile,2,Divorced,1,0,19.0,1.0,1.0,2.0,137.37,Retained,No Complaint
50490,1,0.0,Computer,1,14.0,Credit Card,Female,2.0,4,Mobile,3,Divorced,2,1,14.0,0.0,1.0,7.0,123.66,Churned,Filed Complaint
50491,0,9.0,Computer,1,9.0,Credit Card,Male,2.0,3,Mobile,2,Divorced,2,0,11.0,1.0,1.0,0.0,117.06,Retained,No Complaint
50492,0,24.0,Mobile Phone,3,32.0,E wallet,Female,3.0,3,Grocery,3,Divorced,3,0,14.0,1.0,4.0,17.0,263.07,Retained,No Complaint
50493,0,17.0,Mobile Phone,1,10.0,Credit Card,Male,2.0,3,Laptop & Accessory,4,Single,10,0,12.0,1.0,2.0,3.0,159.33,Retained,No Complaint
50494,0,0.0,Phone,1,8.0,Credit Card,Male,3.0,1,Mobile,5,Single,8,0,13.0,1.0,1.0,1.0,134.24,Retained,No Complaint
50495,0,6.0,Phone,3,6.0,Credit Card,Male,2.0,1,Laptop & Accessory,5,Married,2,0,22.0,0.0,1.0,8.0,140.37,Retained,No Complaint
50496,0,8.0,Phone,1,14.0,Credit Card,Female,2.0,4,Mobile,5,Single,2,0,11.0,1.0,1.0,1.0,125.59,Retained,No Complaint
50497,0,9.0,Mobile Phone,3,6.0,Debit Card,Male,2.0,3,Laptop & Accessory,2,Divorced,2,1,14.0,2.0,4.0,11.0,162.01,Retained,Filed Complaint
50498,0,5.0,Phone,3,19.0,Debit Card,Male,3.0,3,Laptop & Accessory,2,Married,3,0,11.0,0.0,1.0,3.0,144.03,Retained,No Complaint
50499,0,3.0,Computer,1,11.0,Debit Card,Male,3.0,4,Mobile,2,Married,10,0,12.0,0.0,1.0,3.0,137.61,Retained,No Complaint
50500,0,26.0,Mobile Phone,3,13.0,E wallet,Female,3.0,4,Fashion,2,Divorced,8,1,18.0,0.0,1.0,3.0,209.33999999999997,Retained,Filed Complaint
50501,0,18.0,Mobile Phone,3,15.0,E wallet,Male,3.0,3,Fashion,5,Married,5,1,12.0,1.0,1.0,2.0,207.61,Retained,Filed Complaint
50502,0,5.0,Mobile Phone,1,14.0,Credit Card,Female,3.0,1,Laptop & Accessory,3,Divorced,6,0,12.0,1.0,1.0,3.0,151.75,Retained,No Complaint
50503,0,25.0,Computer,1,31.0,Credit Card,Female,2.0,4,Grocery,2,Divorced,4,0,22.0,0.0,2.0,0.0,238.26,Retained,No Complaint
50504,0,10.0,Mobile Phone,3,22.0,E wallet,Male,3.0,4,Laptop & Accessory,3,Married,5,0,19.0,1.0,1.0,0.0,163.34,Retained,No Complaint
50505,0,1.0,Phone,2,14.0,Credit Card,Male,3.0,4,Mobile,2,Married,2,0,13.0,0.0,1.0,4.0,149.36,Retained,No Complaint
50506,0,0.0,Phone,1,6.0,Debit Card,Male,2.0,4,Laptop & Accessory,2,Divorced,7,0,22.0,2.0,2.0,2.0,147.75,Retained,No Complaint
50507,0,17.0,Phone,1,14.0,Debit Card,Male,3.0,1,Mobile,2,Divorced,3,1,24.0,1.0,1.0,2.0,128.18,Retained,Filed Complaint
50508,0,15.0,Computer,1,14.0,Credit Card,Male,2.0,3,Mobile,2,Single,6,1,14.0,0.0,2.0,2.0,125.15,Retained,Filed Complaint
50509,0,9.0,Phone,2,14.0,Debit Card,Male,3.0,4,Mobile,5,Divorced,1,0,21.0,1.0,1.0,3.0,123.41999999999999,Retained,No Complaint
50510,0,0.0,Phone,3,9.0,UPI,Male,3.0,3,Laptop & Accessory,5,Divorced,2,1,18.0,1.0,1.0,3.0,141.94,Retained,Filed Complaint
50511,0,8.0,Mobile Phone,1,15.0,Debit Card,Female,3.0,4,Fashion,3,Divorced,2,1,20.0,2.0,5.0,15.0,206.85000000000002,Retained,Filed Complaint
50512,1,9.0,Computer,1,31.0,Debit Card,Female,3.0,3,Mobile,4,Married,2,1,19.0,0.0,7.0,8.0,120.22,Churned,Filed Complaint
50513,0,5.0,Computer,1,6.0,Debit Card,Male,3.0,3,Mobile,2,Married,1,0,12.0,0.0,1.0,2.0,123.13999999999999,Retained,No Complaint
50514,0,0.0,Phone,3,10.0,E wallet,Male,2.0,4,Laptop & Accessory,5,Divorced,2,0,12.0,1.0,1.0,3.0,142.56,Retained,No Complaint
50515,0,22.0,Phone,1,6.0,Cash on Delivery,Female,2.0,3,Mobile,5,Divorced,3,0,16.0,1.0,1.0,2.0,135.8,Retained,No Complaint
50516,0,0.0,Computer,1,10.0,Debit Card,Male,3.0,4,Mobile,2,Divorced,1,0,17.0,0.0,3.0,4.0,131.62,Retained,No Complaint
50517,0,5.0,Computer,3,11.0,Debit Card,Male,2.0,3,Laptop & Accessory,4,Divorced,2,0,14.0,2.0,5.0,3.0,165.24,Retained,No Complaint
50518,0,11.0,Phone,3,15.0,E wallet,Male,3.0,4,Mobile,4,Divorced,1,0,19.0,0.0,1.0,2.0,128.99,Retained,No Complaint
50519,0,15.0,Mobile Phone,1,9.0,Debit Card,Female,3.0,1,Laptop & Accessory,2,Divorced,3,1,13.0,0.0,1.0,3.0,152.31,Retained,Filed Complaint
50520,0,4.0,Phone,1,14.0,Debit Card,Male,2.0,3,Mobile,2,Divorced,4,1,19.0,1.0,1.0,2.0,123.56,Retained,Filed Complaint
50521,1,0.0,Phone,3,6.0,Credit Card,Female,3.0,4,Mobile,3,Married,7,1,19.0,0.0,1.0,2.0,128.0,Churned,Filed Complaint
50522,0,26.0,Mobile Phone,3,14.0,E wallet,Male,3.0,3,Grocery,2,Divorced,6,0,14.0,0.0,2.0,3.0,218.36,Retained,No Complaint
50523,0,8.0,Mobile Phone,1,31.0,Cash on Delivery,Male,3.0,4,Fashion,4,Divorced,4,0,16.0,3.0,4.0,8.0,209.02999999999997,Retained,No Complaint
50524,0,10.0,Computer,3,27.0,Credit Card,Female,3.0,3,Mobile,2,Divorced,6,0,15.0,1.0,1.0,0.0,129.73,Retained,No Complaint
50525,0,26.0,Mobile Phone,1,29.0,Debit Card,Female,3.0,3,Grocery,2,Single,7,0,18.0,2.0,2.0,8.0,242.75,Retained,No Complaint
50526,0,16.0,Computer,1,6.0,Debit Card,Female,2.0,3,Laptop & Accessory,2,Divorced,5,0,13.0,1.0,2.0,2.0,155.62,Retained,No Complaint
50527,0,20.0,Phone,3,8.0,E wallet,Female,2.0,3,Laptop & Accessory,2,Divorced,1,1,22.0,5.0,7.0,7.0,145.37,Retained,Filed Complaint
50528,0,10.0,Computer,3,25.0,Credit Card,Male,2.0,3,Fashion,4,Single,2,1,13.0,0.0,1.0,9.0,176.42,Retained,Filed Complaint
50529,0,23.0,Computer,1,8.0,Debit Card,Male,3.0,3,Grocery,5,Married,2,0,11.0,1.0,14.0,7.0,279.24,Retained,No Complaint
50530,0,12.0,Mobile Phone,2,8.0,Debit Card,Female,2.0,4,Laptop & Accessory,2,Divorced,9,0,11.0,0.0,1.0,4.0,152.04,Retained,No Complaint
50531,0,9.0,Phone,2,9.0,UPI,Male,2.0,3,Mobile,4,Married,4,1,11.0,0.0,1.0,3.0,122.77000000000001,Retained,Filed Complaint
50532,1,0.0,Phone,1,31.0,Debit Card,Male,3.0,3,Mobile,2,Single,2,1,24.0,1.0,1.0,1.0,127.94999999999999,Churned,Filed Complaint
50533,0,2.0,Phone,1,14.0,Credit Card,Female,3.0,4,Mobile,2,Married,7,0,14.0,1.0,1.0,3.0,125.32,Retained,No Complaint
50534,0,17.0,Phone,1,14.0,Debit Card,Male,3.0,3,Mobile,5,Divorced,2,1,13.0,2.0,7.0,1.0,125.59,Retained,Filed Complaint
50535,0,1.0,Phone,3,11.0,Credit Card,Male,3.0,3,Laptop & Accessory,2,Single,2,0,14.0,1.0,1.0,2.0,149.08,Retained,No Complaint
50536,1,20.0,Computer,1,14.0,Debit Card,Male,2.0,4,Mobile,2,Married,10,1,14.0,0.0,1.0,0.0,123.80000000000001,Churned,Filed Complaint
50537,0,16.0,Phone,1,14.0,Debit Card,Female,2.0,3,Laptop & Accessory,4,Married,5,0,21.0,1.0,1.0,0.0,147.65,Retained,No Complaint
50538,1,9.0,Phone,3,8.0,Credit Card,Female,2.0,4,Mobile,3,Single,2,0,13.0,0.0,1.0,2.0,120.44,Churned,No Complaint
50539,1,0.0,Phone,1,24.0,UPI,Female,3.0,3,Mobile,2,Single,2,0,19.0,1.0,1.0,0.0,126.93,Churned,No Complaint
50540,0,9.0,Mobile Phone,1,20.0,Debit Card,Male,3.0,3,Laptop & Accessory,2,Divorced,1,1,17.0,4.0,4.0,11.0,165.86,Retained,Filed Complaint
50541,0,20.0,Phone,3,8.0,Debit Card,Female,3.0,4,Mobile,2,Single,2,1,18.0,1.0,1.0,2.0,132.94,Retained,Filed Complaint
50542,1,0.0,Phone,1,9.0,Debit Card,Female,2.0,3,Laptop & Accessory,3,Divorced,1,1,19.0,1.0,1.0,2.0,141.71,Churned,Filed Complaint
50543,1,4.0,Phone,1,8.0,Debit Card,Female,3.0,5,Mobile,2,Married,5,1,13.0,0.0,1.0,0.0,127.78,Churned,Filed Complaint
50544,0,1.0,Phone,1,14.0,Credit Card,Female,3.0,3,Mobile,3,Married,6,0,18.0,2.0,2.0,2.0,123.77000000000001,Retained,No Complaint
50545,1,2.0,Phone,1,14.0,Credit Card,Male,3.0,3,Mobile,5,Divorced,8,1,21.0,1.0,2.0,2.0,124.03999999999999,Churned,Filed Complaint
50546,0,0.0,Phone,1,14.0,Debit Card,Female,3.0,3,Mobile,3,Single,2,0,19.0,1.0,1.0,0.0,123.18,Retained,No Complaint
50547,0,9.0,Mobile Phone,1,16.0,Debit Card,Male,2.0,3,Mobile,4,Married,2,0,14.0,1.0,1.0,0.0,120.08000000000001,Retained,No Complaint
50548,0,15.0,Mobile Phone,3,20.0,Credit Card,Female,3.0,4,Laptop & Accessory,3,Single,8,0,17.0,0.0,1.0,3.0,162.44,Retained,No Complaint
50549,0,6.0,Phone,1,6.0,UPI,Male,3.0,4,Mobile,5,Single,4,1,11.0,0.0,1.0,2.0,127.99000000000001,Retained,Filed Complaint
50550,0,30.0,Mobile Phone,1,11.0,Cash on Delivery,Female,2.0,4,Fashion,4,Married,3,1,13.0,1.0,1.0,4.0,205.52,Retained,Filed Complaint
50551,0,4.0,Phone,3,14.0,Debit Card,Male,2.0,4,Mobile,3,Divorced,4,0,15.0,3.0,5.0,2.0,123.28999999999999,Retained,No Complaint
50552,0,8.0,Phone,1,27.0,Debit Card,Female,2.0,3,Laptop & Accessory,2,Divorced,2,1,25.0,0.0,1.0,7.0,140.14,Retained,Filed Complaint
50553,0,22.0,Mobile Phone,1,14.0,UPI,Female,2.0,3,Fashion,4,Divorced,5,0,11.0,0.0,1.0,7.0,174.03,Retained,No Complaint
50554,0,9.0,Phone,1,26.0,Credit Card,Male,2.0,3,Mobile,3,Divorced,5,0,17.0,0.0,1.0,0.0,122.59,Retained,No Complaint
50555,0,4.0,Computer,3,26.0,E wallet,Female,2.0,3,Laptop & Accessory,3,Divorced,2,0,13.0,1.0,1.0,0.0,169.32,Retained,No Complaint
50556,0,9.0,Phone,1,13.0,UPI,Male,3.0,3,Mobile,2,Single,3,0,18.0,0.0,1.0,1.0,146.78,Retained,No Complaint
50557,0,11.0,Mobile Phone,1,6.0,Cash on Delivery,Female,3.0,3,Fashion,5,Divorced,2,0,13.0,3.0,2.0,11.0,235.82,Retained,No Complaint
50558,0,5.0,Computer,1,14.0,Debit Card,Female,3.0,4,Mobile,4,Divorced,7,0,20.0,1.0,1.0,2.0,123.32,Retained,No Complaint
50559,1,0.0,Phone,3,14.0,E wallet,Male,2.0,4,Mobile,4,Divorced,2,1,18.0,0.0,1.0,0.0,124.13,Churned,Filed Complaint
50560,0,13.0,Mobile Phone,3,16.0,E wallet,Male,3.0,4,Fashion,4,Married,3,0,12.0,1.0,1.0,0.0,197.05,Retained,No Complaint
50561,0,0.0,Computer,3,6.0,Credit Card,Male,2.0,4,Laptop & Accessory,5,Single,2,0,12.0,1.0,1.0,7.0,142.94,Retained,No Complaint
50562,0,14.0,Phone,1,12.0,Credit Card,Male,2.0,3,Mobile,5,Single,3,1,13.0,1.0,2.0,17.0,147.21,Retained,Filed Complaint
50563,0,9.0,Phone,1,14.0,Credit Card,Male,3.0,3,Mobile,3,Single,5,0,21.0,2.0,3.0,9.0,125.19,Retained,No Complaint
50564,1,9.0,Phone,3,27.0,UPI,Male,2.0,4,Mobile,4,Single,2,1,13.0,0.0,1.0,0.0,121.21000000000001,Churned,Filed Complaint
50565,1,0.0,Phone,1,10.0,Cash on Delivery,Male,3.0,3,Mobile,5,Single,2,0,19.0,1.0,1.0,0.0,129.73,Churned,No Complaint
50566,0,4.0,Mobile Phone,1,18.0,Credit Card,Female,2.0,3,Laptop & Accessory,2,Divorced,1,1,11.0,0.0,8.0,5.0,158.55,Retained,Filed Complaint
50567,0,13.0,Computer,1,15.0,Credit Card,Male,2.0,3,Mobile,4,Married,9,1,14.0,0.0,1.0,0.0,136.17,Retained,Filed Complaint
50568,0,5.0,Mobile Phone,1,9.0,Credit Card,Female,3.0,3,Laptop & Accessory,5,Divorced,2,0,12.0,6.0,6.0,3.0,167.25,Retained,No Complaint
50569,1,0.0,Mobile Phone,3,9.0,Debit Card,Male,2.0,4,Fashion,2,Divorced,2,1,11.0,3.0,3.0,7.0,203.25,Churned,Filed Complaint
50570,0,6.0,Mobile Phone,1,6.0,Debit Card,Female,2.0,4,Laptop & Accessory,2,Single,1,0,14.0,0.0,1.0,4.0,169.49,Retained,No Complaint
50571,1,0.0,Mobile Phone,3,6.0,Debit Card,Male,2.0,4,Fashion,3,Divorced,6,0,11.0,1.0,11.0,7.0,206.08999999999997,Churned,No Complaint
50572,0,18.0,Computer,1,10.0,Debit Card,Male,2.0,3,Laptop & Accessory,4,Divorced,2,0,12.0,1.0,1.0,8.0,144.47,Retained,No Complaint
50573,0,9.0,Computer,3,26.0,Cash on Delivery,Female,2.0,3,Mobile,2,Divorced,2,0,15.0,0.0,1.0,2.0,121.57,Retained,No Complaint
50574,0,8.0,Phone,3,24.0,Credit Card,Female,2.0,3,Laptop & Accessory,3,Divorced,2,0,16.0,1.0,1.0,0.0,146.01,Retained,No Complaint
50575,0,25.0,Mobile Phone,1,6.0,Debit Card,Male,3.0,3,Grocery,2,Divorced,3,0,15.0,1.0,7.0,8.0,270.99,Retained,No Complaint
50576,1,20.0,Phone,1,14.0,Cash on Delivery,Male,2.0,3,Mobile,3,Single,5,0,24.0,1.0,1.0,0.0,124.78999999999999,Churned,No Complaint
50577,0,26.0,Mobile Phone,3,8.0,Credit Card,Male,2.0,3,Grocery,3,Married,7,0,13.0,2.0,2.0,2.0,248.51999999999998,Retained,No Complaint
50578,0,3.0,Mobile Phone,3,14.0,UPI,Male,3.0,3,Fashion,3,Married,6,0,11.0,4.0,7.0,7.0,172.64,Retained,No Complaint
50579,0,11.0,Computer,3,16.0,Cash on Delivery,Female,2.0,3,Laptop & Accessory,2,Single,2,1,13.0,0.0,1.0,3.0,156.66,Retained,Filed Complaint
50580,0,8.0,Mobile Phone,3,9.0,Debit Card,Male,3.0,3,Fashion,2,Married,7,0,13.0,0.0,1.0,8.0,178.23,Retained,No Complaint
50581,0,12.0,Mobile Phone,3,8.0,Debit Card,Male,2.0,1,Fashion,3,Single,1,0,18.0,1.0,1.0,7.0,178.8,Retained,No Complaint
50582,1,3.0,Computer,3,30.0,Debit Card,Female,3.0,1,Grocery,4,Single,5,1,16.0,1.0,2.0,0.0,231.94,Churned,Filed Complaint
50583,0,20.0,Computer,1,22.0,Credit Card,Male,3.0,1,Laptop & Accessory,3,Married,2,1,19.0,0.0,2.0,7.0,150.67,Retained,Filed Complaint
50584,0,9.0,Computer,3,14.0,Cash on Delivery,Male,2.0,3,Laptop & Accessory,2,Married,5,0,13.0,1.0,1.0,7.0,150.79,Retained,No Complaint
50585,1,0.0,Computer,1,14.0,Credit Card,Male,2.0,4,Mobile,5,Single,1,1,22.0,1.0,1.0,2.0,123.21000000000001,Churned,Filed Complaint
50586,0,6.0,Computer,3,23.0,Debit Card,Male,2.0,3,Grocery,3,Single,2,0,11.0,1.0,6.0,0.0,274.44,Retained,No Complaint
50587,1,0.0,Phone,1,14.0,Debit Card,Female,3.0,4,Mobile,5,Single,7,1,20.0,1.0,1.0,0.0,124.03999999999999,Churned,Filed Complaint
50588,0,6.0,Phone,1,19.0,Debit Card,Female,2.0,3,Mobile,2,Single,4,0,18.0,1.0,1.0,2.0,134.52,Retained,No Complaint
50589,0,9.0,Phone,1,6.0,Credit Card,Female,3.0,3,Mobile,2,Married,4,0,14.0,0.0,1.0,2.0,122.69999999999999,Retained,No Complaint
50590,0,23.0,Mobile Phone,1,6.0,Credit Card,Male,3.0,3,Grocery,2,Married,10,0,22.0,1.0,1.0,3.0,273.99,Retained,No Complaint
50591,0,6.0,Computer,1,6.0,UPI,Female,2.0,1,Laptop & Accessory,4,Divorced,2,1,13.0,0.0,1.0,2.0,154.88,Retained,Filed Complaint
50592,0,14.0,Computer,1,15.0,Credit Card,Male,3.0,3,Others,3,Married,3,0,15.0,1.0,1.0,11.0,294.19,Retained,No Complaint
50593,0,0.0,Phone,1,22.0,Cash on Delivery,Female,3.0,3,Mobile,4,Divorced,10,0,14.0,2.0,2.0,2.0,128.11,Retained,No Complaint
50594,0,18.0,Computer,1,29.0,Debit Card,Male,2.0,3,Laptop & Accessory,5,Divorced,2,1,15.0,1.0,1.0,8.0,136.33,Retained,Filed Complaint
50595,0,20.0,Phone,3,10.0,Debit Card,Female,2.0,3,Laptop & Accessory,2,Single,2,1,17.0,1.0,1.0,7.0,141.63,Retained,Filed Complaint
50596,1,9.0,Phone,1,28.0,Debit Card,Female,2.0,3,Mobile,3,Divorced,5,1,11.0,0.0,1.0,1.0,121.32,Churned,Filed Complaint
50597,0,23.0,Mobile Phone,1,30.0,Debit Card,Male,3.0,3,Grocery,3,Divorced,4,1,18.0,0.0,2.0,5.0,239.73000000000002,Retained,Filed Complaint
50598,0,11.0,Computer,1,16.0,Credit Card,Male,3.0,3,Mobile,3,Divorced,1,0,17.0,0.0,1.0,2.0,126.84,Retained,No Complaint
50599,0,19.0,Mobile Phone,1,13.0,Credit Card,Male,3.0,3,Fashion,3,Married,7,0,13.0,0.0,1.0,7.0,208.45,Retained,No Complaint
50600,0,0.0,Phone,1,23.0,Credit Card,Female,2.0,4,Laptop & Accessory,3,Married,2,0,15.0,2.0,3.0,2.0,143.77,Retained,No Complaint
50601,1,0.0,Phone,1,20.0,UPI,Male,2.0,4,Mobile,4,Married,2,1,24.0,1.0,1.0,2.0,137.43,Churned,Filed Complaint
50602,0,4.0,Computer,1,6.0,Debit Card,Female,3.0,3,Laptop & Accessory,5,Divorced,2,0,12.0,1.0,1.0,3.0,141.48,Retained,No Complaint
50603,0,0.0,Computer,1,11.0,Debit Card,Male,3.0,3,Mobile,2,Single,2,0,15.0,1.0,1.0,0.0,110.50999999999999,Retained,No Complaint
50604,0,27.0,Mobile Phone,1,23.0,Cash on Delivery,Female,2.0,3,Fashion,3,Divorced,9,0,11.0,1.0,1.0,8.0,207.39,Retained,No Complaint
50605,0,8.0,Mobile Phone,1,31.0,Credit Card,Female,2.0,3,Fashion,3,Married,2,1,11.0,2.0,10.0,1.0,203.88,Retained,Filed Complaint
50606,0,3.0,Mobile Phone,1,14.0,Debit Card,Female,3.0,1,Fashion,5,Divorced,1,1,12.0,0.0,1.0,3.0,214.16000000000003,Retained,Filed Complaint
50607,1,0.0,Phone,1,14.0,Credit Card,Female,3.0,4,Mobile,5,Single,2,1,15.0,0.0,1.0,0.0,126.0,Churned,Filed Complaint
50608,1,0.0,Computer,1,14.0,Credit Card,Female,2.0,3,Mobile,4,Single,1,0,17.0,0.0,1.0,2.0,124.22,Churned,No Complaint
50609,0,0.0,Mobile Phone,1,8.0,Credit Card,Male,2.0,1,Laptop & Accessory,2,Divorced,2,0,12.0,1.0,1.0,3.0,154.72,Retained,No Complaint
50610,0,0.0,Phone,1,14.0,Debit Card,Male,3.0,5,Mobile,5,Divorced,2,0,15.0,1.0,1.0,1.0,124.50999999999999,Retained,No Complaint
50611,0,21.0,Phone,1,12.0,Debit Card,Male,3.0,4,Laptop & Accessory,3,Single,3,0,13.0,0.0,2.0,2.0,142.4,Retained,No Complaint
50612,0,21.0,Mobile Phone,1,10.0,Debit Card,Male,3.0,4,Fashion,3,Single,8,0,14.0,1.0,4.0,3.0,209.99,Retained,No Complaint
50613,0,14.0,Mobile Phone,1,13.0,Credit Card,Female,2.0,3,Laptop & Accessory,3,Single,7,0,14.0,1.0,2.0,1.0,150.03,Retained,No Complaint
50614,0,12.0,Mobile Phone,1,6.0,Debit Card,Female,3.0,4,Grocery,2,Divorced,2,0,16.0,0.0,11.0,3.0,227.42000000000002,Retained,No Complaint
50615,0,0.0,Phone,1,8.0,Debit Card,Female,2.0,3,Laptop & Accessory,2,Divorced,1,0,18.0,0.0,2.0,2.0,142.27,Retained,No Complaint
50616,0,8.0,Phone,1,16.0,UPI,Male,2.0,3,Mobile,2,Married,2,0,20.0,1.0,1.0,2.0,139.17,Retained,No Complaint
50617,0,15.0,Mobile Phone,3,11.0,E wallet,Male,2.0,3,Others,3,Divorced,7,0,13.0,1.0,1.0,0.0,283.03,Retained,No Complaint
50618,0,23.0,Phone,1,14.0,Debit Card,Male,3.0,3,Mobile,2,Divorced,5,0,18.0,1.0,1.0,0.0,123.80000000000001,Retained,No Complaint
50619,0,30.0,Mobile Phone,1,8.0,Debit Card,Female,3.0,4,Grocery,2,Single,4,1,13.0,0.0,2.0,3.0,237.26,Retained,Filed Complaint
50620,1,0.0,Phone,1,17.0,Credit Card,Female,3.0,5,Laptop & Accessory,4,Divorced,6,0,15.0,1.0,1.0,0.0,147.77,Churned,No Complaint
50621,0,28.0,Computer,1,24.0,Credit Card,Male,3.0,3,Laptop & Accessory,4,Divorced,4,1,14.0,6.0,6.0,7.0,163.85,Retained,Filed Complaint
50622,0,14.0,Computer,1,13.0,Debit Card,Female,2.0,5,Others,3,Married,2,0,15.0,1.0,5.0,10.0,299.73,Retained,No Complaint
50623,0,11.0,Mobile Phone,3,9.0,Debit Card,Male,2.0,3,Laptop & Accessory,2,Single,9,1,12.0,1.0,1.0,0.0,168.61,Retained,Filed Complaint
50624,1,0.0,Computer,3,35.0,Credit Card,Male,3.0,5,Laptop & Accessory,5,Single,9,0,18.0,0.0,2.0,2.0,149.69,Churned,No Complaint
50625,1,15.0,Mobile Phone,3,8.0,E wallet,Female,2.0,5,Others,2,Divorced,2,0,15.0,5.0,6.0,9.0,298.45,Churned,No Complaint
50626,0,17.0,Mobile Phone,3,34.0,Credit Card,Female,2.0,1,Grocery,2,Divorced,4,1,18.0,1.0,2.0,11.0,233.2,Retained,Filed Complaint
50627,0,23.0,Computer,3,6.0,Debit Card,Female,3.0,3,Laptop & Accessory,3,Divorced,1,0,12.0,1.0,1.0,13.0,163.47,Retained,No Complaint
50628,1,0.0,Phone,1,22.0,Debit Card,Female,3.0,1,Mobile,5,Single,2,0,16.0,15.0,15.0,14.0,127.43,Churned,No Complaint
50629,0,12.0,Computer,1,28.0,Credit Card,Female,2.0,3,Fashion,5,Single,2,1,13.0,1.0,2.0,8.0,208.8,Retained,Filed Complaint
50630,0,6.0,Computer,3,14.0,Debit Card,Female,2.0,4,Mobile,2,Single,1,0,19.0,2.0,2.0,2.0,123.41999999999999,Retained,No Complaint
50631,0,18.0,Mobile Phone,3,17.0,Debit Card,Female,2.0,3,Grocery,2,Divorced,4,0,13.0,1.0,1.0,1.0,276.5,Retained,No Complaint
50632,0,5.0,Computer,1,35.0,Credit Card,Female,3.0,3,Mobile,3,Single,10,0,12.0,5.0,7.0,7.0,140.25,Retained,No Complaint
50633,0,7.0,Mobile Phone,3,6.0,E wallet,Male,3.0,1,Laptop & Accessory,2,Married,1,0,11.0,1.0,1.0,9.0,197.25,Retained,No Complaint
50634,0,30.0,Mobile Phone,3,6.0,Cash on Delivery,Male,3.0,3,Fashion,2,Divorced,4,1,14.0,0.0,1.0,3.0,219.04000000000002,Retained,Filed Complaint
50635,0,9.0,Phone,2,30.0,Credit Card,Male,2.0,3,Mobile,4,Single,2,0,16.0,0.0,1.0,4.0,121.77000000000001,Retained,No Complaint
50636,0,26.0,Computer,3,8.0,E wallet,Female,2.0,4,Fashion,4,Divorced,3,0,12.0,0.0,6.0,12.0,175.25,Retained,No Complaint
50637,1,0.0,Phone,1,21.0,UPI,Male,2.0,3,Laptop & Accessory,3,Married,8,0,14.0,0.0,1.0,0.0,148.34,Churned,No Complaint
50638,1,9.0,Computer,1,8.0,Debit Card,Male,2.0,3,Mobile,5,Divorced,7,1,14.0,1.0,1.0,2.0,120.41999999999999,Churned,Filed Complaint
50639,0,9.0,Phone,3,16.0,Debit Card,Female,2.0,3,Mobile,3,Divorced,2,1,19.0,0.0,1.0,0.0,122.19999999999999,Retained,Filed Complaint
50640,0,1.0,Mobile Phone,3,16.0,Credit Card,Male,3.0,3,Mobile,4,Divorced,2,0,22.0,1.0,1.0,0.0,110.52000000000001,Retained,No Complaint
50641,0,11.0,Computer,1,9.0,UPI,Male,3.0,3,Mobile,3,Divorced,4,0,16.0,2.0,2.0,2.0,128.21,Retained,No Complaint
50642,0,23.0,Mobile Phone,1,8.0,Credit Card,Male,3.0,3,Others,3,Divorced,3,1,15.0,7.0,7.0,7.0,292.37,Retained,Filed Complaint
50643,0,10.0,Phone,1,9.0,UPI,Female,2.0,3,Laptop & Accessory,4,Single,4,0,15.0,1.0,1.0,1.0,141.07,Retained,No Complaint
50644,0,13.0,Mobile Phone,3,32.0,E wallet,Male,3.0,3,Laptop & Accessory,5,Divorced,2,0,14.0,5.0,7.0,5.0,183.96,Retained,No Complaint
50645,0,9.0,Computer,1,6.0,Credit Card,Female,3.0,4,Mobile,3,Married,2,0,13.0,1.0,1.0,3.0,120.07,Retained,No Complaint
50646,0,19.0,Mobile Phone,1,6.0,Credit Card,Male,2.0,3,Others,2,Married,10,0,15.0,1.0,2.0,2.0,296.27,Retained,No Complaint
50647,0,27.0,Mobile Phone,3,8.0,Debit Card,Female,2.0,4,Fashion,3,Divorced,7,0,11.0,6.0,7.0,0.0,206.86,Retained,No Complaint
50648,0,29.0,Computer,1,15.0,Credit Card,Female,3.0,3,Mobile,3,Divorced,3,0,19.0,0.0,1.0,3.0,129.42,Retained,No Complaint
50649,0,9.0,Mobile Phone,1,18.0,Credit Card,Female,2.0,4,Fashion,2,Single,1,0,11.0,5.0,7.0,8.0,188.58,Retained,No Complaint
50650,0,28.0,Computer,1,8.0,Credit Card,Male,2.0,4,Grocery,5,Single,8,0,15.0,1.0,6.0,2.0,267.56,Retained,No Complaint
50651,0,16.0,Mobile Phone,3,31.0,Credit Card,Male,3.0,4,Fashion,2,Married,6,0,13.0,1.0,2.0,0.0,234.0,Retained,No Complaint
50652,1,0.0,Computer,3,14.0,E wallet,Female,2.0,3,Mobile,2,Single,2,1,14.0,0.0,1.0,2.0,123.22999999999999,Churned,Filed Complaint
50653,1,9.0,Mobile Phone,1,16.0,Debit Card,Female,2.0,4,Mobile,5,Single,2,0,13.0,1.0,1.0,0.0,114.16,Churned,No Complaint
50654,0,19.0,Phone,1,14.0,Debit Card,Female,3.0,4,Laptop & Accessory,5,Married,9,1,23.0,1.0,1.0,7.0,146.15,Retained,Filed Complaint
50655,1,14.0,Phone,1,14.0,Debit Card,Male,2.0,3,Mobile,3,Divorced,10,1,12.0,1.0,2.0,7.0,124.61000000000001,Churned,Filed Complaint
50656,1,0.0,Computer,1,30.0,Cash on Delivery,Male,3.0,4,Fashion,5,Single,2,0,12.0,0.0,1.0,9.0,187.22,Churned,No Complaint
50657,0,0.0,Phone,1,6.0,Credit Card,Male,2.0,4,Mobile,5,Divorced,2,0,16.0,0.0,1.0,3.0,139.55,Retained,No Complaint
50658,0,3.0,Mobile Phone,1,26.0,UPI,Male,2.0,3,Laptop & Accessory,5,Divorced,1,0,15.0,1.0,1.0,2.0,199.57,Retained,No Complaint
50659,0,14.0,Phone,1,13.0,Cash on Delivery,Female,2.0,1,Mobile,3,Divorced,2,0,13.0,1.0,1.0,8.0,133.76,Retained,No Complaint
50660,0,11.0,Mobile Phone,1,23.0,Debit Card,Female,3.0,4,Fashion,3,Divorced,1,0,18.0,0.0,1.0,9.0,188.23,Retained,No Complaint
50661,0,13.0,Mobile Phone,1,26.0,Cash on Delivery,Male,3.0,3,Fashion,2,Divorced,5,0,20.0,4.0,11.0,1.0,203.22,Retained,No Complaint
50662,0,0.0,Computer,1,14.0,Debit Card,Male,2.0,5,Mobile,3,Divorced,2,0,19.0,1.0,1.0,2.0,146.21,Retained,No Complaint
50663,0,28.0,Computer,1,8.0,Debit Card,Male,3.0,3,Fashion,4,Divorced,4,0,18.0,1.0,1.0,3.0,209.76,Retained,No Complaint
50664,0,1.0,Phone,1,16.0,UPI,Female,2.0,3,Laptop & Accessory,3,Single,4,0,13.0,1.0,1.0,7.0,136.6,Retained,No Complaint
50665,1,7.0,Mobile Phone,2,6.0,Credit Card,Male,3.0,4,Fashion,5,Divorced,10,0,14.0,2.0,3.0,6.0,204.82,Churned,No Complaint
50666,0,6.0,Mobile Phone,1,11.0,Debit Card,Male,2.0,4,Fashion,2,Married,5,0,15.0,0.0,1.0,2.0,171.19,Retained,No Complaint
50667,1,0.0,Mobile Phone,3,10.0,Cash on Delivery,Male,2.0,3,Fashion,5,Single,1,1,22.0,3.0,4.0,7.0,195.82,Churned,Filed Complaint
50668,1,0.0,Computer,1,35.0,Credit Card,Female,2.0,4,Laptop & Accessory,3,Single,2,0,22.0,3.0,3.0,8.0,145.08,Churned,No Complaint
50669,0,9.0,Phone,1,21.0,Debit Card,Male,2.0,3,Mobile,3,Married,2,0,16.0,2.0,2.0,2.0,122.07,Retained,No Complaint
50670,0,7.0,Computer,1,9.0,Debit Card,Male,2.0,3,Laptop & Accessory,2,Single,1,0,17.0,1.0,1.0,4.0,177.56,Retained,No Complaint
50671,0,10.0,Mobile Phone,3,16.0,Debit Card,Female,2.0,4,Laptop & Accessory,2,Married,3,1,14.0,0.0,1.0,0.0,166.94,Retained,Filed Complaint
50672,1,0.0,Phone,1,10.0,Cash on Delivery,Male,2.0,3,Mobile,2,Divorced,2,1,15.0,5.0,5.0,6.0,136.91,Churned,Filed Complaint
50673,1,0.0,Phone,1,14.0,Credit Card,Male,2.0,3,Mobile,3,Married,2,0,20.0,1.0,1.0,0.0,123.77000000000001,Churned,No Complaint
50674,1,9.0,Phone,1,31.0,Credit Card,Male,2.0,4,Mobile,4,Single,5,1,20.0,0.0,2.0,2.0,123.13,Churned,Filed Complaint
50675,0,15.0,Mobile Phone,1,8.0,Credit Card,Male,2.0,3,Grocery,5,Divorced,1,0,17.0,1.0,13.0,7.0,276.65,Retained,No Complaint
50676,1,0.0,Computer,1,14.0,Credit Card,Male,2.0,4,Mobile,4,Married,2,0,15.0,0.0,1.0,0.0,125.96000000000001,Churned,No Complaint
50677,1,13.0,Computer,3,6.0,UPI,Male,2.0,3,Laptop & Accessory,3,Single,4,1,14.0,0.0,1.0,0.0,147.28,Churned,Filed Complaint
50678,0,6.0,Computer,3,13.0,Debit Card,Female,1.0,3,Laptop & Accessory,4,Divorced,1,0,17.0,1.0,1.0,2.0,143.02,Retained,No Complaint
50679,0,7.0,Computer,1,9.0,Debit Card,Male,3.0,4,Mobile,2,Divorced,4,0,17.0,1.0,1.0,0.0,129.79,Retained,No Complaint
50680,0,21.0,Computer,1,6.0,Credit Card,Male,2.0,1,Grocery,2,Single,3,0,22.0,1.0,2.0,1.0,268.85,Retained,No Complaint
50681,0,18.0,Computer,3,15.0,Debit Card,Female,3.0,4,Laptop & Accessory,3,Divorced,2,0,13.0,0.0,4.0,12.0,155.93,Retained,No Complaint
50682,0,25.0,Mobile Phone,1,13.0,Debit Card,Male,2.0,3,Fashion,4,Single,8,0,19.0,3.0,4.0,0.0,204.45,Retained,No Complaint
50683,0,11.0,Mobile Phone,3,16.0,E wallet,Male,3.0,4,Fashion,3,Married,1,1,14.0,2.0,2.0,7.0,187.4,Retained,Filed Complaint
50684,0,2.0,Phone,1,14.0,Debit Card,Female,3.0,3,Mobile,2,Married,5,0,22.0,0.0,1.0,7.0,125.13999999999999,Retained,No Complaint
50685,0,1.0,Mobile Phone,1,9.0,Credit Card,Female,3.0,3,Fashion,4,Married,1,0,17.0,0.0,1.0,7.0,176.55,Retained,No Complaint
50686,0,19.0,Mobile Phone,3,9.0,E wallet,Male,2.0,3,Grocery,3,Divorced,4,0,12.0,1.0,4.0,9.0,274.65,Retained,No Complaint
50687,0,11.0,Mobile Phone,3,8.0,E wallet,Male,2.0,3,Fashion,4,Single,8,0,16.0,1.0,1.0,0.0,173.51,Retained,No Complaint
50688,0,16.0,Computer,1,33.0,Debit Card,Female,2.0,3,Fashion,5,Divorced,9,0,11.0,0.0,1.0,1.0,208.2,Retained,No Complaint
50689,1,2.0,Computer,1,8.0,Debit Card,Male,2.0,3,Grocery,2,Married,8,0,11.0,7.0,11.0,3.0,221.69,Churned,No Complaint
50690,0,13.0,Mobile Phone,1,20.0,Credit Card,Male,2.0,4,Others,3,Single,2,0,15.0,4.0,4.0,9.0,296.26,Retained,No Complaint
50691,0,9.0,Phone,1,6.0,Cash on Delivery,Female,3.0,4,Mobile,4,Single,2,1,11.0,0.0,2.0,2.0,120.69999999999999,Retained,Filed Complaint
50692,0,12.0,Computer,1,15.0,Debit Card,Male,3.0,3,Laptop & Accessory,4,Single,21,0,15.0,1.0,1.0,3.0,167.82,Retained,No Complaint
50693,0,9.0,Computer,1,24.0,Debit Card,Male,3.0,3,Laptop & Accessory,2,Single,3,0,20.0,1.0,1.0,9.0,177.79,Retained,No Complaint
50694,0,4.0,Computer,3,26.0,Debit Card,Male,3.0,1,Mobile,2,Divorced,1,0,12.0,1.0,2.0,2.0,127.91,Retained,No Complaint
50695,0,1.0,Phone,1,8.0,Debit Card,Male,3.0,4,Mobile,4,Divorced,1,0,17.0,0.0,1.0,4.0,132.01,Retained,No Complaint
50696,0,8.0,Computer,3,17.0,E wallet,Male,2.0,3,Laptop & Accessory,2,Married,2,0,11.0,0.0,1.0,2.0,149.68,Retained,No Complaint
50697,0,22.0,Mobile Phone,3,14.0,Cash on Delivery,Male,2.0,4,Grocery,4,Divorced,7,0,17.0,1.0,2.0,3.0,231.2,Retained,No Complaint
50698,0,7.0,Computer,1,8.0,Debit Card,Male,3.0,3,Laptop & Accessory,3,Single,3,0,11.0,1.0,1.0,2.0,140.33,Retained,No Complaint
50699,0,2.0,Computer,1,16.0,Debit Card,Female,3.0,3,Mobile,4,Married,1,0,14.0,1.0,1.0,1.0,132.91,Retained,No Complaint
50700,0,15.0,Phone,1,35.0,Credit Card,Male,2.0,5,Laptop & Accessory,2,Single,5,0,19.0,1.0,1.0,0.0,142.72,Retained,No Complaint
50701,0,2.0,Mobile Phone,1,14.0,Credit Card,Male,3.0,4,Laptop & Accessory,2,Divorced,2,1,13.0,0.0,1.0,2.0,150.56,Retained,Filed Complaint
50702,0,11.0,Phone,2,6.0,UPI,Male,3.0,1,Mobile,3,Divorced,2,0,13.0,1.0,5.0,0.0,128.44,Retained,No Complaint
50703,0,4.0,Computer,1,12.0,Debit Card,Male,3.0,4,Mobile,3,Married,2,1,14.0,1.0,1.0,2.0,127.03,Retained,Filed Complaint
50704,1,9.0,Computer,1,14.0,Credit Card,Male,3.0,3,Mobile,3,Single,2,0,12.0,0.0,1.0,0.0,119.03999999999999,Churned,No Complaint
50705,1,0.0,Mobile Phone,3,15.0,E wallet,Female,3.0,3,Laptop & Accessory,5,Single,1,1,17.0,0.0,1.0,3.0,182.24,Churned,Filed Complaint
50706,0,14.0,Phone,1,18.0,Debit Card,Male,2.0,3,Mobile,2,Divorced,4,1,11.0,1.0,1.0,0.0,147.66,Retained,Filed Complaint
50707,1,0.0,Computer,1,14.0,Credit Card,Male,3.0,3,Mobile,3,Divorced,2,0,12.0,2.0,2.0,2.0,126.1,Churned,No Complaint
50708,0,10.0,Mobile Phone,1,31.0,Credit Card,Female,2.0,4,Laptop & Accessory,2,Married,8,0,13.0,0.0,1.0,3.0,157.31,Retained,No Complaint
50709,0,0.0,Phone,1,14.0,Debit Card,Male,2.0,4,Mobile,3,Divorced,2,0,13.0,2.0,2.0,2.0,125.38999999999999,Retained,No Complaint
50710,0,7.0,Mobile Phone,3,15.0,Debit Card,Female,3.0,3,Laptop & Accessory,3,Divorced,2,0,20.0,1.0,1.0,3.0,157.14,Retained,No Complaint
50711,0,8.0,Phone,2,14.0,Cash on Delivery,Male,3.0,3,Mobile,3,Single,2,0,17.0,0.0,1.0,4.0,143.23,Retained,No Complaint
50712,1,0.0,Mobile Phone,3,29.0,Debit Card,Female,2.0,4,Fashion,5,Divorced,2,0,13.0,0.0,3.0,10.0,173.36,Churned,No Complaint
50713,0,13.0,Computer,1,15.0,Credit Card,Female,2.0,3,Fashion,3,Single,10,0,17.0,0.0,2.0,13.0,234.99,Retained,No Complaint
50714,1,5.0,Computer,3,18.0,Debit Card,Male,2.0,3,Grocery,5,Single,1,1,12.0,7.0,2.0,14.0,237.57999999999998,Churned,Filed Complaint
50715,0,15.0,Mobile Phone,3,10.0,E wallet,Male,2.0,3,Laptop & Accessory,5,Single,8,0,13.0,1.0,1.0,5.0,151.55,Retained,No Complaint
50716,0,9.0,Phone,1,6.0,Credit Card,Male,2.0,4,Mobile,3,Divorced,7,0,12.0,1.0,1.0,7.0,122.58000000000001,Retained,No Complaint
50717,0,0.0,Phone,1,30.0,Credit Card,Male,2.0,3,Mobile,4,Single,9,0,22.0,1.0,1.0,2.0,135.97,Retained,No Complaint
50718,1,0.0,Phone,1,14.0,Debit Card,Female,3.0,3,Mobile,2,Divorced,2,1,11.0,1.0,1.0,0.0,125.15,Churned,Filed Complaint
50719,0,0.0,Phone,1,9.0,Credit Card,Male,2.0,1,Mobile,2,Divorced,2,0,22.0,1.0,1.0,7.0,144.2,Retained,No Complaint
50720,0,3.0,Mobile Phone,3,16.0,E wallet,Male,3.0,4,Laptop & Accessory,3,Divorced,2,0,18.0,1.0,1.0,4.0,165.78,Retained,No Complaint
50721,0,13.0,Computer,1,32.0,Credit Card,Female,3.0,4,Laptop & Accessory,2,Divorced,4,1,13.0,1.0,1.0,0.0,144.22,Retained,Filed Complaint
50722,0,8.0,Mobile Phone,1,8.0,Debit Card,Male,2.0,4,Fashion,4,Married,3,0,18.0,6.0,6.0,4.0,202.74,Retained,No Complaint
50723,0,7.0,Computer,1,6.0,Credit Card,Male,3.0,4,Laptop & Accessory,5,Single,1,0,20.0,1.0,4.0,9.0,153.43,Retained,No Complaint
50724,0,8.0,Computer,1,14.0,UPI,Male,2.0,4,Mobile,2,Divorced,2,0,13.0,2.0,2.0,2.0,123.75999999999999,Retained,No Complaint
50725,1,6.0,Mobile Phone,3,15.0,E wallet,Female,2.0,5,Laptop & Accessory,3,Single,9,0,13.0,1.0,1.0,3.0,153.46,Churned,No Complaint
50726,0,5.0,Computer,3,8.0,Debit Card,Female,3.0,3,Mobile,5,Married,2,0,12.0,0.0,1.0,0.0,128.27,Retained,No Complaint
50727,0,29.0,Mobile Phone,1,10.0,Cash on Delivery,Female,3.0,3,Others,5,Married,5,0,15.0,0.0,4.0,2.0,299.43,Retained,No Complaint
50728,0,2.0,Phone,1,12.0,Credit Card,Female,3.0,3,Mobile,2,Divorced,2,0,13.0,0.0,1.0,8.0,131.31,Retained,No Complaint
50729,0,0.0,Phone,1,14.0,Debit Card,Male,2.0,3,Mobile,5,Single,2,0,25.0,0.0,1.0,0.0,125.52000000000001,Retained,No Complaint
50730,0,18.0,Phone,1,13.0,Credit Card,Female,2.0,3,Mobile,3,Divorced,5,1,19.0,1.0,1.0,2.0,144.77,Retained,Filed Complaint
50731,0,10.0,Mobile Phone,1,6.0,Debit Card,Female,2.0,4,Laptop & Accessory,2,Divorced,2,0,13.0,3.0,3.0,11.0,164.74,Retained,No Complaint
50732,0,0.0,Phone,1,9.0,Debit Card,Male,3.0,4,Mobile,3,Single,2,0,12.0,0.0,1.0,2.0,130.33,Retained,No Complaint
50733,1,7.0,Phone,1,16.0,Debit Card,Male,3.0,3,Mobile,3,Single,2,1,11.0,1.0,1.0,2.0,129.36,Churned,Filed Complaint
50734,0,26.0,Mobile Phone,1,13.0,Credit Card,Female,2.0,3,Others,3,Married,4,0,18.0,1.0,4.0,7.0,286.06,Retained,No Complaint
50735,0,9.0,Phone,1,21.0,Debit Card,Female,3.0,5,Mobile,2,Divorced,1,1,18.0,1.0,1.0,3.0,121.68,Retained,Filed Complaint
50736,1,0.0,Computer,1,9.0,Debit Card,Male,3.0,4,Mobile,2,Divorced,1,1,11.0,0.0,1.0,0.0,128.53,Churned,Filed Complaint
50737,0,19.0,Mobile Phone,3,8.0,E wallet,Female,3.0,3,Grocery,5,Divorced,9,0,23.0,1.0,15.0,9.0,270.48,Retained,No Complaint
50738,0,9.0,Computer,1,23.0,Debit Card,Male,3.0,5,Mobile,3,Single,3,0,13.0,1.0,1.0,0.0,122.9,Retained,No Complaint
50739,0,6.0,Phone,2,8.0,UPI,Male,2.0,3,Mobile,3,Divorced,2,0,13.0,0.0,1.0,4.0,136.0,Retained,No Complaint
50740,1,9.0,Computer,1,11.0,Debit Card,Male,3.0,4,Mobile,5,Married,7,0,17.0,1.0,1.0,0.0,121.07,Churned,No Complaint
50741,0,3.0,Phone,3,35.0,Debit Card,Male,3.0,3,Laptop & Accessory,5,Married,9,0,19.0,1.0,1.0,3.0,141.15,Retained,No Complaint
50742,0,13.0,Computer,3,8.0,Credit Card,Male,3.0,3,Laptop & Accessory,4,Divorced,6,0,12.0,1.0,1.0,0.0,143.27,Retained,No Complaint
50743,0,23.0,Computer,1,8.0,Credit Card,Female,1.0,3,Grocery,5,Divorced,3,0,22.0,1.0,2.0,2.0,278.56,Retained,No Complaint
50744,0,1.0,Phone,1,25.0,Credit Card,Male,3.0,4,Mobile,5,Divorced,2,0,12.0,1.0,3.0,3.0,131.96,Retained,No Complaint
50745,0,19.0,Mobile Phone,1,21.0,Debit Card,Male,2.0,3,Others,4,Divorced,6,0,11.0,1.0,1.0,3.0,290.81,Retained,No Complaint
50746,0,8.0,Mobile Phone,3,23.0,Debit Card,Male,3.0,3,Laptop & Accessory,5,Divorced,4,1,15.0,1.0,1.0,7.0,189.66,Retained,Filed Complaint
50747,1,9.0,Phone,1,23.0,Debit Card,Female,3.0,3,Mobile,4,Divorced,2,0,13.0,0.0,1.0,0.0,122.1,Churned,No Complaint
50748,0,6.0,Computer,3,31.0,Credit Card,Female,2.0,3,Laptop & Accessory,3,Divorced,2,0,12.0,0.0,1.0,1.0,145.39,Retained,No Complaint
50749,0,9.0,Phone,1,12.0,Debit Card,Male,3.0,5,Mobile,3,Married,2,0,14.0,0.0,1.0,7.0,127.41,Retained,No Complaint
50750,0,3.0,Phone,1,13.0,Debit Card,Male,2.0,3,Laptop & Accessory,3,Married,2,0,13.0,8.0,8.0,9.0,134.91,Retained,No Complaint
50751,0,17.0,Phone,1,35.0,UPI,Male,2.0,3,Laptop & Accessory,2,Single,2,0,25.0,1.0,1.0,17.0,145.41,Retained,No Complaint
50752,0,0.0,Phone,3,27.0,E wallet,Male,3.0,1,Mobile,2,Single,2,0,17.0,0.0,2.0,2.0,126.78,Retained,No Complaint
50753,0,19.0,Mobile Phone,1,8.0,Cash on Delivery,Male,2.0,3,Laptop & Accessory,2,Married,3,0,11.0,1.0,1.0,4.0,173.79,Retained,No Complaint
50754,0,15.0,Computer,2,8.0,Credit Card,Male,3.0,1,Laptop & Accessory,5,Divorced,8,0,16.0,0.0,1.0,3.0,162.72,Retained,No Complaint
50755,0,30.0,Mobile Phone,3,13.0,E wallet,Male,2.0,1,Laptop & Accessory,2,Married,1,1,18.0,0.0,1.0,9.0,152.2,Retained,Filed Complaint
50756,0,5.0,Computer,1,19.0,UPI,Female,3.0,4,Mobile,4,Divorced,2,0,20.0,0.0,2.0,2.0,127.43,Retained,No Complaint
50757,0,5.0,Computer,1,8.0,Debit Card,Female,2.0,3,Laptop & Accessory,3,Single,5,1,14.0,1.0,1.0,7.0,149.98,Retained,Filed Complaint
50758,0,9.0,Mobile Phone,1,6.0,Cash on Delivery,Female,3.0,5,Fashion,5,Married,3,1,21.0,5.0,7.0,7.0,202.52,Retained,Filed Complaint
50759,0,6.0,Phone,1,15.0,Credit Card,Male,3.0,3,Mobile,2,Divorced,1,0,13.0,1.0,4.0,10.0,127.81,Retained,No Complaint
50760,0,13.0,Mobile Phone,3,16.0,Cash on Delivery,Female,2.0,4,Laptop & Accessory,4,Married,8,0,12.0,1.0,1.0,3.0,168.52,Retained,No Complaint
50761,0,0.0,Phone,3,16.0,Debit Card,Male,2.0,3,Laptop & Accessory,2,Single,1,0,14.0,0.0,1.0,1.0,149.5,Retained,No Complaint
50762,0,3.0,Phone,1,6.0,Credit Card,Male,3.0,3,Mobile,4,Divorced,1,1,21.0,1.0,5.0,7.0,135.79,Retained,Filed Complaint
50763,0,15.0,Computer,1,32.0,Credit Card,Female,2.0,3,Fashion,5,Divorced,4,1,17.0,0.0,2.0,0.0,231.91000000000003,Retained,Filed Complaint
50764,0,8.0,Computer,3,14.0,E wallet,Female,3.0,4,Fashion,2,Divorced,5,1,11.0,2.0,4.0,12.0,203.77,Retained,Filed Complaint
50765,0,9.0,Phone,1,20.0,Debit Card,Male,2.0,3,Mobile,5,Divorced,2,1,14.0,2.0,6.0,8.0,122.35,Retained,Filed Complaint
50766,0,27.0,Computer,1,6.0,Debit Card,Female,2.0,3,Fashion,3,Married,8,0,17.0,1.0,1.0,4.0,205.02,Retained,No Complaint
50767,0,9.0,Mobile Phone,1,8.0,Debit Card,Female,3.0,1,Mobile,2,Divorced,2,0,13.0,6.0,7.0,7.0,120.11000000000001,Retained,No Complaint
50768,1,9.0,Computer,1,16.0,Credit Card,Female,3.0,4,Mobile,4,Single,2,1,25.0,1.0,1.0,0.0,118.59,Churned,Filed Complaint
50769,0,2.0,Phone,1,6.0,Debit Card,Female,3.0,3,Mobile,2,Married,2,0,15.0,0.0,1.0,2.0,137.6,Retained,No Complaint
50770,0,27.0,Mobile Phone,1,9.0,Debit Card,Male,2.0,3,Grocery,2,Divorced,4,0,14.0,1.0,1.0,9.0,277.79,Retained,No Complaint
50771,0,4.0,Mobile Phone,1,17.0,Credit Card,Male,3.0,3,Laptop & Accessory,5,Divorced,2,1,12.0,0.0,1.0,1.0,168.33,Retained,Filed Complaint
50772,0,4.0,Mobile Phone,1,30.0,Credit Card,Female,3.0,4,Laptop & Accessory,5,Single,2,0,19.0,0.0,1.0,8.0,168.12,Retained,No Complaint
50773,0,30.0,Mobile Phone,3,9.0,Debit Card,Female,2.0,4,Laptop & Accessory,2,Single,6,0,17.0,0.0,1.0,5.0,151.71,Retained,No Complaint
50774,0,16.0,Mobile Phone,1,9.0,Debit Card,Male,3.0,5,Others,2,Divorced,4,0,15.0,1.0,1.0,7.0,297.4,Retained,No Complaint
50775,0,22.0,Mobile Phone,1,10.0,Credit Card,Male,2.0,4,Others,3,Divorced,3,0,13.0,1.0,1.0,0.0,287.11,Retained,No Complaint
50776,0,9.0,Computer,1,9.0,Cash on Delivery,Male,2.0,3,Mobile,4,Divorced,2,0,12.0,1.0,1.0,7.0,136.92,Retained,No Complaint
50777,0,21.0,Phone,1,14.0,Cash on Delivery,Male,3.0,1,Mobile,4,Single,6,0,11.0,0.0,1.0,0.0,125.59,Retained,No Complaint
50778,0,0.0,Phone,1,14.0,Debit Card,Male,3.0,3,Mobile,3,Married,2,0,11.0,1.0,1.0,3.0,125.16999999999999,Retained,No Complaint
50779,0,2.0,Mobile Phone,1,13.0,Debit Card,Male,2.0,3,Laptop & Accessory,2,Married,2,1,11.0,0.0,1.0,0.0,166.23,Retained,Filed Complaint
50780,0,21.0,Mobile Phone,1,6.0,Debit Card,Male,3.0,4,Others,2,Single,7,0,12.0,1.0,1.0,0.0,282.65,Retained,No Complaint
50781,0,2.0,Mobile Phone,1,6.0,Debit Card,Female,2.0,4,Grocery,2,Married,4,0,14.0,1.0,1.0,7.0,261.24,Retained,No Complaint
50782,0,7.0,Phone,1,14.0,Cash on Delivery,Female,2.0,1,Mobile,3,Divorced,1,0,17.0,1.0,1.0,0.0,125.85,Retained,No Complaint
50783,0,17.0,Mobile Phone,3,11.0,E wallet,Male,2.0,3,Others,4,Divorced,8,0,11.0,1.0,3.0,10.0,282.13,Retained,No Complaint
50784,0,6.0,Mobile Phone,3,16.0,E wallet,Male,2.0,1,Fashion,3,Married,1,1,14.0,1.0,1.0,8.0,183.8,Retained,Filed Complaint
50785,0,0.0,Phone,1,31.0,Debit Card,Female,3.0,1,Mobile,2,Single,2,1,12.0,1.0,1.0,1.0,129.94,Retained,Filed Complaint
50786,0,9.0,Mobile Phone,1,6.0,Debit Card,Male,2.0,3,Mobile,3,Divorced,2,0,22.0,0.0,1.0,1.0,112.22999999999999,Retained,No Complaint
50787,1,0.0,Computer,3,30.0,Debit Card,Male,3.0,5,Mobile,2,Single,2,1,14.0,1.0,1.0,0.0,111.18,Churned,Filed Complaint
50788,0,0.0,Phone,1,10.0,Debit Card,Male,3.0,3,Mobile,2,Single,2,1,20.0,0.0,2.0,2.0,128.75,Retained,Filed Complaint
50789,1,8.0,Mobile Phone,3,8.0,E wallet,Female,3.0,5,Others,4,Single,3,1,16.0,1.0,1.0,11.0,288.24,Churned,Filed Complaint
50790,0,28.0,Computer,1,14.0,Credit Card,Male,2.0,4,Grocery,4,Married,2,1,15.0,3.0,2.0,0.0,235.76999999999998,Retained,Filed Complaint
50791,1,0.0,Computer,1,14.0,Debit Card,Female,2.0,4,Mobile,3,Single,2,0,20.0,2.0,2.0,2.0,126.25,Churned,No Complaint
50792,0,19.0,Mobile Phone,3,10.0,E wallet,Female,2.0,4,Others,4,Divorced,3,0,14.0,1.0,1.0,8.0,287.89,Retained,No Complaint
50793,0,7.0,Phone,3,8.0,E wallet,Female,2.0,3,Laptop & Accessory,5,Single,1,1,12.0,1.0,1.0,2.0,145.38,Retained,Filed Complaint
50794,0,24.0,Computer,3,15.0,Debit Card,Male,2.0,3,Others,4,Married,5,1,15.0,2.0,11.0,10.0,298.47,Retained,Filed Complaint
50795,0,30.0,Mobile Phone,1,24.0,Credit Card,Male,3.0,3,Fashion,2,Single,7,0,12.0,1.0,5.0,4.0,205.12,Retained,No Complaint
50796,0,7.0,Computer,1,25.0,Credit Card,Female,2.0,3,Laptop & Accessory,4,Married,5,0,13.0,3.0,5.0,10.0,144.44,Retained,No Complaint
50797,0,9.0,Computer,1,6.0,Credit Card,Male,2.0,3,Mobile,3,Single,1,1,11.0,0.0,1.0,2.0,121.53999999999999,Retained,Filed Complaint
50798,0,17.0,Mobile Phone,1,10.0,Debit Card,Male,3.0,1,Others,5,Married,2,0,14.0,1.0,14.0,13.0,291.9,Retained,No Complaint
50799,0,7.0,Computer,2,17.0,Debit Card,Male,2.0,4,Laptop & Accessory,4,Divorced,5,0,11.0,0.0,1.0,8.0,144.9,Retained,No Complaint
50800,0,8.0,Phone,1,12.0,Debit Card,Male,3.0,3,Mobile,3,Divorced,1,1,14.0,1.0,2.0,2.0,135.06,Retained,Filed Complaint
50801,0,15.0,Phone,1,14.0,Credit Card,Female,3.0,1,Laptop & Accessory,4,Divorced,7,1,16.0,0.0,1.0,0.0,123.72,Retained,Filed Complaint
50802,0,16.0,Mobile Phone,3,10.0,E wallet,Female,2.0,4,Fashion,2,Single,4,0,14.0,10.0,15.0,17.0,202.31,Retained,No Complaint
50803,0,9.0,Mobile Phone,1,8.0,Debit Card,Female,2.0,3,Laptop & Accessory,4,Single,10,1,11.0,4.0,5.0,12.0,154.1,Retained,Filed Complaint
50804,1,7.0,Mobile Phone,1,21.0,Credit Card,Female,3.0,3,Fashion,2,Divorced,2,0,11.0,0.0,1.0,5.0,179.78,Churned,No Complaint
50805,0,1.0,Computer,1,8.0,Debit Card,Male,2.0,4,Mobile,2,Divorced,2,1,12.0,2.0,2.0,2.0,138.67,Retained,Filed Complaint
50806,0,24.0,Computer,1,12.0,Credit Card,Female,3.0,4,Mobile,3,Single,1,0,14.0,7.0,7.0,7.0,128.38,Retained,No Complaint
50807,0,3.0,Computer,1,15.0,Credit Card,Female,3.0,3,Laptop & Accessory,3,Single,8,1,18.0,1.0,1.0,7.0,146.95,Retained,Filed Complaint
50808,1,0.0,Phone,1,13.0,Cash on Delivery,Female,2.0,3,Mobile,3,Married,4,1,13.0,1.0,7.0,7.0,133.39,Churned,Filed Complaint
50809,0,9.0,Phone,1,6.0,Cash on Delivery,Male,2.0,3,Mobile,5,Single,3,0,11.0,0.0,1.0,2.0,120.80000000000001,Retained,No Complaint
50810,0,9.0,Phone,1,6.0,Credit Card,Female,2.0,3,Mobile,4,Single,2,0,18.0,1.0,2.0,1.0,120.96000000000001,Retained,No Complaint
50811,0,5.0,Mobile Phone,3,14.0,Credit Card,Male,2.0,1,Laptop & Accessory,2,Divorced,2,0,15.0,0.0,1.0,8.0,162.09,Retained,No Complaint
50812,0,18.0,Computer,1,31.0,Credit Card,Female,2.0,3,Others,4,Single,4,0,22.0,1.0,1.0,0.0,280.61,Retained,No Complaint
50813,0,12.0,Mobile Phone,1,19.0,Credit Card,Female,3.0,4,Grocery,4,Married,7,1,13.0,1.0,15.0,2.0,271.23,Retained,Filed Complaint
50814,0,30.0,Phone,1,14.0,Debit Card,Male,2.0,3,Mobile,3,Married,2,0,12.0,2.0,2.0,2.0,123.72,Retained,No Complaint
50815,1,0.0,Phone,1,13.0,Debit Card,Male,3.0,3,Laptop & Accessory,3,Divorced,2,0,18.0,1.0,1.0,1.0,148.83,Churned,No Complaint
50816,1,2.0,Phone,1,29.0,Credit Card,Male,3.0,3,Mobile,5,Single,1,0,13.0,0.0,1.0,3.0,139.04,Churned,No Complaint
50817,0,3.0,Phone,1,12.0,Cash on Delivery,Female,2.0,4,Laptop & Accessory,2,Divorced,1,0,12.0,5.0,6.0,7.0,146.27,Retained,No Complaint
50818,0,9.0,Mobile Phone,1,16.0,Cash on Delivery,Female,3.0,3,Fashion,3,Divorced,4,0,12.0,0.0,1.0,7.0,170.94,Retained,No Complaint
50819,0,19.0,Phone,2,6.0,Debit Card,Female,2.0,3,Mobile,5,Single,7,0,12.0,3.0,5.0,7.0,134.23,Retained,No Complaint
50820,0,1.0,Computer,1,6.0,Debit Card,Female,2.0,5,Laptop & Accessory,2,Divorced,1,0,11.0,7.0,7.0,5.0,166.74,Retained,No Complaint
50821,0,23.0,Mobile Phone,1,34.0,Debit Card,Female,2.0,3,Grocery,5,Divorced,5,1,11.0,1.0,1.0,2.0,268.8,Retained,Filed Complaint
50822,1,3.0,Mobile Phone,3,31.0,E wallet,Male,2.0,4,Fashion,4,Single,3,1,12.0,0.0,1.0,0.0,190.94,Churned,Filed Complaint
50823,1,15.0,Mobile Phone,3,11.0,Debit Card,Male,3.0,3,Fashion,4,Single,10,1,19.0,5.0,7.0,7.0,184.46,Churned,Filed Complaint
50824,0,3.0,Mobile Phone,1,23.0,Credit Card,Female,3.0,3,Fashion,5,Divorced,2,1,23.0,0.0,1.0,3.0,219.16000000000003,Retained,Filed Complaint
50825,0,12.0,Phone,1,24.0,Debit Card,Male,2.0,3,Laptop & Accessory,3,Single,1,0,11.0,0.0,1.0,7.0,145.34,Retained,No Complaint
50826,0,4.0,Computer,3,8.0,Debit Card,Female,2.0,3,Fashion,3,Married,2,1,19.0,3.0,9.0,6.0,198.52,Retained,Filed Complaint
50827,0,14.0,Computer,3,16.0,Credit Card,Male,2.0,5,Laptop & Accessory,4,Single,2,0,13.0,3.0,11.0,9.0,161.51,Retained,No Complaint
50828,1,9.0,Computer,3,6.0,Debit Card,Female,2.0,3,Mobile,4,Single,2,1,11.0,1.0,2.0,2.0,123.02000000000001,Churned,Filed Complaint
50829,1,7.0,Phone,1,14.0,Debit Card,Male,2.0,3,Mobile,5,Divorced,5,0,12.0,1.0,1.0,2.0,123.62,Churned,No Complaint
50830,0,15.0,Computer,1,8.0,Debit Card,Male,2.0,3,Grocery,3,Divorced,1,1,13.0,1.0,2.0,10.0,278.61,Retained,Filed Complaint
50831,0,28.0,Mobile Phone,1,8.0,Credit Card,Female,2.0,5,Others,3,Divorced,5,0,14.0,1.0,9.0,11.0,291.87,Retained,No Complaint
50832,0,29.0,Mobile Phone,2,14.0,Debit Card,Male,2.0,3,Others,4,Single,7,0,15.0,1.0,7.0,7.0,297.17,Retained,No Complaint
50833,0,13.0,Computer,1,22.0,Debit Card,Male,3.0,3,Mobile,3,Married,10,0,16.0,1.0,1.0,0.0,135.44,Retained,No Complaint
50834,0,7.0,Mobile Phone,1,15.0,Debit Card,Male,2.0,3,Fashion,2,Married,1,0,11.0,1.0,1.0,6.0,185.0,Retained,No Complaint
50835,0,13.0,Phone,1,8.0,Debit Card,Male,3.0,3,Laptop & Accessory,2,Single,2,0,13.0,3.0,8.0,8.0,146.61,Retained,No Complaint
50836,0,14.0,Computer,3,6.0,E wallet,Female,3.0,3,Laptop & Accessory,5,Married,1,0,17.0,0.0,1.0,7.0,141.03,Retained,No Complaint
50837,0,8.0,Computer,1,10.0,Debit Card,Male,2.0,3,Laptop & Accessory,3,Single,2,1,11.0,1.0,1.0,1.0,142.49,Retained,Filed Complaint
50838,0,24.0,Mobile Phone,2,11.0,Debit Card,Male,2.0,3,Grocery,4,Married,2,1,11.0,1.0,2.0,10.0,240.26,Retained,Filed Complaint
50839,0,11.0,Mobile Phone,3,8.0,Debit Card,Female,2.0,3,Laptop & Accessory,5,Married,4,0,15.0,0.0,1.0,7.0,168.93,Retained,No Complaint
50840,0,7.0,Mobile Phone,3,21.0,Credit Card,Female,3.0,3,Laptop & Accessory,5,Single,2,0,12.0,1.0,9.0,6.0,161.25,Retained,No Complaint
50841,0,0.0,Phone,1,25.0,Credit Card,Male,3.0,3,Mobile,2,Divorced,4,0,11.0,1.0,1.0,2.0,136.69,Retained,No Complaint
50842,1,20.0,Mobile Phone,1,13.0,Credit Card,Female,2.0,4,Fashion,5,Divorced,8,1,14.0,4.0,5.0,9.0,200.08,Churned,Filed Complaint
50843,0,13.0,Phone,1,14.0,Debit Card,Male,2.0,3,Mobile,4,Divorced,4,0,22.0,1.0,1.0,3.0,123.87,Retained,No Complaint
50844,0,9.0,Computer,3,13.0,E wallet,Female,2.0,1,Laptop & Accessory,5,Divorced,3,0,16.0,5.0,6.0,13.0,146.39,Retained,No Complaint
50845,0,21.0,Mobile Phone,1,10.0,Debit Card,Male,2.0,3,Fashion,2,Single,2,0,11.0,1.0,1.0,8.0,178.98,Retained,No Complaint
50846,0,0.0,Phone,3,14.0,Credit Card,Female,3.0,1,Mobile,2,Divorced,9,0,14.0,1.0,1.0,0.0,125.34,Retained,No Complaint
50847,0,24.0,Mobile Phone,1,17.0,Cash on Delivery,Female,2.0,4,Grocery,4,Single,4,0,16.0,0.0,1.0,3.0,231.42000000000002,Retained,No Complaint
50848,0,9.0,Computer,1,6.0,Debit Card,Female,3.0,3,Mobile,2,Single,2,0,15.0,1.0,1.0,0.0,116.11000000000001,Retained,No Complaint
50849,0,8.0,Mobile Phone,1,6.0,Credit Card,Female,2.0,4,Laptop & Accessory,2,Divorced,1,0,12.0,1.0,1.0,0.0,153.63,Retained,No Complaint
50850,0,0.0,Computer,3,8.0,Debit Card,Male,2.0,5,Laptop & Accessory,2,Single,4,0,20.0,1.0,1.0,0.0,150.71,Retained,No Complaint
50851,1,18.0,Mobile Phone,3,19.0,E wallet,Male,2.0,1,Grocery,3,Single,7,1,17.0,2.0,2.0,8.0,236.95,Churned,Filed Complaint
50852,0,29.0,Mobile Phone,1,29.0,Debit Card,Male,3.0,3,Grocery,4,Divorced,5,1,12.0,11.0,2.0,9.0,234.01999999999998,Retained,Filed Complaint
50853,0,9.0,Computer,1,32.0,Cash on Delivery,Female,3.0,4,Mobile,3,Married,2,0,20.0,1.0,1.0,0.0,120.28999999999999,Retained,No Complaint
50854,0,13.0,Mobile Phone,1,8.0,Credit Card,Female,2.0,1,Laptop & Accessory,3,Married,6,0,20.0,5.0,11.0,8.0,163.77,Retained,No Complaint
50855,0,7.0,Mobile Phone,1,35.0,Credit Card,Male,2.0,3,Laptop & Accessory,3,Divorced,5,0,13.0,0.0,7.0,7.0,154.29,Retained,No Complaint
50856,1,0.0,Computer,3,8.0,Debit Card,Female,3.0,4,Mobile,2,Single,8,0,14.0,0.0,1.0,0.0,127.85,Churned,No Complaint
50857,1,0.0,Computer,3,24.0,E wallet,Female,3.0,3,Laptop & Accessory,3,Divorced,1,1,18.0,3.0,3.0,2.0,146.14,Churned,Filed Complaint
50858,0,11.0,Computer,1,14.0,Debit Card,Male,2.0,1,Mobile,3,Married,2,0,11.0,0.0,1.0,3.0,126.1,Retained,No Complaint
50859,0,7.0,Mobile Phone,1,8.0,Cash on Delivery,Female,3.0,3,Laptop & Accessory,2,Single,2,0,11.0,1.0,4.0,11.0,166.87,Retained,No Complaint
50860,0,1.0,Phone,3,32.0,Debit Card,Male,2.0,4,Laptop & Accessory,5,Divorced,2,0,11.0,1.0,1.0,4.0,147.24,Retained,No Complaint
50861,1,0.0,Mobile Phone,1,28.0,Credit Card,Male,3.0,3,Laptop & Accessory,3,Divorced,2,1,15.0,3.0,6.0,7.0,161.79,Churned,Filed Complaint
50862,0,12.0,Mobile Phone,3,27.0,Debit Card,Male,2.0,4,Laptop & Accessory,2,Divorced,4,1,12.0,0.0,1.0,4.0,161.2,Retained,Filed Complaint
50863,0,24.0,Computer,3,8.0,E wallet,Male,2.0,3,Fashion,4,Divorced,3,0,11.0,0.0,3.0,2.0,205.96,Retained,No Complaint
50864,0,14.0,Computer,1,28.0,Debit Card,Female,3.0,3,Laptop & Accessory,2,Married,4,1,14.0,0.0,3.0,3.0,154.67,Retained,Filed Complaint
50865,0,10.0,Phone,1,10.0,Debit Card,Male,3.0,3,Mobile,3,Divorced,8,1,15.0,1.0,1.0,3.0,129.96,Retained,Filed Complaint
50866,0,6.0,Computer,3,11.0,Debit Card,Male,3.0,3,Laptop & Accessory,2,Divorced,7,0,13.0,1.0,1.0,2.0,199.98,Retained,No Complaint
50867,0,5.0,Phone,3,8.0,E wallet,Male,2.0,3,Laptop & Accessory,4,Divorced,1,1,13.0,0.0,1.0,2.0,140.78,Retained,Filed Complaint
50868,0,12.0,Computer,1,31.0,Debit Card,Male,3.0,3,Fashion,3,Divorced,4,0,21.0,0.0,1.0,5.0,209.2,Retained,No Complaint
50869,0,0.0,Mobile Phone,3,24.0,Debit Card,Male,3.0,1,Laptop & Accessory,3,Divorced,3,0,11.0,0.0,1.0,2.0,162.32,Retained,No Complaint
50870,0,25.0,Computer,1,34.0,Credit Card,Female,2.0,1,Grocery,3,Divorced,3,1,11.0,0.0,2.0,2.0,232.47000000000003,Retained,Filed Complaint
50871,0,16.0,Phone,1,12.0,Credit Card,Female,3.0,4,Laptop & Accessory,3,Single,2,1,14.0,1.0,1.0,8.0,140.81,Retained,Filed Complaint
50872,0,0.0,Mobile Phone,3,16.0,E wallet,Female,3.0,4,Laptop & Accessory,2,Divorced,2,1,11.0,2.0,4.0,4.0,157.69,Retained,Filed Complaint
50873,1,0.0,Phone,1,14.0,Debit Card,Female,2.0,3,Mobile,3,Single,2,1,13.0,3.0,7.0,7.0,123.94,Churned,Filed Complaint
50874,0,0.0,Phone,1,8.0,Credit Card,Male,2.0,4,Mobile,2,Single,1,0,12.0,0.0,1.0,1.0,139.04,Retained,No Complaint
50875,0,15.0,Mobile Phone,2,16.0,UPI,Female,2.0,3,Grocery,5,Divorced,1,0,14.0,1.0,1.0,9.0,267.99,Retained,No Complaint
50876,0,25.0,Phone,1,14.0,UPI,Female,3.0,3,Mobile,5,Divorced,10,0,13.0,1.0,1.0,4.0,129.5,Retained,No Complaint
50877,0,10.0,Phone,1,17.0,Credit Card,Female,3.0,3,Mobile,3,Single,5,0,18.0,0.0,1.0,2.0,136.29,Retained,No Complaint
50878,0,8.0,Computer,1,24.0,Debit Card,Male,2.0,3,Fashion,2,Single,3,0,11.0,0.0,2.0,2.0,193.62,Retained,No Complaint
50879,0,0.0,Phone,1,6.0,Cash on Delivery,Male,2.0,3,Mobile,2,Divorced,5,0,11.0,1.0,1.0,2.0,132.29,Retained,No Complaint
50880,0,0.0,Phone,1,13.0,UPI,Male,3.0,1,Mobile,5,Single,1,0,12.0,1.0,1.0,7.0,135.78,Retained,No Complaint
50881,0,2.0,Mobile Phone,2,23.0,UPI,Male,2.0,4,Fashion,5,Single,2,0,13.0,0.0,1.0,9.0,179.88,Retained,No Complaint
50882,1,0.0,Computer,1,34.0,Debit Card,Male,3.0,4,Laptop & Accessory,5,Single,4,0,20.0,0.0,1.0,3.0,142.84,Churned,No Complaint
50883,1,0.0,Computer,1,20.0,UPI,Female,2.0,3,Fashion,2,Single,1,1,12.0,2.0,7.0,7.0,175.53,Churned,Filed Complaint
50884,0,27.0,Mobile Phone,1,6.0,Credit Card,Female,2.0,3,Grocery,2,Single,7,0,19.0,1.0,12.0,7.0,273.28,Retained,No Complaint
50885,0,30.0,Mobile Phone,1,6.0,Credit Card,Female,3.0,3,Others,5,Divorced,4,1,15.0,1.0,1.0,5.0,297.01,Retained,Filed Complaint
50886,0,28.0,Mobile Phone,1,6.0,Credit Card,Male,2.0,1,Grocery,2,Married,3,0,13.0,1.0,2.0,0.0,247.32,Retained,No Complaint
50887,0,9.0,Mobile Phone,3,9.0,E wallet,Female,2.0,3,Laptop & Accessory,4,Single,4,1,16.0,0.0,1.0,1.0,192.78,Retained,Filed Complaint
50888,1,9.0,Computer,3,6.0,Debit Card,Female,2.0,5,Mobile,3,Single,2,0,12.0,1.0,1.0,0.0,113.59,Churned,No Complaint
50889,0,3.0,Phone,3,13.0,E wallet,Female,3.0,3,Laptop & Accessory,5,Married,8,0,14.0,1.0,1.0,2.0,147.79,Retained,No Complaint
50890,0,4.0,Mobile Phone,1,14.0,Debit Card,Female,3.0,3,Grocery,4,Single,4,0,11.0,1.0,1.0,0.0,264.22,Retained,No Complaint
50891,0,7.0,Computer,1,6.0,UPI,Male,3.0,3,Mobile,5,Married,6,0,14.0,1.0,1.0,3.0,129.96,Retained,No Complaint
50892,1,9.0,Mobile Phone,1,14.0,Debit Card,Female,2.0,4,Mobile,4,Single,2,0,12.0,0.0,1.0,0.0,112.61000000000001,Churned,No Complaint
50893,0,9.0,Phone,1,17.0,Debit Card,Male,3.0,3,Mobile,5,Divorced,1,0,14.0,1.0,1.0,4.0,120.99000000000001,Retained,No Complaint
50894,0,9.0,Mobile Phone,1,10.0,Debit Card,Male,2.0,4,Laptop & Accessory,2,Single,2,0,16.0,1.0,1.0,8.0,158.1,Retained,No Complaint
50895,0,9.0,Mobile Phone,3,22.0,E wallet,Female,3.0,4,Laptop & Accessory,5,Divorced,5,0,13.0,1.0,1.0,2.0,156.47,Retained,No Complaint
50896,0,20.0,Phone,1,6.0,Cash on Delivery,Male,3.0,3,Mobile,2,Divorced,8,0,12.0,1.0,1.0,2.0,134.2,Retained,No Complaint
50897,1,0.0,Phone,3,15.0,Debit Card,Male,3.0,4,Mobile,5,Divorced,4,0,12.0,1.0,2.0,2.0,144.0,Churned,No Complaint
50898,0,10.0,Computer,1,11.0,Cash on Delivery,Male,2.0,1,Mobile,3,Single,1,0,14.0,1.0,1.0,3.0,135.0,Retained,No Complaint
50899,0,9.0,Phone,1,6.0,Debit Card,Female,2.0,3,Mobile,5,Divorced,3,0,22.0,1.0,1.0,0.0,120.66,Retained,No Complaint
50900,0,20.0,Mobile Phone,1,8.0,Credit Card,Female,2.0,3,Grocery,3,Divorced,4,0,19.0,1.0,5.0,6.0,271.69,Retained,No Complaint
50901,0,0.0,Phone,3,10.0,Credit Card,Female,2.0,3,Laptop & Accessory,3,Divorced,2,1,12.0,1.0,1.0,3.0,141.62,Retained,Filed Complaint
50902,0,5.0,Mobile Phone,3,13.0,E wallet,Male,3.0,3,Laptop & Accessory,2,Divorced,5,0,12.0,1.0,1.0,3.0,192.04,Retained,No Complaint
50903,0,7.0,Phone,1,6.0,Debit Card,Female,2.0,4,Mobile,4,Divorced,6,0,17.0,1.0,1.0,2.0,132.94,Retained,No Complaint
50904,0,9.0,Phone,1,11.0,Credit Card,Male,2.0,1,Mobile,3,Divorced,3,1,12.0,1.0,1.0,3.0,121.27000000000001,Retained,Filed Complaint
50905,0,13.0,Computer,1,15.0,UPI,Male,2.0,3,Laptop & Accessory,3,Married,4,0,11.0,1.0,1.0,7.0,139.75,Retained,No Complaint
50906,0,4.0,Mobile Phone,3,14.0,Debit Card,Male,2.0,3,Fashion,2,Married,2,0,18.0,2.0,9.0,9.0,207.93,Retained,No Complaint
50907,1,9.0,Mobile Phone,3,15.0,E wallet,Male,2.0,3,Fashion,1,Married,5,0,11.0,0.0,4.0,3.0,200.96,Churned,No Complaint
50908,1,2.0,Computer,1,8.0,Debit Card,Female,2.0,4,Mobile,5,Single,3,1,23.0,0.0,1.0,0.0,136.46,Churned,Filed Complaint
50909,1,0.0,Computer,1,6.0,Debit Card,Female,3.0,1,Fashion,4,Single,2,0,11.0,3.0,4.0,7.0,174.46,Churned,No Complaint
50910,0,18.0,Mobile Phone,1,26.0,Credit Card,Male,3.0,5,Fashion,5,Married,3,1,18.0,0.0,1.0,7.0,208.51,Retained,Filed Complaint
50911,0,9.0,Phone,2,14.0,Credit Card,Female,3.0,1,Mobile,4,Single,10,0,18.0,0.0,1.0,2.0,121.09,Retained,No Complaint
50912,1,0.0,Computer,1,8.0,Debit Card,Male,3.0,3,Mobile,1,Divorced,7,1,13.0,2.0,2.0,2.0,137.22,Churned,Filed Complaint
50913,0,18.0,Mobile Phone,1,35.0,Cash on Delivery,Male,2.0,3,Fashion,1,Divorced,5,1,18.0,1.0,1.0,2.0,193.8,Retained,Filed Complaint
50914,0,21.0,Mobile Phone,3,13.0,E wallet,Male,3.0,3,Laptop & Accessory,5,Married,5,0,11.0,1.0,2.0,2.0,154.86,Retained,No Complaint
50915,1,0.0,Phone,2,15.0,Cash on Delivery,Female,3.0,3,Mobile,3,Divorced,2,0,15.0,1.0,2.0,2.0,127.41999999999999,Churned,No Complaint
50916,0,13.0,Computer,1,14.0,Credit Card,Male,2.0,4,Fashion,4,Married,3,0,11.0,1.0,2.0,8.0,237.57,Retained,No Complaint
50917,0,1.0,Mobile Phone,3,11.0,Credit Card,Male,2.0,3,Laptop & Accessory,5,Single,1,0,18.0,1.0,1.0,3.0,184.63,Retained,No Complaint
50918,0,17.0,Computer,1,11.0,Debit Card,Male,3.0,4,Mobile,3,Single,4,0,14.0,0.0,1.0,3.0,131.62,Retained,No Complaint
50919,0,26.0,Mobile Phone,1,8.0,Credit Card,Male,2.0,1,Grocery,4,Single,5,0,12.0,1.0,8.0,8.0,265.98,Retained,No Complaint
50920,0,22.0,Mobile Phone,1,11.0,Cash on Delivery,Male,3.0,3,Laptop & Accessory,3,Divorced,3,0,14.0,0.0,1.0,2.0,166.51,Retained,No Complaint
50921,0,13.0,Phone,1,14.0,Credit Card,Male,3.0,3,Mobile,3,Married,3,0,14.0,0.0,1.0,2.0,123.44999999999999,Retained,No Complaint
50922,0,17.0,Phone,1,26.0,Debit Card,Male,2.0,3,Mobile,4,Single,2,0,13.0,1.0,1.0,3.0,134.2,Retained,No Complaint
50923,0,6.0,Computer,3,13.0,Credit Card,Male,2.0,3,Laptop & Accessory,5,Divorced,1,0,14.0,0.0,1.0,3.0,143.73,Retained,No Complaint
50924,0,7.0,Phone,3,9.0,UPI,Male,2.0,5,Laptop & Accessory,5,Single,4,0,18.0,2.0,3.0,12.0,147.59,Retained,No Complaint
50925,0,3.0,Mobile Phone,3,22.0,Debit Card,Male,3.0,3,Laptop & Accessory,3,Divorced,9,0,15.0,0.0,2.0,2.0,153.01,Retained,No Complaint
50926,0,15.0,Computer,1,15.0,Credit Card,Female,3.0,3,Mobile,1,Single,2,0,13.0,4.0,5.0,8.0,136.73,Retained,No Complaint
50927,0,17.0,Computer,3,6.0,E wallet,Female,3.0,3,Laptop & Accessory,3,Divorced,8,0,12.0,1.0,1.0,0.0,147.68,Retained,No Complaint
50928,0,9.0,Computer,1,13.0,Cash on Delivery,Male,3.0,3,Mobile,3,Married,2,0,13.0,0.0,1.0,0.0,112.74000000000001,Retained,No Complaint
50929,0,50.0,Phone,1,6.0,Debit Card,Male,3.0,1,Laptop & Accessory,3,Divorced,1,0,24.0,1.0,2.0,8.0,149.0,Retained,No Complaint
50930,0,22.0,Mobile Phone,1,13.0,Debit Card,Male,2.0,3,Fashion,4,Married,4,0,14.0,0.0,1.0,7.0,204.66,Retained,No Complaint
50931,0,7.0,Computer,1,21.0,Credit Card,Male,3.0,3,Grocery,5,Married,8,0,14.0,1.0,6.0,9.0,270.07,Retained,No Complaint
50932,1,0.0,Computer,3,6.0,Cash on Delivery,Male,3.0,3,Mobile,3,Divorced,4,0,15.0,1.0,1.0,2.0,129.09,Churned,No Complaint
50933,1,0.0,Computer,3,19.0,Cash on Delivery,Female,2.0,3,Laptop & Accessory,4,Single,6,0,11.0,0.0,1.0,0.0,157.65,Churned,No Complaint
50934,1,0.0,Phone,3,30.0,Credit Card,Female,2.0,4,Laptop & Accessory,4,Single,1,1,23.0,2.0,10.0,10.0,145.99,Churned,Filed Complaint
50935,0,8.0,Phone,3,14.0,Debit Card,Male,3.0,3,Mobile,3,Divorced,2,0,13.0,1.0,1.0,0.0,124.03999999999999,Retained,No Complaint
50936,1,0.0,Computer,1,15.0,Credit Card,Male,2.0,3,Mobile,5,Single,3,1,11.0,0.0,1.0,0.0,131.72,Churned,Filed Complaint
50937,0,9.0,Computer,3,19.0,Debit Card,Female,3.0,3,Mobile,4,Divorced,2,0,13.0,0.0,1.0,0.0,120.33000000000001,Retained,No Complaint
50938,0,17.0,Computer,1,8.0,Credit Card,Male,2.0,3,Fashion,3,Single,6,1,18.0,0.0,2.0,2.0,202.09,Retained,Filed Complaint
50939,0,2.0,Mobile Phone,3,25.0,Debit Card,Male,3.0,4,Laptop & Accessory,3,Married,2,0,14.0,1.0,1.0,4.0,186.2,Retained,No Complaint
50940,0,9.0,Phone,2,6.0,Debit Card,Male,2.0,3,Mobile,3,Married,1,0,21.0,0.0,1.0,3.0,120.63999999999999,Retained,No Complaint
50941,0,28.0,Phone,1,10.0,Debit Card,Male,1.0,3,Laptop & Accessory,3,Divorced,1,1,16.0,0.0,1.0,2.0,140.35,Retained,Filed Complaint
50942,0,6.0,Phone,1,10.0,Credit Card,Female,2.0,4,Mobile,4,Divorced,9,0,11.0,0.0,1.0,2.0,138.38,Retained,No Complaint
50943,0,20.0,Phone,3,20.0,Credit Card,Female,3.0,3,Laptop & Accessory,3,Divorced,4,1,17.0,1.0,1.0,2.0,145.91,Retained,Filed Complaint
50944,1,0.0,Computer,1,14.0,Credit Card,Male,2.0,4,Mobile,5,Single,8,0,11.0,0.0,1.0,0.0,125.61000000000001,Churned,No Complaint
50945,0,9.0,Mobile Phone,1,6.0,Debit Card,Male,3.0,4,Mobile,3,Married,2,0,14.0,0.0,1.0,0.0,115.63,Retained,No Complaint
50946,0,1.0,Computer,3,13.0,Debit Card,Male,2.0,3,Laptop & Accessory,5,Single,1,0,14.0,1.0,1.0,3.0,148.98,Retained,No Complaint
50947,0,22.0,Phone,1,9.0,Credit Card,Female,2.0,4,Laptop & Accessory,5,Divorced,5,0,25.0,1.0,1.0,2.0,147.89,Retained,No Complaint
50948,0,2.0,Computer,1,8.0,Debit Card,Female,3.0,3,Mobile,4,Divorced,1,0,13.0,0.0,1.0,2.0,131.8,Retained,No Complaint
50949,0,1.0,Mobile Phone,1,35.0,Debit Card,Male,3.0,5,Laptop & Accessory,4,Divorced,2,0,14.0,1.0,1.0,7.0,165.49,Retained,No Complaint
50950,0,6.0,Mobile Phone,1,14.0,Debit Card,Male,3.0,3,Laptop & Accessory,3,Single,3,1,17.0,0.0,1.0,0.0,163.88,Retained,Filed Complaint
50951,0,5.0,Mobile Phone,1,16.0,Credit Card,Male,0.0,3,Fashion,1,Single,3,0,25.0,0.0,1.0,3.0,212.44,Retained,No Complaint
50952,0,27.0,Computer,1,17.0,Credit Card,Female,2.0,3,Grocery,1,Married,4,0,20.0,1.0,2.0,12.0,260.32,Retained,No Complaint
50953,1,0.0,Phone,1,14.0,Cash on Delivery,Male,3.0,4,Mobile,5,Single,7,0,13.0,0.0,1.0,7.0,123.62,Churned,No Complaint
50954,0,17.0,Mobile Phone,1,34.0,Debit Card,Male,2.0,3,Grocery,5,Divorced,4,0,13.0,1.0,14.0,17.0,263.28,Retained,No Complaint
50955,0,12.0,Mobile Phone,1,12.0,Debit Card,Female,2.0,3,Fashion,4,Single,5,0,18.0,0.0,2.0,2.0,183.76,Retained,No Complaint
50956,0,19.0,Mobile Phone,3,9.0,Debit Card,Female,2.0,3,Grocery,4,Divorced,9,0,12.0,1.0,5.0,1.0,266.06,Retained,No Complaint
50957,0,8.0,Mobile Phone,1,22.0,Debit Card,Female,3.0,4,Fashion,4,Single,2,0,19.0,1.0,3.0,3.0,186.06,Retained,No Complaint
50958,0,9.0,Phone,1,26.0,Debit Card,Male,3.0,3,Laptop & Accessory,3,Single,1,0,14.0,1.0,1.0,2.0,122.72,Retained,No Complaint
50959,1,9.0,Mobile Phone,1,15.0,Debit Card,Male,2.0,3,Mobile,5,Single,4,0,14.0,1.0,1.0,0.0,120.18,Churned,No Complaint
50960,0,7.0,Mobile Phone,3,6.0,Cash on Delivery,Male,3.0,4,Fashion,3,Divorced,2,1,14.0,7.0,8.0,6.0,170.83,Retained,Filed Complaint
50961,1,0.0,Computer,1,9.0,Debit Card,Female,2.0,3,Mobile,3,Single,2,0,12.0,6.0,7.0,7.0,140.84,Churned,No Complaint
50962,0,23.0,Computer,1,28.0,Credit Card,Male,2.0,5,Grocery,1,Single,2,1,13.0,13.0,2.0,9.0,244.11,Retained,Filed Complaint
50963,0,9.0,Phone,3,13.0,Cash on Delivery,Male,2.0,3,Mobile,3,Married,1,1,25.0,0.0,5.0,7.0,123.08000000000001,Retained,Filed Complaint
50964,0,15.0,Phone,1,8.0,Credit Card,Male,3.0,4,Mobile,4,Married,5,0,14.0,1.0,1.0,0.0,148.41,Retained,No Complaint
50965,0,10.0,Phone,1,19.0,Credit Card,Male,2.0,3,Laptop & Accessory,1,Married,2,0,17.0,0.0,3.0,7.0,142.85,Retained,No Complaint
50966,0,2.0,Mobile Phone,1,14.0,UPI,Female,2.0,5,Laptop & Accessory,5,Married,4,0,13.0,0.0,1.0,7.0,197.15,Retained,No Complaint
50967,0,6.0,Phone,1,31.0,Debit Card,Male,2.0,4,Laptop & Accessory,4,Single,2,0,13.0,0.0,1.0,2.0,143.2,Retained,No Complaint
50968,0,9.0,Phone,1,34.0,Cash on Delivery,Male,3.0,3,Mobile,1,Married,5,0,20.0,1.0,1.0,3.0,121.32,Retained,No Complaint
50969,0,15.0,Computer,1,8.0,Debit Card,Male,2.0,3,Fashion,1,Married,3,1,14.0,12.0,13.0,9.0,201.24,Retained,Filed Complaint
50970,0,13.0,Mobile Phone,3,15.0,Credit Card,Male,2.0,3,Laptop & Accessory,5,Married,1,0,12.0,2.0,7.0,1.0,154.73,Retained,No Complaint
50971,0,6.0,Mobile Phone,1,34.0,Debit Card,Male,3.0,3,Laptop & Accessory,3,Married,2,1,12.0,1.0,5.0,7.0,152.07,Retained,Filed Complaint
50972,0,13.0,Mobile Phone,2,12.0,Credit Card,Male,2.0,3,Grocery,1,Single,2,1,21.0,1.0,7.0,7.0,264.37,Retained,Filed Complaint
50973,0,9.0,Phone,1,27.0,Cash on Delivery,Male,2.0,4,Mobile,5,Married,1,0,14.0,0.0,1.0,0.0,122.96000000000001,Retained,No Complaint
50974,0,13.0,Computer,1,14.0,Debit Card,Male,3.0,3,Laptop & Accessory,1,Married,4,1,18.0,2.0,2.0,2.0,140.69,Retained,Filed Complaint
50975,0,18.0,Mobile Phone,1,6.0,Cash on Delivery,Male,3.0,3,Fashion,4,Married,2,0,12.0,6.0,7.0,7.0,174.41,Retained,No Complaint
50976,0,8.0,Phone,3,14.0,Debit Card,Female,3.0,4,Mobile,3,Married,1,0,23.0,2.0,4.0,2.0,124.30000000000001,Retained,No Complaint
50977,0,5.0,Mobile Phone,1,11.0,Debit Card,Female,3.0,4,Laptop & Accessory,4,Married,4,0,12.0,1.0,2.0,5.0,158.78,Retained,No Complaint
50978,0,9.0,Phone,3,14.0,Debit Card,Male,3.0,3,Mobile,1,Single,4,1,21.0,0.0,1.0,2.0,126.44,Retained,Filed Complaint
50979,0,21.0,Mobile Phone,3,22.0,Debit Card,Female,3.0,3,Laptop & Accessory,3,Married,9,0,14.0,1.0,7.0,7.0,164.39,Retained,No Complaint
50980,0,2.0,Phone,1,14.0,Debit Card,Male,3.0,1,Mobile,3,Married,7,0,18.0,1.0,1.0,0.0,124.50999999999999,Retained,No Complaint
50981,0,6.0,Mobile Phone,3,14.0,Debit Card,Male,2.0,3,Laptop & Accessory,5,Married,3,0,13.0,2.0,2.0,2.0,163.92,Retained,No Complaint
50982,1,0.0,Mobile Phone,3,6.0,Debit Card,Male,3.0,4,Laptop & Accessory,5,Married,2,0,11.0,3.0,6.0,7.0,197.14,Churned,No Complaint
50983,0,11.0,Computer,2,16.0,UPI,Male,3.0,3,Laptop & Accessory,3,Married,4,0,11.0,0.0,1.0,2.0,160.77,Retained,No Complaint
50984,0,8.0,Phone,1,14.0,Credit Card,Male,3.0,4,Mobile,5,Single,2,0,19.0,0.0,1.0,2.0,124.5,Retained,No Complaint
50985,0,3.0,Mobile Phone,3,35.0,Cash on Delivery,Male,2.0,3,Fashion,4,Married,4,0,12.0,0.0,1.0,3.0,192.5,Retained,No Complaint
50986,1,9.0,Phone,1,8.0,Debit Card,Female,3.0,3,Mobile,5,Married,2,1,12.0,1.0,1.0,0.0,120.74000000000001,Churned,Filed Complaint
50987,1,16.0,Mobile Phone,1,8.0,Cash on Delivery,Female,3.0,4,Fashion,1,Married,1,0,16.0,1.0,1.0,9.0,201.69,Churned,No Complaint
50988,1,1.0,Phone,1,8.0,Credit Card,Male,2.0,3,Laptop & Accessory,4,Married,5,0,11.0,0.0,1.0,4.0,148.55,Churned,No Complaint
50989,0,5.0,Computer,1,6.0,Cash on Delivery,Male,3.0,3,Laptop & Accessory,5,Married,5,0,14.0,1.0,1.0,2.0,140.87,Retained,No Complaint
50990,0,21.0,Phone,1,14.0,UPI,Female,3.0,3,Mobile,5,Married,9,0,12.0,7.0,7.0,6.0,123.66999999999999,Retained,No Complaint
50991,0,7.0,Phone,1,13.0,Credit Card,Male,3.0,3,Mobile,1,Single,2,0,13.0,0.0,1.0,0.0,129.72,Retained,No Complaint
50992,0,28.0,Mobile Phone,3,32.0,E wallet,Male,2.0,4,Others,1,Married,2,0,15.0,2.0,2.0,13.0,295.86,Retained,No Complaint
50993,0,7.0,Mobile Phone,1,6.0,Debit Card,Male,2.0,3,Laptop & Accessory,1,Married,10,0,17.0,1.0,2.0,1.0,154.84,Retained,No Complaint
50994,0,9.0,Phone,1,9.0,Debit Card,Female,2.0,3,Mobile,1,Married,2,0,21.0,1.0,1.0,0.0,120.61000000000001,Retained,No Complaint
50995,0,11.0,Mobile Phone,3,20.0,Debit Card,Male,3.0,3,Laptop & Accessory,4,Married,1,0,11.0,5.0,7.0,7.0,199.24,Retained,No Complaint
50996,0,11.0,Phone,3,22.0,Debit Card,Female,2.0,3,Laptop & Accessory,4,Single,3,0,12.0,0.0,1.0,2.0,141.98,Retained,No Complaint
50997,0,9.0,Mobile Phone,3,6.0,Debit Card,Female,3.0,3,Laptop & Accessory,3,Single,7,0,13.0,1.0,1.0,0.0,168.15,Retained,No Complaint
50998,0,2.0,Phone,1,9.0,Credit Card,Male,2.0,3,Mobile,5,Single,2,1,18.0,0.0,1.0,5.0,147.23,Retained,Filed Complaint
50999,0,8.0,Mobile Phone,1,16.0,Credit Card,Female,2.0,3,Laptop & Accessory,3,Single,4,1,16.0,1.0,1.0,4.0,161.42,Retained,Filed Complaint
51000,0,12.0,Mobile Phone,3,12.0,Credit Card,Male,2.0,1,Fashion,3,Married,3,0,11.0,4.0,7.0,6.0,182.37,Retained,No Complaint
51001,0,2.0,Computer,1,8.0,Debit Card,Male,2.0,3,Laptop & Accessory,1,Married,2,0,19.0,0.0,1.0,3.0,188.53,Retained,No Complaint
51002,0,23.0,Mobile Phone,3,5.0,E wallet,Male,2.0,3,Others,3,Married,5,1,15.0,0.0,1.0,0.0,293.31,Retained,Filed Complaint
51003,0,9.0,Phone,1,16.0,Cash on Delivery,Male,2.0,1,Mobile,3,Married,3,0,16.0,2.0,2.0,2.0,120.72999999999999,Retained,No Complaint
51004,0,9.0,Computer,1,12.0,Debit Card,Male,3.0,1,Laptop & Accessory,5,Married,4,1,13.0,1.0,1.0,2.0,155.62,Retained,Filed Complaint
51005,0,15.0,Mobile Phone,1,15.0,UPI,Male,3.0,4,Others,1,Single,9,0,15.0,1.0,1.0,1.0,296.13,Retained,No Complaint
51006,0,8.0,Phone,1,34.0,Debit Card,Male,2.0,1,Laptop & Accessory,3,Married,2,0,17.0,5.0,6.0,8.0,134.07,Retained,No Complaint
51007,0,7.0,Computer,1,16.0,Cash on Delivery,Male,3.0,4,Laptop & Accessory,3,Married,2,0,14.0,2.0,7.0,7.0,150.63,Retained,No Complaint
51008,0,13.0,Phone,3,20.0,Debit Card,Female,2.0,3,Laptop & Accessory,5,Married,2,0,15.0,0.0,1.0,2.0,146.39,Retained,No Complaint
51009,0,16.0,Phone,1,33.0,Cash on Delivery,Male,2.0,1,Mobile,4,Married,6,0,12.0,1.0,1.0,2.0,148.76,Retained,No Complaint
51010,0,8.0,Phone,1,13.0,Debit Card,Male,3.0,4,Mobile,1,Married,2,0,18.0,1.0,1.0,1.0,126.9,Retained,No Complaint
51011,0,19.0,Mobile Phone,3,6.0,Debit Card,Male,2.0,1,Grocery,5,Single,2,0,15.0,1.0,1.0,12.0,275.67,Retained,No Complaint
51012,1,0.0,Phone,1,14.0,Credit Card,Male,2.0,3,Mobile,4,Married,2,1,17.0,0.0,1.0,0.0,124.08000000000001,Churned,Filed Complaint
51013,0,0.0,Computer,1,32.0,UPI,Female,3.0,4,Mobile,3,Married,2,1,14.0,0.0,1.0,3.0,128.14,Retained,Filed Complaint
51014,0,23.0,Computer,1,26.0,Credit Card,Male,2.0,3,Grocery,3,Married,3,1,15.0,3.0,12.0,3.0,212.45,Retained,Filed Complaint
51015,0,5.0,Phone,1,11.0,UPI,Female,2.0,1,Mobile,1,Married,4,0,17.0,1.0,1.0,2.0,133.12,Retained,No Complaint
51016,0,17.0,Mobile Phone,1,13.0,Credit Card,Female,2.0,3,Others,1,Married,1,1,14.0,1.0,1.0,10.0,290.49,Retained,Filed Complaint
51017,0,9.0,Phone,1,13.0,Credit Card,Male,2.0,4,Mobile,4,Married,2,0,12.0,0.0,1.0,1.0,121.41,Retained,No Complaint
51018,0,18.0,Mobile Phone,1,11.0,Credit Card,Female,2.0,5,Laptop & Accessory,5,Single,2,1,14.0,1.0,1.0,4.0,157.69,Retained,Filed Complaint
51019,0,18.0,Computer,3,32.0,E wallet,Male,2.0,4,Laptop & Accessory,5,Married,2,0,15.0,0.0,4.0,5.0,143.85,Retained,No Complaint
51020,0,4.0,Computer,3,8.0,UPI,Male,2.0,3,Laptop & Accessory,5,Single,8,0,13.0,0.0,1.0,3.0,153.32,Retained,No Complaint
51021,0,9.0,Phone,1,18.0,Debit Card,Female,3.0,3,Laptop & Accessory,3,Married,10,1,12.0,0.0,1.0,1.0,146.63,Retained,Filed Complaint
51022,0,7.0,Computer,1,16.0,Debit Card,Male,2.0,1,Laptop & Accessory,1,Married,2,0,13.0,5.0,7.0,2.0,147.24,Retained,No Complaint
51023,0,22.0,Phone,1,31.0,Debit Card,Female,2.0,3,Mobile,5,Married,2,0,14.0,0.0,1.0,4.0,132.11,Retained,No Complaint
51024,0,12.0,Mobile Phone,1,16.0,Credit Card,Male,3.0,3,Laptop & Accessory,5,Married,3,0,13.0,4.0,7.0,7.0,153.77,Retained,No Complaint
51025,0,0.0,Phone,1,25.0,UPI,Male,3.0,4,Mobile,5,Married,2,0,11.0,0.0,1.0,7.0,140.66,Retained,No Complaint
51026,0,8.0,Mobile Phone,1,24.0,Debit Card,Male,2.0,1,Laptop & Accessory,5,Married,2,0,11.0,0.0,1.0,10.0,152.08,Retained,No Complaint
51027,0,1.0,Mobile Phone,1,33.0,Credit Card,Female,2.0,5,Laptop & Accessory,5,Married,1,0,21.0,1.0,1.0,0.0,0.0,Retained,No Complaint
51028,0,0.0,Phone,1,11.0,Credit Card,Male,3.0,3,Mobile,1,Single,2,0,18.0,1.0,2.0,2.0,131.17,Retained,No Complaint
51029,1,9.0,Computer,3,9.0,Credit Card,Female,3.0,3,Mobile,1,Single,2,1,12.0,0.0,1.0,0.0,115.69,Churned,Filed Complaint
51030,0,20.0,Mobile Phone,2,32.0,Debit Card,Female,3.0,3,Others,3,Married,4,0,15.0,1.0,1.0,0.0,296.58,Retained,No Complaint
51031,0,12.0,Phone,1,9.0,Credit Card,Male,3.0,4,Laptop & Accessory,3,Married,1,0,15.0,0.0,1.0,7.0,130.69,Retained,No Complaint
51032,0,13.0,Mobile Phone,1,21.0,Debit Card,Female,3.0,4,Fashion,3,Married,2,0,13.0,1.0,14.0,12.0,204.35,Retained,No Complaint
51033,0,8.0,Computer,1,14.0,Debit Card,Female,2.0,3,Laptop & Accessory,3,Married,2,0,12.0,2.0,2.0,9.0,141.48,Retained,No Complaint
51034,0,10.0,Mobile Phone,1,25.0,Debit Card,Male,2.0,3,Laptop & Accessory,3,Married,4,0,17.0,0.0,1.0,2.0,157.68,Retained,No Complaint
51035,0,12.0,Computer,1,10.0,Credit Card,Female,2.0,3,Laptop & Accessory,3,Single,1,0,13.0,3.0,3.0,8.0,150.42,Retained,No Complaint
51036,0,18.0,Mobile Phone,1,8.0,UPI,Female,2.0,4,Laptop & Accessory,1,Married,2,0,19.0,2.0,3.0,9.0,157.7,Retained,No Complaint
51037,0,11.0,Mobile Phone,1,8.0,Credit Card,Female,2.0,4,Fashion,3,Married,4,1,19.0,1.0,1.0,2.0,177.56,Retained,Filed Complaint
51038,1,0.0,Mobile Phone,3,16.0,Credit Card,Male,2.0,4,Fashion,5,Married,10,0,17.0,4.0,6.0,0.0,203.06,Churned,No Complaint
51039,0,10.0,Phone,1,16.0,Credit Card,Female,3.0,3,Mobile,4,Married,2,0,11.0,1.0,7.0,7.0,139.36,Retained,No Complaint
51040,0,13.0,Mobile Phone,1,22.0,Debit Card,Female,2.0,3,Fashion,1,Single,7,1,15.0,1.0,3.0,3.0,179.45,Retained,Filed Complaint
51041,0,17.0,Computer,2,6.0,UPI,Male,2.0,3,Laptop & Accessory,1,Married,5,1,11.0,1.0,1.0,2.0,157.43,Retained,Filed Complaint
51042,0,21.0,Computer,1,10.0,Credit Card,Male,2.0,4,Grocery,1,Married,3,0,25.0,2.0,2.0,2.0,252.01999999999998,Retained,No Complaint
51043,1,0.0,Mobile Phone,3,21.0,Credit Card,Male,2.0,5,Laptop & Accessory,1,Married,7,1,14.0,1.0,2.0,2.0,154.4,Churned,Filed Complaint
51044,0,0.0,Computer,1,8.0,Cash on Delivery,Female,2.0,3,Mobile,1,Single,2,1,13.0,1.0,1.0,3.0,137.6,Retained,Filed Complaint
51045,0,0.0,Phone,1,14.0,Credit Card,Female,2.0,1,Mobile,3,Married,8,0,17.0,0.0,1.0,2.0,135.17,Retained,No Complaint
51046,0,0.0,Computer,1,14.0,Credit Card,Male,2.0,3,Mobile,1,Single,3,0,13.0,0.0,1.0,2.0,125.80000000000001,Retained,No Complaint
51047,1,9.0,Phone,1,13.0,Debit Card,Male,3.0,3,Mobile,5,Single,4,1,14.0,0.0,1.0,3.0,121.66,Churned,Filed Complaint
51048,0,2.0,Mobile Phone,3,16.0,Credit Card,Male,2.0,4,Laptop & Accessory,3,Single,10,0,11.0,1.0,1.0,4.0,158.69,Retained,No Complaint
51049,0,9.0,Mobile Phone,1,11.0,Debit Card,Female,2.0,3,Fashion,5,Married,5,0,12.0,1.0,1.0,2.0,180.08,Retained,No Complaint
51050,0,0.0,Computer,1,8.0,Debit Card,Male,3.0,1,Laptop & Accessory,3,Married,2,0,17.0,0.0,1.0,7.0,152.06,Retained,No Complaint
51051,0,12.0,Mobile Phone,1,18.0,Credit Card,Male,3.0,3,Laptop & Accessory,4,Married,5,0,21.0,1.0,1.0,0.0,152.95,Retained,No Complaint
51052,0,22.0,Mobile Phone,1,28.0,UPI,Female,3.0,3,Grocery,4,Married,4,0,16.0,1.0,1.0,2.0,264.13,Retained,No Complaint
51053,0,23.0,Mobile Phone,1,23.0,Debit Card,Female,2.0,4,Fashion,5,Married,6,0,15.0,1.0,2.0,11.0,232.69,Retained,No Complaint
51054,0,0.0,Phone,3,8.0,Credit Card,Female,3.0,3,Mobile,3,Single,2,0,19.0,0.0,2.0,2.0,127.83000000000001,Retained,No Complaint
51055,0,7.0,Mobile Phone,1,9.0,Debit Card,Female,3.0,3,Laptop & Accessory,4,Married,2,0,12.0,7.0,7.0,9.0,154.33,Retained,No Complaint
51056,0,9.0,Mobile Phone,1,13.0,Debit Card,Male,3.0,3,Mobile,4,Single,3,0,11.0,0.0,1.0,3.0,120.13,Retained,No Complaint
51057,0,22.0,Mobile Phone,1,12.0,Debit Card,Female,2.0,4,Grocery,3,Married,3,1,19.0,1.0,2.0,12.0,239.66000000000003,Retained,Filed Complaint
51058,0,9.0,Computer,1,6.0,Credit Card,Female,2.0,4,Laptop & Accessory,3,Married,1,0,15.0,1.0,1.0,2.0,143.74,Retained,No Complaint
51059,0,9.0,Mobile Phone,1,9.0,Debit Card,Male,3.0,1,Laptop & Accessory,5,Married,7,0,20.0,1.0,1.0,4.0,168.42,Retained,No Complaint
51060,0,27.0,Mobile Phone,1,28.0,Credit Card,Female,3.0,3,Grocery,3,Married,4,0,25.0,1.0,4.0,7.0,274.26,Retained,No Complaint
51061,0,16.0,Mobile Phone,1,21.0,Debit Card,Male,3.0,4,Grocery,3,Married,2,0,24.0,1.0,6.0,11.0,276.03,Retained,No Complaint
51062,1,0.0,Computer,3,18.0,UPI,Male,2.0,3,Laptop & Accessory,1,Single,4,1,24.0,3.0,6.0,7.0,145.81,Churned,Filed Complaint
51063,0,11.0,Computer,1,6.0,Debit Card,Male,2.0,3,Laptop & Accessory,1,Married,8,0,15.0,2.0,2.0,9.0,147.35,Retained,No Complaint
51064,0,2.0,Phone,3,11.0,Credit Card,Male,2.0,4,Laptop & Accessory,4,Married,2,1,13.0,0.0,1.0,9.0,141.87,Retained,Filed Complaint
51065,0,6.0,Mobile Phone,3,8.0,Credit Card,Male,3.0,3,Laptop & Accessory,1,Married,2,0,14.0,1.0,1.0,4.0,155.05,Retained,No Complaint
51066,0,5.0,Mobile Phone,1,8.0,Credit Card,Male,2.0,3,Laptop & Accessory,4,Married,1,0,13.0,0.0,1.0,6.0,154.7,Retained,No Complaint
51067,0,4.0,Mobile Phone,3,11.0,Debit Card,Female,3.0,3,Laptop & Accessory,1,Married,2,0,11.0,0.0,1.0,2.0,154.76,Retained,No Complaint
51068,0,22.0,Phone,1,14.0,Credit Card,Female,3.0,3,Mobile,5,Married,5,1,16.0,1.0,2.0,2.0,125.87,Retained,Filed Complaint
51069,0,11.0,Computer,1,14.0,Credit Card,Female,2.0,4,Mobile,4,Single,2,0,22.0,1.0,3.0,3.0,124.4,Retained,No Complaint
51070,0,20.0,Mobile Phone,3,8.0,Debit Card,Female,2.0,1,Grocery,4,Married,7,0,14.0,0.0,2.0,2.0,259.72,Retained,No Complaint
51071,0,22.0,Mobile Phone,1,6.0,Debit Card,Male,2.0,3,Grocery,3,Single,5,0,14.0,1.0,2.0,0.0,253.79000000000002,Retained,No Complaint
51072,0,14.0,Mobile Phone,3,29.0,Debit Card,Male,3.0,3,Fashion,3,Single,4,1,16.0,0.0,1.0,2.0,170.82,Retained,Filed Complaint
51073,0,0.0,Phone,3,15.0,Debit Card,Male,3.0,3,Mobile,5,Single,2,0,11.0,0.0,1.0,2.0,127.28,Retained,No Complaint
51074,0,6.0,Computer,3,22.0,Debit Card,Female,2.0,3,Laptop & Accessory,1,Married,2,1,25.0,0.0,1.0,2.0,153.68,Retained,Filed Complaint
51075,0,9.0,Mobile Phone,1,32.0,Debit Card,Male,3.0,3,Laptop & Accessory,3,Married,7,0,14.0,1.0,1.0,2.0,153.47,Retained,No Complaint
51076,0,17.0,Phone,2,6.0,Debit Card,Female,2.0,3,Mobile,1,Married,5,1,18.0,2.0,2.0,2.0,131.95,Retained,Filed Complaint
51077,1,0.0,Phone,1,14.0,Credit Card,Male,3.0,4,Mobile,3,Single,2,1,11.0,1.0,1.0,2.0,139.89,Churned,Filed Complaint
51078,0,11.0,Phone,1,10.0,Credit Card,Female,2.0,3,Mobile,3,Married,8,0,19.0,0.0,1.0,0.0,133.06,Retained,No Complaint
51079,0,26.0,Mobile Phone,1,30.0,Credit Card,Male,2.0,1,Fashion,1,Married,4,0,15.0,0.0,1.0,2.0,170.05,Retained,No Complaint
51080,1,11.0,Computer,3,14.0,Credit Card,Female,3.0,3,Mobile,3,Married,3,1,11.0,4.0,7.0,7.0,126.55000000000001,Churned,Filed Complaint
51081,1,9.0,Mobile Phone,1,8.0,Debit Card,Male,3.0,3,Mobile,4,Single,2,0,12.0,1.0,1.0,0.0,113.93,Churned,No Complaint
51082,0,0.0,Computer,1,14.0,Credit Card,Male,3.0,3,Mobile,1,Single,2,0,20.0,5.0,5.0,7.0,125.69999999999999,Retained,No Complaint
51083,0,28.0,Phone,1,28.0,Cash on Delivery,Male,3.0,4,Mobile,4,Married,6,0,12.0,1.0,1.0,2.0,135.37,Retained,No Complaint
51084,0,7.0,Phone,1,11.0,Credit Card,Male,2.0,4,Laptop & Accessory,1,Married,2,0,14.0,4.0,4.0,13.0,139.86,Retained,No Complaint
51085,0,30.0,Mobile Phone,1,6.0,Credit Card,Male,3.0,5,Fashion,1,Married,4,0,20.0,0.0,1.0,0.0,208.82999999999998,Retained,No Complaint
51086,0,9.0,Phone,1,27.0,Credit Card,Male,3.0,1,Mobile,4,Married,2,0,18.0,2.0,2.0,13.0,120.28,Retained,No Complaint
51087,0,10.0,Computer,3,6.0,Credit Card,Male,2.0,5,Laptop & Accessory,1,Married,2,0,14.0,0.0,1.0,3.0,195.25,Retained,No Complaint
51088,0,7.0,Phone,1,25.0,Debit Card,Female,3.0,4,Mobile,1,Married,2,0,12.0,3.0,8.0,7.0,129.29,Retained,No Complaint
51089,1,9.0,Phone,3,13.0,Debit Card,Male,2.0,3,Mobile,1,Married,2,1,21.0,1.0,1.0,2.0,122.75,Churned,Filed Complaint
51090,0,17.0,Mobile Phone,1,8.0,Debit Card,Female,3.0,1,Fashion,1,Married,2,1,19.0,6.0,6.0,7.0,178.79,Retained,Filed Complaint
51091,0,8.0,Computer,1,8.0,Credit Card,Male,3.0,4,Mobile,1,Single,1,1,14.0,1.0,1.0,4.0,149.3,Retained,Filed Complaint
51092,0,16.0,Mobile Phone,3,8.0,Credit Card,Male,3.0,3,Laptop & Accessory,1,Married,2,1,17.0,0.0,8.0,8.0,178.47,Retained,Filed Complaint
51093,0,0.0,Phone,1,15.0,Credit Card,Male,3.0,1,Mobile,3,Married,2,0,16.0,0.0,1.0,4.0,144.01,Retained,No Complaint
51094,0,14.0,Mobile Phone,3,12.0,E wallet,Male,2.0,3,Fashion,3,Single,2,0,12.0,6.0,8.0,7.0,192.41,Retained,No Complaint
51095,0,2.0,Phone,1,15.0,Credit Card,Female,3.0,3,Mobile,3,Married,10,0,17.0,1.0,1.0,2.0,129.74,Retained,No Complaint
51096,0,9.0,Phone,3,8.0,Debit Card,Female,2.0,3,Laptop & Accessory,1,Single,4,0,15.0,3.0,6.0,7.0,145.02,Retained,No Complaint
51097,0,18.0,Computer,1,6.0,Debit Card,Male,3.0,4,Fashion,3,Married,4,0,23.0,3.0,14.0,4.0,207.48000000000002,Retained,No Complaint
51098,1,9.0,Mobile Phone,2,28.0,UPI,Male,2.0,5,Mobile,3,Married,2,0,11.0,0.0,1.0,0.0,115.55000000000001,Churned,No Complaint
51099,1,10.0,Computer,3,15.0,Debit Card,Male,2.0,5,Grocery,3,Married,8,0,11.0,1.0,14.0,3.0,229.36,Churned,No Complaint
51100,0,9.0,Phone,1,23.0,Credit Card,Male,3.0,5,Mobile,3,Married,2,0,15.0,0.0,1.0,2.0,123.05000000000001,Retained,No Complaint
51101,0,18.0,Mobile Phone,1,34.0,Cash on Delivery,Female,2.0,4,Grocery,4,Single,2,0,11.0,1.0,8.0,6.0,267.04,Retained,No Complaint
51102,0,5.0,Computer,1,16.0,Debit Card,Male,2.0,3,Mobile,3,Married,7,0,13.0,0.0,1.0,3.0,134.33,Retained,No Complaint
51103,0,4.0,Phone,1,8.0,Debit Card,Male,3.0,3,Mobile,3,Married,2,0,14.0,0.0,1.0,3.0,134.77,Retained,No Complaint
51104,0,14.0,Computer,2,10.0,UPI,Male,2.0,5,Laptop & Accessory,4,Married,7,0,19.0,0.0,1.0,2.0,164.3,Retained,No Complaint
51105,0,13.0,Mobile Phone,1,14.0,Debit Card,Female,3.0,3,Laptop & Accessory,5,Married,3,1,16.0,0.0,1.0,0.0,165.16,Retained,Filed Complaint
51106,0,0.0,Phone,1,35.0,Credit Card,Male,3.0,3,Mobile,5,Married,2,0,13.0,1.0,1.0,2.0,139.07,Retained,No Complaint
51107,0,19.0,Mobile Phone,1,19.0,Debit Card,Male,2.0,3,Laptop & Accessory,4,Single,7,0,14.0,1.0,1.0,9.0,155.62,Retained,No Complaint
51108,0,8.0,Mobile Phone,1,33.0,Debit Card,Male,2.0,3,Laptop & Accessory,3,Married,3,0,16.0,0.0,1.0,7.0,168.83,Retained,No Complaint
51109,0,3.0,Phone,1,22.0,Debit Card,Male,3.0,3,Mobile,1,Married,2,0,12.0,0.0,1.0,8.0,128.62,Retained,No Complaint
51110,0,20.0,Computer,3,8.0,E wallet,Male,2.0,3,Laptop & Accessory,4,Married,8,0,11.0,0.0,1.0,0.0,149.78,Retained,No Complaint
51111,0,19.0,Mobile Phone,3,8.0,Debit Card,Male,3.0,3,Fashion,1,Married,5,1,12.0,0.0,1.0,3.0,203.68,Retained,Filed Complaint
51112,1,0.0,Mobile Phone,3,19.0,E wallet,Male,3.0,4,Laptop & Accessory,5,Married,6,1,13.0,2.0,2.0,2.0,161.34,Churned,Filed Complaint
51113,1,0.0,Mobile Phone,3,6.0,Debit Card,Male,2.0,5,Laptop & Accessory,4,Single,7,0,15.0,0.0,1.0,0.0,167.35,Churned,No Complaint
51114,0,0.0,Phone,1,10.0,Credit Card,Female,2.0,3,Mobile,4,Single,2,0,13.0,1.0,1.0,2.0,132.95,Retained,No Complaint
51115,0,4.0,Computer,1,30.0,Cash on Delivery,Female,1.0,3,Laptop & Accessory,1,Single,3,0,20.0,1.0,1.0,4.0,152.38,Retained,No Complaint
51116,0,12.0,Computer,1,6.0,Debit Card,Male,3.0,3,Laptop & Accessory,1,Married,2,1,15.0,3.0,5.0,8.0,164.72,Retained,Filed Complaint
51117,0,5.0,Mobile Phone,3,25.0,Debit Card,Male,3.0,5,Fashion,3,Married,4,0,13.0,1.0,1.0,2.0,196.1,Retained,No Complaint
51118,0,13.0,Mobile Phone,3,13.0,Credit Card,Male,2.0,3,Others,4,Single,2,0,15.0,1.0,12.0,8.0,298.33,Retained,No Complaint
51119,0,18.0,Mobile Phone,2,10.0,Debit Card,Female,2.0,5,Fashion,3,Married,5,0,21.0,1.0,1.0,3.0,197.56,Retained,No Complaint
51120,0,3.0,Computer,1,8.0,Cash on Delivery,Female,3.0,4,Mobile,5,Single,1,0,16.0,0.0,1.0,7.0,149.68,Retained,No Complaint
51121,0,9.0,Computer,2,16.0,Credit Card,Male,2.0,3,Mobile,1,Married,1,0,14.0,1.0,2.0,1.0,121.44999999999999,Retained,No Complaint
51122,1,9.0,Computer,2,14.0,UPI,Female,3.0,4,Mobile,1,Married,7,0,11.0,1.0,1.0,2.0,121.80000000000001,Churned,No Complaint
51123,0,4.0,Mobile Phone,3,11.0,Cash on Delivery,Male,2.0,3,Laptop & Accessory,3,Married,2,0,19.0,0.0,1.0,2.0,183.46,Retained,No Complaint
51124,0,0.0,Phone,1,14.0,Credit Card,Female,3.0,3,Mobile,1,Single,2,0,11.0,1.0,1.0,4.0,134.45,Retained,No Complaint
51125,1,0.0,Phone,3,15.0,E wallet,Female,3.0,5,Mobile,4,Single,2,0,13.0,1.0,2.0,2.0,127.6,Churned,No Complaint
51126,0,2.0,Computer,1,6.0,Debit Card,Male,3.0,1,Laptop & Accessory,3,Single,9,1,12.0,0.0,1.0,2.0,162.94,Retained,Filed Complaint
51127,0,3.0,Mobile Phone,3,21.0,E wallet,Male,3.0,4,Fashion,5,Married,3,0,11.0,0.0,1.0,7.0,171.4,Retained,No Complaint
51128,0,7.0,Phone,1,8.0,Credit Card,Male,3.0,1,Mobile,1,Married,1,1,14.0,0.0,1.0,2.0,129.32,Retained,Filed Complaint
51129,0,6.0,Computer,3,8.0,E wallet,Female,3.0,3,Laptop & Accessory,4,Single,9,0,15.0,0.0,1.0,7.0,151.47,Retained,No Complaint
51130,0,22.0,Phone,3,17.0,E wallet,Female,3.0,3,Laptop & Accessory,1,Single,4,0,12.0,0.0,1.0,4.0,145.07,Retained,No Complaint
51131,1,0.0,Mobile Phone,3,22.0,Debit Card,Female,3.0,3,Fashion,5,Single,3,1,20.0,0.0,1.0,0.0,185.64,Churned,Filed Complaint
51132,0,11.0,Computer,1,14.0,Credit Card,Female,3.0,4,Mobile,4,Married,5,0,14.0,0.0,1.0,5.0,124.68,Retained,No Complaint
51133,1,0.0,Mobile Phone,3,22.0,E wallet,Male,3.0,3,Fashion,3,Married,3,0,13.0,1.0,1.0,0.0,181.61,Churned,No Complaint
51134,0,9.0,Phone,1,10.0,Cash on Delivery,Female,3.0,4,Mobile,5,Married,2,0,13.0,0.0,1.0,0.0,121.09,Retained,No Complaint
51135,0,0.0,Mobile Phone,1,22.0,Debit Card,Male,2.0,1,Laptop & Accessory,3,Married,4,0,16.0,1.0,1.0,7.0,152.94,Retained,No Complaint
51136,0,5.0,Computer,1,11.0,Cash on Delivery,Male,3.0,3,Mobile,4,Single,3,0,14.0,1.0,1.0,7.0,127.18,Retained,No Complaint
51137,0,11.0,Mobile Phone,1,24.0,Credit Card,Male,2.0,5,Laptop & Accessory,1,Married,4,1,16.0,0.0,1.0,0.0,158.11,Retained,Filed Complaint
51138,1,6.0,Computer,1,14.0,Cash on Delivery,Male,2.0,4,Mobile,3,Married,10,1,16.0,1.0,1.0,0.0,124.37,Churned,Filed Complaint
51139,0,15.0,Phone,1,18.0,Credit Card,Male,3.0,3,Mobile,4,Married,9,0,22.0,1.0,1.0,4.0,127.66,Retained,No Complaint
51140,0,28.0,Mobile Phone,1,8.0,Credit Card,Male,2.0,4,Others,5,Married,9,0,12.0,1.0,1.0,0.0,290.38,Retained,No Complaint
51141,0,6.0,Computer,1,10.0,Cash on Delivery,Male,3.0,3,Laptop & Accessory,4,Married,6,0,15.0,0.0,1.0,7.0,130.55,Retained,No Complaint
51142,0,9.0,Phone,1,15.0,Debit Card,Male,3.0,3,Mobile,5,Married,2,0,20.0,1.0,1.0,4.0,122.88999999999999,Retained,No Complaint
51143,0,7.0,Computer,3,16.0,Debit Card,Male,2.0,3,Laptop & Accessory,3,Married,2,1,14.0,1.0,1.0,7.0,140.01,Retained,Filed Complaint
51144,0,26.0,Computer,1,6.0,Credit Card,Female,2.0,4,Grocery,3,Married,5,1,20.0,0.0,1.0,3.0,229.64999999999998,Retained,Filed Complaint
51145,0,16.0,Phone,2,8.0,Debit Card,Male,3.0,3,Mobile,1,Single,1,0,13.0,0.0,1.0,8.0,135.39,Retained,No Complaint
51146,0,7.0,Mobile Phone,3,9.0,Debit Card,Female,2.0,5,Laptop & Accessory,1,Single,6,0,12.0,1.0,2.0,2.0,160.29,Retained,No Complaint
51147,1,0.0,Phone,3,13.0,E wallet,Male,3.0,3,Mobile,4,Single,2,0,13.0,1.0,1.0,0.0,126.78999999999999,Churned,No Complaint
51148,0,11.0,Phone,1,12.0,UPI,Female,2.0,4,Mobile,3,Married,2,0,11.0,0.0,1.0,4.0,137.02,Retained,No Complaint
51149,1,0.0,Phone,1,14.0,Credit Card,Female,3.0,3,Mobile,5,Married,2,1,17.0,0.0,1.0,0.0,123.97999999999999,Churned,Filed Complaint
51150,0,4.0,Mobile Phone,3,35.0,E wallet,Female,3.0,4,Laptop & Accessory,1,Married,2,0,14.0,2.0,5.0,7.0,154.68,Retained,No Complaint
51151,0,24.0,Mobile Phone,1,9.0,Cash on Delivery,Female,2.0,3,Fashion,3,Married,3,0,11.0,2.0,2.0,3.0,231.16000000000003,Retained,No Complaint
51152,0,10.0,Phone,3,15.0,E wallet,Male,2.0,4,Laptop & Accessory,4,Married,2,0,14.0,0.0,1.0,3.0,141.89,Retained,No Complaint
51153,0,19.0,Mobile Phone,1,8.0,Credit Card,Male,2.0,3,Others,1,Married,8,1,15.0,1.0,2.0,2.0,293.28,Retained,Filed Complaint
51154,0,9.0,Mobile Phone,1,16.0,Debit Card,Male,2.0,3,Fashion,5,Married,8,1,13.0,1.0,5.0,7.0,183.21,Retained,Filed Complaint
51155,1,7.0,Computer,1,14.0,Credit Card,Male,2.0,3,Mobile,4,Married,2,1,12.0,1.0,2.0,3.0,123.41999999999999,Churned,Filed Complaint
51156,0,10.0,Phone,2,14.0,UPI,Male,2.0,3,Laptop & Accessory,4,Married,3,0,13.0,4.0,4.0,7.0,140.71,Retained,No Complaint
51157,1,0.0,Mobile Phone,3,33.0,Debit Card,Male,2.0,3,Laptop & Accessory,1,Single,2,1,18.0,0.0,7.0,7.0,158.13,Churned,Filed Complaint
51158,0,6.0,Phone,1,14.0,Debit Card,Male,3.0,1,Mobile,5,Married,7,0,19.0,6.0,7.0,6.0,131.43,Retained,No Complaint
51159,0,9.0,Phone,1,6.0,Debit Card,Male,2.0,3,Mobile,1,Married,2,0,11.0,0.0,1.0,3.0,120.44,Retained,No Complaint
51160,0,12.0,Mobile Phone,1,16.0,Credit Card,Male,3.0,3,Fashion,3,Single,8,0,21.0,2.0,2.0,2.0,234.64,Retained,No Complaint
51161,0,19.0,Computer,3,32.0,Debit Card,Male,3.0,4,Laptop & Accessory,4,Single,9,0,15.0,2.0,2.0,2.0,179.91,Retained,No Complaint
51162,0,13.0,Phone,1,8.0,Debit Card,Female,2.0,3,Mobile,5,Married,5,0,17.0,1.0,1.0,2.0,133.77,Retained,No Complaint
51163,0,15.0,Mobile Phone,1,19.0,Credit Card,Male,3.0,1,Laptop & Accessory,5,Married,6,0,18.0,1.0,1.0,0.0,155.38,Retained,No Complaint
51164,0,8.0,Computer,1,8.0,Credit Card,Male,2.0,3,Laptop & Accessory,1,Married,3,0,14.0,0.0,1.0,7.0,157.62,Retained,No Complaint
51165,0,11.0,Computer,2,14.0,UPI,Male,3.0,3,Mobile,4,Married,6,0,13.0,3.0,3.0,8.0,125.91999999999999,Retained,No Complaint
51166,1,0.0,Computer,1,15.0,Debit Card,Male,3.0,3,Laptop & Accessory,5,Married,5,0,17.0,0.0,1.0,7.0,153.46,Churned,No Complaint
51167,1,0.0,Phone,1,16.0,Credit Card,Male,2.0,3,Laptop & Accessory,5,Single,2,0,15.0,0.0,1.0,8.0,142.13,Churned,No Complaint
51168,0,12.0,Computer,3,26.0,Debit Card,Male,2.0,3,Laptop & Accessory,1,Married,3,0,18.0,1.0,2.0,2.0,141.27,Retained,No Complaint
51169,0,16.0,Computer,1,14.0,Debit Card,Male,2.0,3,Mobile,3,Single,5,0,13.0,0.0,1.0,2.0,124.38,Retained,No Complaint
51170,0,14.0,Mobile Phone,1,11.0,Debit Card,Male,2.0,1,Laptop & Accessory,4,Single,4,0,12.0,1.0,1.0,2.0,168.7,Retained,No Complaint
51171,0,14.0,Mobile Phone,3,10.0,E wallet,Female,2.0,3,Fashion,3,Married,1,1,13.0,0.0,13.0,5.0,204.47,Retained,Filed Complaint
51172,0,3.0,Mobile Phone,1,16.0,Credit Card,Female,3.0,3,Fashion,3,Single,10,0,14.0,0.0,1.0,2.0,196.67,Retained,No Complaint
51173,1,9.0,Phone,2,26.0,Credit Card,Female,3.0,3,Mobile,4,Married,1,1,11.0,0.0,1.0,4.0,121.47999999999999,Churned,Filed Complaint
51174,1,9.0,Mobile Phone,1,27.0,Credit Card,Female,3.0,3,Laptop & Accessory,4,Married,5,0,22.0,1.0,3.0,7.0,189.26,Churned,No Complaint
51175,0,13.0,Mobile Phone,1,6.0,Debit Card,Female,2.0,3,Laptop & Accessory,1,Married,5,0,17.0,0.0,1.0,3.0,165.13,Retained,No Complaint
51176,0,7.0,Mobile Phone,3,14.0,Cash on Delivery,Male,3.0,1,Laptop & Accessory,3,Married,2,0,21.0,0.0,4.0,8.0,167.99,Retained,No Complaint
51177,0,30.0,Computer,3,8.0,Credit Card,Male,2.0,3,Grocery,4,Married,5,0,22.0,10.0,14.0,14.0,0.0,Retained,No Complaint
51178,0,8.0,Phone,1,29.0,Credit Card,Male,3.0,5,Mobile,3,Married,1,0,16.0,1.0,1.0,3.0,127.05000000000001,Retained,No Complaint
51179,0,20.0,Mobile Phone,1,10.0,Debit Card,Female,3.0,4,Fashion,4,Married,9,1,12.0,2.0,14.0,10.0,203.33,Retained,Filed Complaint
51180,0,13.0,Phone,1,18.0,Debit Card,Female,2.0,3,Laptop & Accessory,5,Married,3,0,12.0,7.0,7.0,7.0,144.48,Retained,No Complaint
51181,0,27.0,Mobile Phone,1,13.0,Credit Card,Female,3.0,3,Laptop & Accessory,1,Married,5,0,15.0,1.0,1.0,7.0,168.54,Retained,No Complaint
51182,0,4.0,Computer,3,13.0,E wallet,Female,3.0,3,Fashion,5,Married,3,0,14.0,2.0,2.0,2.0,196.37,Retained,No Complaint
51183,0,1.0,Phone,1,6.0,Credit Card,Female,3.0,3,Mobile,5,Married,2,0,25.0,1.0,1.0,2.0,135.91,Retained,No Complaint
51184,0,11.0,Mobile Phone,3,8.0,E wallet,Female,3.0,5,Laptop & Accessory,1,Married,3,1,20.0,0.0,1.0,3.0,154.05,Retained,Filed Complaint
51185,0,0.0,Phone,3,16.0,Credit Card,Male,2.0,3,Laptop & Accessory,1,Single,2,0,13.0,0.0,1.0,2.0,146.84,Retained,No Complaint
51186,0,30.0,Computer,1,21.0,Debit Card,Male,2.0,3,Grocery,3,Married,3,1,14.0,1.0,2.0,2.0,257.87,Retained,Filed Complaint
51187,0,9.0,Computer,1,20.0,Credit Card,Female,2.0,3,Mobile,3,Single,2,0,16.0,1.0,1.0,0.0,115.13999999999999,Retained,No Complaint
51188,1,0.0,Phone,2,24.0,UPI,Male,3.0,1,Mobile,5,Married,1,0,17.0,1.0,1.0,0.0,129.56,Churned,No Complaint
51189,1,0.0,Phone,2,14.0,UPI,Male,2.0,4,Mobile,5,Married,5,1,15.0,1.0,2.0,0.0,123.35,Churned,Filed Complaint
51190,0,18.0,Computer,3,8.0,Debit Card,Female,3.0,3,Laptop & Accessory,3,Married,5,0,22.0,3.0,5.0,7.0,151.54,Retained,No Complaint
51191,0,9.0,Mobile Phone,1,8.0,UPI,Female,3.0,3,Laptop & Accessory,4,Married,5,1,22.0,0.0,1.0,0.0,169.62,Retained,Filed Complaint
51192,0,16.0,Computer,3,8.0,Debit Card,Male,3.0,3,Laptop & Accessory,1,Married,2,0,20.0,5.0,7.0,7.0,156.75,Retained,No Complaint
51193,0,0.0,Computer,1,14.0,Debit Card,Female,2.0,3,Mobile,1,Single,1,1,14.0,1.0,1.0,2.0,123.78999999999999,Retained,Filed Complaint
51194,0,2.0,Computer,1,26.0,Credit Card,Male,2.0,3,Mobile,1,Married,2,0,13.0,1.0,3.0,10.0,138.12,Retained,No Complaint
51195,0,5.0,Computer,3,16.0,E wallet,Male,3.0,3,Laptop & Accessory,1,Single,9,0,13.0,1.0,1.0,0.0,146.48,Retained,No Complaint
51196,0,15.0,Computer,1,16.0,Cash on Delivery,Male,3.0,3,Mobile,3,Married,4,0,22.0,1.0,3.0,3.0,129.36,Retained,No Complaint
51197,0,9.0,Phone,1,15.0,Debit Card,Female,3.0,3,Mobile,3,Single,5,0,12.0,1.0,2.0,0.0,121.05000000000001,Retained,No Complaint
51198,0,19.0,Mobile Phone,1,8.0,Debit Card,Male,2.0,3,Fashion,1,Married,4,0,14.0,1.0,4.0,7.0,185.78,Retained,No Complaint
51199,0,1.0,Computer,2,6.0,Debit Card,Male,3.0,3,Mobile,1,Married,2,0,15.0,0.0,2.0,2.0,127.06,Retained,No Complaint
51200,0,2.0,Mobile Phone,1,35.0,Debit Card,Male,3.0,5,Laptop & Accessory,3,Married,9,0,17.0,1.0,1.0,6.0,163.84,Retained,No Complaint
51201,0,15.0,Phone,1,14.0,Debit Card,Male,2.0,3,Mobile,3,Single,5,0,13.0,1.0,1.0,0.0,139.68,Retained,No Complaint
51202,1,0.0,Mobile Phone,3,8.0,E wallet,Male,2.0,4,Laptop & Accessory,4,Single,8,1,12.0,2.0,2.0,2.0,199.07,Churned,Filed Complaint
51203,0,19.0,Mobile Phone,3,9.0,Cash on Delivery,Female,2.0,1,Grocery,5,Married,3,0,12.0,1.0,2.0,8.0,232.25,Retained,No Complaint
51204,0,0.0,Phone,3,29.0,Credit Card,Female,2.0,4,Laptop & Accessory,3,Married,2,0,21.0,4.0,5.0,8.0,135.4,Retained,No Complaint
51205,0,2.0,Phone,2,12.0,Credit Card,Male,3.0,4,Mobile,4,Married,2,0,11.0,1.0,1.0,0.0,128.04,Retained,No Complaint
51206,0,16.0,Mobile Phone,1,12.0,Credit Card,Female,2.0,4,Others,3,Married,8,0,15.0,3.0,6.0,14.0,293.92,Retained,No Complaint
51207,0,21.0,Mobile Phone,1,16.0,Debit Card,Male,3.0,4,Others,4,Married,5,0,15.0,3.0,12.0,9.0,296.65,Retained,No Complaint
51208,1,0.0,Computer,1,14.0,Debit Card,Male,3.0,4,Mobile,1,Single,2,1,24.0,1.0,1.0,0.0,124.38999999999999,Churned,Filed Complaint
51209,1,9.0,Mobile Phone,3,16.0,Debit Card,Female,3.0,3,Fashion,4,Married,6,0,21.0,0.0,1.0,7.0,173.14,Churned,No Complaint
51210,0,0.0,Computer,1,21.0,Debit Card,Female,3.0,4,Mobile,5,Married,1,0,19.0,7.0,7.0,3.0,147.74,Retained,No Complaint
51211,0,12.0,Phone,1,25.0,UPI,Male,2.0,3,Laptop & Accessory,1,Married,9,0,14.0,1.0,2.0,2.0,139.02,Retained,No Complaint
51212,0,28.0,Phone,1,8.0,Cash on Delivery,Male,3.0,4,Mobile,1,Married,9,0,20.0,0.0,1.0,4.0,126.62,Retained,No Complaint
51213,0,1.0,Phone,3,9.0,Credit Card,Female,3.0,3,Mobile,4,Married,2,0,19.0,1.0,1.0,0.0,128.56,Retained,No Complaint
51214,1,0.0,Mobile Phone,3,15.0,Credit Card,Male,2.0,3,Mobile,1,Single,2,0,13.0,0.0,1.0,0.0,110.81,Churned,No Complaint
51215,1,0.0,Phone,1,14.0,Debit Card,Male,3.0,3,Mobile,4,Single,2,1,23.0,1.0,1.0,0.0,124.72,Churned,Filed Complaint
51216,0,9.0,Mobile Phone,3,16.0,Cash on Delivery,Female,3.0,4,Laptop & Accessory,3,Married,2,1,13.0,1.0,1.0,7.0,156.73,Retained,Filed Complaint
51217,0,4.0,Phone,1,26.0,Debit Card,Male,2.0,3,Laptop & Accessory,3,Married,2,0,11.0,0.0,1.0,2.0,141.97,Retained,No Complaint
51218,0,7.0,Mobile Phone,3,10.0,Debit Card,Male,3.0,3,Fashion,1,Married,3,1,13.0,0.0,1.0,0.0,197.13,Retained,Filed Complaint
51219,0,9.0,Phone,1,13.0,Debit Card,Male,2.0,3,Mobile,5,Single,4,0,14.0,0.0,1.0,2.0,120.62,Retained,No Complaint
51220,0,10.0,Phone,1,13.0,Credit Card,Male,3.0,3,Laptop & Accessory,5,Married,6,1,22.0,0.0,1.0,4.0,142.84,Retained,Filed Complaint
51221,0,8.0,Phone,1,22.0,UPI,Female,2.0,4,Laptop & Accessory,4,Married,1,1,11.0,1.0,1.0,2.0,147.88,Retained,Filed Complaint
51222,0,18.0,Mobile Phone,1,31.0,Debit Card,Female,3.0,4,Laptop & Accessory,1,Married,1,0,13.0,0.0,3.0,8.0,159.06,Retained,No Complaint
51223,0,9.0,Computer,2,8.0,UPI,Male,3.0,4,Laptop & Accessory,1,Single,2,0,21.0,1.0,1.0,8.0,138.86,Retained,No Complaint
51224,0,13.0,Mobile Phone,1,6.0,Debit Card,Male,3.0,3,Grocery,5,Married,3,0,11.0,1.0,11.0,16.0,268.23,Retained,No Complaint
51225,0,0.0,Phone,1,6.0,Debit Card,Female,3.0,4,Mobile,3,Married,2,1,13.0,0.0,1.0,0.0,129.33,Retained,Filed Complaint
51226,0,0.0,Mobile Phone,3,8.0,Credit Card,Female,2.0,1,Laptop & Accessory,3,Single,1,0,14.0,0.0,1.0,7.0,165.0,Retained,No Complaint
51227,0,21.0,Computer,1,28.0,Credit Card,Female,2.0,3,Grocery,1,Married,4,0,11.0,1.0,4.0,7.0,271.74,Retained,No Complaint
51228,0,17.0,Mobile Phone,1,6.0,Debit Card,Male,3.0,1,Laptop & Accessory,5,Married,3,0,15.0,2.0,2.0,2.0,150.33,Retained,No Complaint
51229,1,9.0,Computer,1,22.0,Cash on Delivery,Male,2.0,5,Mobile,5,Married,2,1,23.0,3.0,3.0,0.0,123.07,Churned,Filed Complaint
51230,1,19.0,Phone,1,14.0,Debit Card,Male,3.0,3,Mobile,1,Single,2,0,16.0,0.0,1.0,0.0,125.87,Churned,No Complaint
51231,0,9.0,Mobile Phone,3,23.0,E wallet,Male,2.0,4,Laptop & Accessory,4,Married,3,0,16.0,1.0,1.0,3.0,155.07,Retained,No Complaint
51232,0,14.0,Phone,3,14.0,E wallet,Female,2.0,3,Laptop & Accessory,4,Married,6,0,21.0,1.0,1.0,4.0,143.93,Retained,No Complaint
51233,0,15.0,Mobile Phone,1,12.0,Credit Card,Male,2.0,3,Fashion,5,Married,10,0,13.0,3.0,2.0,7.0,233.48000000000002,Retained,No Complaint
51234,0,4.0,Mobile Phone,3,16.0,Credit Card,Female,2.0,3,Laptop & Accessory,1,Married,3,1,11.0,0.0,1.0,4.0,165.83,Retained,Filed Complaint
51235,0,7.0,Mobile Phone,3,9.0,Credit Card,Female,3.0,4,Laptop & Accessory,1,Married,4,1,12.0,0.0,1.0,1.0,181.03,Retained,Filed Complaint
51236,0,4.0,Phone,1,10.0,Credit Card,Female,3.0,1,Mobile,3,Married,9,0,12.0,2.0,2.0,2.0,139.78,Retained,No Complaint
51237,0,0.0,Computer,1,14.0,UPI,Male,3.0,1,Mobile,1,Married,1,0,18.0,2.0,7.0,7.0,125.44,Retained,No Complaint
51238,0,18.0,Computer,1,6.0,Credit Card,Male,2.0,3,Laptop & Accessory,3,Single,5,0,12.0,1.0,1.0,3.0,153.99,Retained,No Complaint
51239,0,6.0,Mobile Phone,3,16.0,E wallet,Male,2.0,3,Laptop & Accessory,3,Single,2,0,14.0,0.0,1.0,9.0,154.87,Retained,No Complaint
51240,0,1.0,Computer,3,6.0,Debit Card,Male,2.0,4,Laptop & Accessory,1,Married,2,1,12.0,0.0,1.0,7.0,168.34,Retained,Filed Complaint
51241,1,0.0,Computer,3,30.0,Cash on Delivery,Male,2.0,1,Mobile,5,Single,2,0,17.0,1.0,1.0,0.0,110.91,Churned,No Complaint
51242,0,12.0,Computer,3,27.0,Debit Card,Female,2.0,5,Laptop & Accessory,3,Married,7,0,19.0,0.0,1.0,2.0,157.36,Retained,No Complaint
51243,0,9.0,Phone,1,8.0,Cash on Delivery,Male,2.0,3,Mobile,4,Married,2,0,11.0,1.0,1.0,2.0,122.25999999999999,Retained,No Complaint
51244,0,7.0,Computer,1,28.0,UPI,Male,2.0,4,Laptop & Accessory,1,Married,2,1,15.0,3.0,6.0,11.0,157.47,Retained,Filed Complaint
51245,1,0.0,Mobile Phone,3,19.0,E wallet,Female,2.0,3,Laptop & Accessory,3,Single,4,1,11.0,2.0,2.0,2.0,198.54,Churned,Filed Complaint
51246,0,20.0,Computer,1,20.0,Cash on Delivery,Male,3.0,3,Laptop & Accessory,4,Married,9,0,18.0,0.0,1.0,7.0,154.67,Retained,No Complaint
51247,0,29.0,Mobile Phone,3,17.0,E wallet,Female,2.0,4,Laptop & Accessory,5,Married,5,0,16.0,0.0,1.0,0.0,153.8,Retained,No Complaint
51248,0,12.0,Mobile Phone,1,15.0,Credit Card,Male,2.0,3,Laptop & Accessory,5,Married,2,0,25.0,4.0,7.0,9.0,151.51,Retained,No Complaint
51249,0,9.0,Computer,1,14.0,Credit Card,Female,2.0,4,Laptop & Accessory,4,Married,2,1,16.0,1.0,1.0,7.0,121.33000000000001,Retained,Filed Complaint
51250,0,30.0,Mobile Phone,3,27.0,Debit Card,Female,3.0,3,Grocery,1,Married,5,1,13.0,1.0,1.0,0.0,278.75,Retained,Filed Complaint
51251,1,0.0,Computer,1,14.0,Debit Card,Female,2.0,1,Mobile,3,Single,4,1,14.0,0.0,1.0,3.0,124.32,Churned,Filed Complaint
51252,0,11.0,Phone,1,15.0,Debit Card,Male,3.0,3,Mobile,1,Married,3,0,19.0,1.0,1.0,3.0,147.71,Retained,No Complaint
51253,0,22.0,Computer,1,8.0,Debit Card,Male,2.0,3,Others,1,Married,4,0,15.0,1.0,4.0,3.0,291.61,Retained,No Complaint
51254,0,15.0,Mobile Phone,3,18.0,E wallet,Male,3.0,3,Laptop & Accessory,1,Married,4,1,12.0,0.0,1.0,0.0,150.87,Retained,Filed Complaint
51255,1,0.0,Computer,2,28.0,UPI,Female,3.0,4,Mobile,4,Married,2,0,12.0,1.0,1.0,0.0,128.63,Churned,No Complaint
51256,0,8.0,Mobile Phone,3,24.0,Credit Card,Male,3.0,3,Laptop & Accessory,5,Married,1,0,16.0,0.0,1.0,4.0,0.0,Retained,No Complaint
51257,0,9.0,Computer,1,22.0,Credit Card,Male,2.0,3,Mobile,3,Single,2,0,14.0,0.0,1.0,4.0,121.44,Retained,No Complaint
51258,0,4.0,Computer,1,9.0,Credit Card,Male,3.0,3,Mobile,5,Married,2,1,13.0,0.0,2.0,3.0,130.65,Retained,Filed Complaint
51259,0,9.0,Computer,1,15.0,Debit Card,Male,3.0,1,Mobile,4,Married,2,0,22.0,1.0,1.0,2.0,128.1,Retained,No Complaint
51260,0,7.0,Mobile Phone,3,6.0,E wallet,Male,2.0,3,Fashion,1,Single,2,0,21.0,1.0,2.0,1.0,198.88,Retained,No Complaint
51261,0,7.0,Mobile Phone,3,19.0,Credit Card,Male,2.0,3,Fashion,3,Married,2,0,18.0,1.0,1.0,1.0,186.28,Retained,No Complaint
51262,0,0.0,Phone,1,6.0,Credit Card,Male,3.0,3,Mobile,5,Single,1,0,13.0,3.0,7.0,6.0,128.67,Retained,No Complaint
51263,0,2.0,Mobile Phone,1,6.0,Debit Card,Male,2.0,3,Laptop & Accessory,5,Married,1,0,12.0,1.0,1.0,2.0,153.73,Retained,No Complaint
51264,0,5.0,Computer,1,21.0,Credit Card,Female,2.0,3,Laptop & Accessory,1,Married,6,0,18.0,0.0,1.0,2.0,166.67,Retained,No Complaint
51265,0,4.0,Computer,1,6.0,Debit Card,Male,2.0,5,Laptop & Accessory,5,Married,2,0,21.0,1.0,8.0,7.0,150.03,Retained,No Complaint
51266,1,0.0,Phone,1,14.0,Cash on Delivery,Male,2.0,4,Mobile,1,Married,6,0,12.0,0.0,1.0,3.0,123.66999999999999,Churned,No Complaint
51267,0,11.0,Phone,3,6.0,Debit Card,Male,3.0,4,Mobile,5,Single,5,0,14.0,0.0,1.0,0.0,128.58,Retained,No Complaint
51268,0,8.0,Mobile Phone,3,13.0,Debit Card,Female,2.0,3,Laptop & Accessory,1,Married,2,1,11.0,1.0,1.0,9.0,152.04,Retained,Filed Complaint
51269,0,0.0,Phone,3,15.0,E wallet,Male,2.0,3,Laptop & Accessory,1,Single,2,0,14.0,0.0,1.0,7.0,141.05,Retained,No Complaint
51270,0,5.0,Mobile Phone,1,11.0,Debit Card,Male,2.0,4,Laptop & Accessory,1,Single,9,0,24.0,0.0,1.0,0.0,196.79,Retained,No Complaint
51271,1,0.0,Computer,3,32.0,E wallet,Male,3.0,3,Laptop & Accessory,1,Married,2,1,11.0,0.0,1.0,8.0,156.17,Churned,Filed Complaint
51272,1,16.0,Mobile Phone,3,30.0,Debit Card,Male,3.0,3,Fashion,5,Single,7,1,13.0,2.0,2.0,2.0,204.48,Churned,Filed Complaint
51273,0,27.0,Phone,1,15.0,Debit Card,Female,3.0,3,Laptop & Accessory,3,Married,4,0,11.0,0.0,2.0,3.0,128.97,Retained,No Complaint
51274,0,6.0,Computer,1,13.0,Debit Card,Male,2.0,3,Laptop & Accessory,3,Married,2,0,20.0,2.0,2.0,8.0,159.68,Retained,No Complaint
51275,0,16.0,Mobile Phone,1,17.0,Debit Card,Male,1.0,3,Fashion,3,Married,2,0,17.0,1.0,1.0,9.0,175.1,Retained,No Complaint
51276,0,11.0,Computer,2,6.0,UPI,Male,3.0,3,Mobile,4,Married,1,1,11.0,1.0,1.0,2.0,129.91,Retained,Filed Complaint
51277,0,28.0,Mobile Phone,2,32.0,UPI,Male,3.0,1,Others,4,Married,5,1,15.0,1.0,1.0,4.0,296.36,Retained,Filed Complaint
51278,0,4.0,Mobile Phone,1,8.0,Credit Card,Female,2.0,5,Mobile,1,Married,2,1,11.0,1.0,1.0,0.0,111.28999999999999,Retained,Filed Complaint
51279,0,12.0,Mobile Phone,3,21.0,E wallet,Male,3.0,3,Grocery,5,Single,1,0,12.0,4.0,2.0,10.0,233.41000000000003,Retained,No Complaint
51280,0,15.0,Computer,1,29.0,Debit Card,Male,2.0,4,Laptop & Accessory,3,Single,2,0,12.0,2.0,3.0,7.0,143.32,Retained,No Complaint
51281,0,4.0,Computer,1,16.0,Credit Card,Female,2.0,3,Fashion,3,Married,5,0,20.0,3.0,4.0,3.0,210.31,Retained,No Complaint
51282,0,27.0,Phone,1,16.0,Credit Card,Female,3.0,3,Laptop & Accessory,5,Single,7,1,19.0,0.0,1.0,4.0,144.4,Retained,Filed Complaint
51283,0,0.0,Phone,1,6.0,Debit Card,Male,2.0,4,Laptop & Accessory,3,Single,2,0,12.0,1.0,1.0,2.0,146.17,Retained,No Complaint
51284,0,0.0,Phone,1,14.0,UPI,Male,3.0,3,Mobile,1,Single,2,0,13.0,1.0,1.0,4.0,126.47,Retained,No Complaint
51285,0,13.0,Computer,1,17.0,Cash on Delivery,Female,3.0,3,Laptop & Accessory,3,Married,2,0,11.0,2.0,9.0,4.0,163.23,Retained,No Complaint
51286,0,13.0,Mobile Phone,3,8.0,E wallet,Female,3.0,3,Laptop & Accessory,4,Married,4,0,14.0,1.0,5.0,10.0,156.77,Retained,No Complaint
51287,0,9.0,Phone,2,8.0,UPI,Female,2.0,3,Mobile,4,Married,5,0,14.0,0.0,1.0,2.0,121.87,Retained,No Complaint
51288,0,3.0,Phone,1,6.0,Credit Card,Male,3.0,3,Mobile,4,Married,2,0,13.0,0.0,1.0,7.0,137.48,Retained,No Complaint
51289,0,0.0,Phone,1,8.0,UPI,Male,2.0,3,Mobile,3,Married,7,1,19.0,0.0,1.0,2.0,139.77,Retained,Filed Complaint
51290,0,20.0,Mobile Phone,1,31.0,Credit Card,Male,2.0,3,Fashion,3,Single,3,0,23.0,1.0,12.0,11.0,186.33,Retained,No Complaint
51291,0,9.0,Computer,1,6.0,Credit Card,Male,2.0,4,Mobile,3,Married,2,0,12.0,0.0,1.0,0.0,120.08000000000001,Retained,No Complaint
51292,0,11.0,Phone,3,6.0,Debit Card,Male,2.0,3,Laptop & Accessory,4,Married,1,0,15.0,4.0,5.0,8.0,144.4,Retained,No Complaint
51293,0,4.0,Phone,3,8.0,Debit Card,Male,3.0,3,Mobile,3,Married,1,0,19.0,1.0,1.0,2.0,130.67,Retained,No Complaint
51294,0,11.0,Computer,1,12.0,Debit Card,Male,3.0,4,Laptop & Accessory,3,Married,3,0,11.0,2.0,7.0,7.0,153.21,Retained,No Complaint
51295,0,15.0,Mobile Phone,1,24.0,Debit Card,Male,2.0,3,Laptop & Accessory,5,Married,7,1,17.0,0.0,1.0,2.0,154.1,Retained,Filed Complaint
51296,0,14.0,Phone,1,6.0,Debit Card,Male,3.0,3,Mobile,1,Married,4,0,22.0,0.0,1.0,0.0,127.82,Retained,No Complaint
51297,0,20.0,Computer,1,6.0,Credit Card,Female,3.0,3,Fashion,4,Married,1,0,18.0,0.0,5.0,3.0,219.57,Retained,No Complaint
51298,0,8.0,Phone,1,17.0,Credit Card,Male,2.0,3,Mobile,3,Married,8,1,11.0,0.0,2.0,2.0,126.6,Retained,Filed Complaint
51299,0,0.0,Phone,1,6.0,Debit Card,Male,3.0,3,Mobile,3,Single,1,0,12.0,0.0,1.0,2.0,133.75,Retained,No Complaint
51300,0,8.0,Mobile Phone,1,15.0,Credit Card,Male,2.0,3,Laptop & Accessory,3,Single,2,0,19.0,0.0,1.0,8.0,150.98,Retained,No Complaint
51301,0,6.0,Mobile Phone,1,21.0,Credit Card,Female,3.0,3,Laptop & Accessory,1,Married,1,1,13.0,5.0,8.0,1.0,12.0,Retained,Filed Complaint
51302,0,5.0,Phone,1,35.0,Debit Card,Female,3.0,4,Mobile,4,Single,2,0,13.0,3.0,4.0,1.0,128.37,Retained,No Complaint
51303,0,13.0,Phone,1,14.0,Debit Card,Male,2.0,3,Mobile,1,Married,9,0,19.0,0.0,1.0,0.0,124.06,Retained,No Complaint
51304,0,9.0,Phone,3,6.0,Credit Card,Male,3.0,4,Mobile,4,Married,1,0,14.0,0.0,2.0,2.0,122.69,Retained,No Complaint
51305,0,12.0,Phone,1,30.0,Debit Card,Male,2.0,3,Laptop & Accessory,1,Single,8,0,13.0,1.0,1.0,7.0,141.08,Retained,No Complaint
51306,0,11.0,Mobile Phone,1,16.0,Credit Card,Female,2.0,5,Fashion,3,Married,4,0,12.0,1.0,2.0,11.0,232.06,Retained,No Complaint
51307,0,5.0,Mobile Phone,3,6.0,E wallet,Female,2.0,3,Fashion,1,Married,2,0,19.0,3.0,5.0,7.0,204.22,Retained,No Complaint
51308,0,10.0,Mobile Phone,1,16.0,Debit Card,Female,2.0,1,Fashion,1,Married,2,1,25.0,0.0,2.0,8.0,237.44,Retained,Filed Complaint
51309,0,0.0,Phone,3,14.0,UPI,Female,2.0,3,Laptop & Accessory,3,Married,1,1,22.0,1.0,1.0,4.0,149.07,Retained,Filed Complaint
51310,0,25.0,Computer,3,126.0,Debit Card,Male,2.0,3,Mobile,1,Married,3,0,15.0,1.0,1.0,0.0,134.82,Retained,No Complaint
51311,0,17.0,Phone,1,14.0,Credit Card,Male,2.0,3,Mobile,1,Single,7,1,12.0,0.0,1.0,2.0,124.36000000000001,Retained,Filed Complaint
51312,0,0.0,Phone,3,14.0,Credit Card,Male,2.0,3,Mobile,5,Single,2,1,11.0,1.0,1.0,2.0,123.80000000000001,Retained,Filed Complaint
51313,0,12.0,Computer,1,15.0,Debit Card,Male,2.0,3,Others,1,Single,3,0,15.0,0.0,1.0,3.0,294.31,Retained,No Complaint
51314,1,9.0,Computer,3,15.0,E wallet,Male,2.0,3,Mobile,5,Married,2,0,19.0,1.0,1.0,0.0,117.9,Churned,No Complaint
51315,0,9.0,Mobile Phone,3,9.0,Credit Card,Female,3.0,4,Fashion,1,Married,1,0,19.0,3.0,3.0,4.0,176.44,Retained,No Complaint
51316,0,9.0,Computer,1,10.0,Debit Card,Female,3.0,3,Laptop & Accessory,4,Married,8,0,13.0,1.0,1.0,2.0,151.31,Retained,No Complaint
51317,0,29.0,Computer,1,6.0,Debit Card,Male,2.0,3,Laptop & Accessory,3,Married,2,0,21.0,0.0,1.0,9.0,163.06,Retained,No Complaint
51318,1,0.0,Phone,1,6.0,Credit Card,Male,2.0,3,Mobile,1,Married,10,1,14.0,2.0,2.0,2.0,147.87,Churned,Filed Complaint
51319,0,15.0,Mobile Phone,1,8.0,Debit Card,Male,2.0,3,Others,3,Married,6,0,11.0,1.0,4.0,14.0,288.8,Retained,No Complaint
51320,1,19.0,Phone,1,14.0,Cash on Delivery,Male,3.0,3,Mobile,3,Married,9,0,11.0,6.0,9.0,8.0,123.38999999999999,Churned,No Complaint
51321,0,14.0,Mobile Phone,1,34.0,Debit Card,Female,2.0,4,Grocery,4,Married,1,0,23.0,1.0,2.0,10.0,235.7,Retained,No Complaint
51322,0,7.0,Mobile Phone,3,34.0,E wallet,Female,3.0,4,Laptop & Accessory,3,Married,2,0,21.0,1.0,1.0,7.0,167.12,Retained,No Complaint
51323,0,9.0,Computer,3,21.0,E wallet,Male,2.0,5,Laptop & Accessory,1,Married,2,0,24.0,4.0,11.0,11.0,154.06,Retained,No Complaint
51324,0,14.0,Mobile Phone,3,9.0,Debit Card,Male,2.0,4,Laptop & Accessory,4,Married,3,0,11.0,0.0,1.0,4.0,189.38,Retained,No Complaint
51325,0,5.0,Phone,1,14.0,Cash on Delivery,Male,3.0,3,Mobile,5,Single,2,0,14.0,1.0,1.0,2.0,124.38999999999999,Retained,No Complaint
51326,0,8.0,Mobile Phone,2,32.0,Debit Card,Female,2.0,3,Fashion,1,Single,2,1,16.0,1.0,1.0,7.0,188.37,Retained,Filed Complaint
51327,0,11.0,Mobile Phone,3,16.0,Debit Card,Female,3.0,3,Laptop & Accessory,1,Married,2,0,11.0,0.0,1.0,9.0,153.43,Retained,No Complaint
51328,1,13.0,Computer,3,6.0,Debit Card,Male,3.0,3,Laptop & Accessory,3,Married,8,0,12.0,1.0,1.0,1.0,167.28,Churned,No Complaint
51329,0,9.0,Mobile Phone,3,17.0,E wallet,Female,3.0,4,Laptop & Accessory,1,Married,5,0,13.0,1.0,1.0,0.0,166.52,Retained,No Complaint
51330,0,18.0,Phone,3,26.0,Debit Card,Female,2.0,3,Laptop & Accessory,3,Single,9,0,15.0,1.0,1.0,1.0,148.5,Retained,No Complaint
51331,0,13.0,Phone,1,8.0,Debit Card,Male,3.0,4,Mobile,3,Single,3,0,14.0,0.0,2.0,2.0,128.09,Retained,No Complaint
51332,0,8.0,Computer,1,24.0,Debit Card,Male,3.0,3,Laptop & Accessory,3,Married,2,1,14.0,1.0,1.0,2.0,156.89,Retained,Filed Complaint
51333,0,9.0,Mobile Phone,1,8.0,Credit Card,Female,3.0,3,Mobile,3,Married,3,0,14.0,1.0,1.0,2.0,120.00999999999999,Retained,No Complaint
51334,0,8.0,Phone,1,6.0,Debit Card,Female,3.0,5,Mobile,1,Married,2,0,12.0,0.0,1.0,1.0,129.77,Retained,No Complaint
51335,0,2.0,Phone,1,19.0,UPI,Male,2.0,4,Laptop & Accessory,4,Married,5,1,13.0,1.0,1.0,3.0,140.25,Retained,Filed Complaint
51336,0,2.0,Phone,1,34.0,Credit Card,Female,3.0,4,Mobile,5,Single,2,0,14.0,0.0,1.0,4.0,137.85,Retained,No Complaint
51337,1,13.0,Mobile Phone,3,34.0,E wallet,Male,2.0,4,Fashion,5,Married,5,1,13.0,0.0,2.0,0.0,208.54000000000002,Churned,Filed Complaint
51338,0,12.0,Mobile Phone,3,30.0,E wallet,Female,2.0,4,Grocery,1,Married,1,0,11.0,1.0,9.0,3.0,220.31,Retained,No Complaint
51339,0,4.0,Computer,1,11.0,Credit Card,Male,3.0,3,Laptop & Accessory,5,Single,1,0,19.0,0.0,1.0,7.0,199.36,Retained,No Complaint
51340,0,0.0,Phone,3,11.0,UPI,Female,3.0,4,Mobile,3,Single,1,0,18.0,0.0,1.0,0.0,129.66,Retained,No Complaint
51341,0,9.0,Computer,1,14.0,Credit Card,Male,2.0,1,Laptop & Accessory,1,Married,5,0,17.0,0.0,1.0,3.0,125.71000000000001,Retained,No Complaint
51342,0,12.0,Mobile Phone,1,12.0,Credit Card,Male,2.0,4,Fashion,5,Married,5,0,15.0,1.0,1.0,7.0,199.91,Retained,No Complaint
51343,0,0.0,Mobile Phone,1,10.0,Debit Card,Male,2.0,1,Laptop & Accessory,4,Married,2,1,20.0,1.0,1.0,3.0,161.42,Retained,Filed Complaint
51344,0,22.0,Computer,3,8.0,Credit Card,Male,3.0,4,Laptop & Accessory,4,Married,3,0,14.0,1.0,1.0,8.0,153.9,Retained,No Complaint
51345,0,7.0,Phone,1,14.0,Credit Card,Male,2.0,1,Laptop & Accessory,3,Married,3,0,12.0,0.0,1.0,2.0,144.04,Retained,No Complaint
51346,1,4.0,Mobile Phone,3,6.0,Debit Card,Female,3.0,3,Laptop & Accessory,1,Single,9,1,11.0,0.0,1.0,5.0,159.93,Churned,Filed Complaint
51347,0,22.0,Computer,1,14.0,Debit Card,Male,3.0,4,Laptop & Accessory,4,Married,2,0,23.0,0.0,1.0,7.0,151.3,Retained,No Complaint
51348,1,9.0,Phone,1,8.0,UPI,Male,3.0,4,Mobile,3,Single,7,1,15.0,0.0,1.0,0.0,120.9,Churned,Filed Complaint
51349,0,6.0,Computer,1,9.0,Debit Card,Female,3.0,3,Mobile,3,Married,2,1,11.0,2.0,3.0,0.0,129.09,Retained,Filed Complaint
51350,0,0.0,Phone,1,8.0,Credit Card,Male,2.0,3,Mobile,4,Married,10,0,12.0,1.0,2.0,2.0,134.68,Retained,No Complaint
51351,0,5.0,Computer,1,8.0,Debit Card,Male,3.0,3,Mobile,1,Single,1,0,13.0,1.0,3.0,6.0,130.68,Retained,No Complaint
51352,0,30.0,Phone,1,9.0,Credit Card,Female,3.0,1,Mobile,5,Married,5,1,20.0,0.0,1.0,0.0,126.69999999999999,Retained,Filed Complaint
51353,0,3.0,Phone,1,30.0,Debit Card,Male,3.0,3,Mobile,3,Married,2,0,22.0,1.0,1.0,0.0,126.93,Retained,No Complaint
51354,0,11.0,Computer,1,29.0,Debit Card,Male,2.0,4,Fashion,3,Single,1,0,21.0,1.0,1.0,8.0,195.26,Retained,No Complaint
51355,0,9.0,Mobile Phone,1,33.0,Credit Card,Male,3.0,3,Laptop & Accessory,3,Married,7,0,13.0,0.0,7.0,7.0,152.37,Retained,No Complaint
51356,0,8.0,Phone,1,14.0,Credit Card,Male,2.0,1,Mobile,4,Married,1,0,13.0,1.0,1.0,3.0,124.25999999999999,Retained,No Complaint
51357,0,2.0,Phone,1,21.0,Debit Card,Female,2.0,4,Laptop & Accessory,3,Single,1,1,12.0,1.0,1.0,8.0,141.93,Retained,Filed Complaint
51358,0,4.0,Phone,1,32.0,Debit Card,Male,3.0,3,Mobile,3,Married,2,0,17.0,3.0,4.0,3.0,129.11,Retained,No Complaint
51359,0,7.0,Phone,1,25.0,Credit Card,Male,3.0,3,Mobile,1,Married,1,0,11.0,0.0,1.0,2.0,126.61000000000001,Retained,No Complaint
51360,1,9.0,Phone,1,30.0,Debit Card,Male,2.0,4,Mobile,3,Single,6,1,14.0,0.0,1.0,3.0,120.28,Churned,Filed Complaint
51361,0,2.0,Mobile Phone,1,27.0,Debit Card,Female,2.0,1,Fashion,5,Married,2,0,11.0,6.0,8.0,8.0,199.8,Retained,No Complaint
51362,0,5.0,Phone,1,11.0,Debit Card,Male,3.0,1,Mobile,4,Married,1,1,12.0,1.0,1.0,5.0,132.98,Retained,Filed Complaint
51363,0,0.0,Computer,1,22.0,Credit Card,Male,3.0,1,Mobile,1,Married,2,1,13.0,0.0,1.0,0.0,129.35,Retained,Filed Complaint
51364,0,26.0,Mobile Phone,3,8.0,Debit Card,Female,3.0,4,Grocery,1,Married,3,0,16.0,0.0,2.0,7.0,254.26999999999998,Retained,No Complaint
51365,0,11.0,Phone,1,8.0,Debit Card,Male,2.0,3,Mobile,1,Single,6,1,11.0,0.0,1.0,2.0,139.44,Retained,Filed Complaint
51366,0,0.0,Computer,1,17.0,UPI,Female,3.0,1,Laptop & Accessory,3,Married,1,0,18.0,0.0,1.0,3.0,140.11,Retained,No Complaint
51367,1,0.0,Phone,3,15.0,Debit Card,Male,2.0,4,Mobile,5,Single,8,0,23.0,0.0,1.0,3.0,134.07,Churned,No Complaint
51368,0,7.0,Mobile Phone,1,13.0,Debit Card,Female,2.0,3,Fashion,4,Single,1,0,11.0,0.0,2.0,3.0,219.94,Retained,No Complaint
51369,0,9.0,Mobile Phone,1,21.0,Debit Card,Male,3.0,3,Mobile,1,Single,2,0,14.0,1.0,1.0,0.0,112.32,Retained,No Complaint
51370,1,0.0,Phone,1,12.0,Credit Card,Male,3.0,3,Mobile,5,Single,3,0,11.0,0.0,1.0,3.0,129.6,Churned,No Complaint
51371,0,26.0,Mobile Phone,1,11.0,UPI,Female,2.0,3,Others,3,Married,5,0,11.0,1.0,4.0,8.0,290.94,Retained,No Complaint
51372,1,0.0,Computer,1,22.0,Debit Card,Female,3.0,5,Mobile,5,Single,2,1,22.0,0.0,6.0,7.0,139.19,Churned,Filed Complaint
51373,0,15.0,Mobile Phone,3,14.0,E wallet,Male,2.0,3,Laptop & Accessory,4,Married,1,0,11.0,2.0,4.0,2.0,168.25,Retained,No Complaint
51374,0,17.0,Mobile Phone,1,13.0,Credit Card,Female,2.0,4,Fashion,1,Married,4,0,14.0,0.0,5.0,17.0,202.48,Retained,No Complaint
51375,0,19.0,Mobile Phone,3,8.0,E wallet,Female,2.0,3,Others,5,Single,4,0,12.0,1.0,2.0,1.0,289.47,Retained,No Complaint
51376,0,6.0,Phone,1,14.0,Credit Card,Male,3.0,3,Mobile,1,Single,5,0,11.0,0.0,1.0,0.0,124.96000000000001,Retained,No Complaint
51377,0,17.0,Mobile Phone,1,16.0,UPI,Male,2.0,3,Laptop & Accessory,1,Married,3,1,13.0,0.0,1.0,3.0,164.65,Retained,Filed Complaint
51378,0,9.0,Phone,1,15.0,Credit Card,Male,2.0,4,Mobile,3,Single,2,0,13.0,0.0,1.0,8.0,122.06,Retained,No Complaint
51379,1,9.0,Phone,3,11.0,Cash on Delivery,Male,2.0,3,Laptop & Accessory,1,Married,4,0,14.0,0.0,1.0,0.0,120.86000000000001,Churned,No Complaint
51380,1,9.0,Phone,1,6.0,Credit Card,Male,3.0,3,Mobile,1,Married,3,1,16.0,0.0,2.0,0.0,122.93,Churned,Filed Complaint
51381,0,16.0,Phone,1,14.0,Credit Card,Female,3.0,1,Mobile,3,Married,2,0,12.0,1.0,1.0,4.0,126.44999999999999,Retained,No Complaint
51382,1,13.0,Phone,3,9.0,E wallet,Male,3.0,4,Mobile,3,Married,2,1,14.0,1.0,1.0,2.0,126.83000000000001,Churned,Filed Complaint
51383,0,9.0,Mobile Phone,3,8.0,E wallet,Female,3.0,3,Mobile,1,Married,2,0,13.0,2.0,2.0,2.0,120.13999999999999,Retained,No Complaint
51384,0,9.0,Phone,1,11.0,Debit Card,Female,2.0,4,Mobile,5,Married,10,1,14.0,1.0,1.0,0.0,134.19,Retained,Filed Complaint
51385,0,6.0,Computer,3,6.0,Debit Card,Female,2.0,1,Laptop & Accessory,5,Married,3,0,19.0,0.0,1.0,3.0,153.76,Retained,No Complaint
51386,0,9.0,Mobile Phone,1,10.0,UPI,Male,3.0,3,Mobile,1,Married,2,0,12.0,1.0,1.0,0.0,119.50999999999999,Retained,No Complaint
51387,0,0.0,Phone,1,14.0,Debit Card,Female,2.0,3,Mobile,5,Married,2,0,13.0,1.0,1.0,0.0,123.41,Retained,No Complaint
51388,1,9.0,Phone,1,31.0,Debit Card,Male,2.0,5,Mobile,3,Single,2,0,12.0,0.0,1.0,1.0,122.93,Churned,No Complaint
51389,0,0.0,Computer,3,14.0,Debit Card,Male,2.0,3,Fashion,3,Single,2,0,15.0,1.0,1.0,7.0,187.26,Retained,No Complaint
51390,0,3.0,Computer,1,6.0,Credit Card,Female,2.0,3,Laptop & Accessory,1,Single,2,0,23.0,1.0,3.0,7.0,140.11,Retained,No Complaint
51391,1,4.0,Mobile Phone,1,18.0,Cash on Delivery,Female,2.0,3,Others,3,Married,2,0,15.0,1.0,15.0,8.0,295.45,Churned,No Complaint
51392,0,7.0,Computer,3,29.0,E wallet,Male,3.0,3,Laptop & Accessory,3,Single,1,0,20.0,0.0,8.0,7.0,145.68,Retained,No Complaint
51393,0,10.0,Phone,1,25.0,Debit Card,Male,3.0,3,Mobile,4,Married,5,0,21.0,0.0,1.0,0.0,130.22,Retained,No Complaint
51394,0,19.0,Computer,3,11.0,E wallet,Male,3.0,3,Laptop & Accessory,1,Single,5,1,21.0,1.0,1.0,8.0,157.72,Retained,Filed Complaint
51395,0,9.0,Phone,1,14.0,Debit Card,Male,2.0,1,Mobile,1,Married,2,0,19.0,1.0,1.0,1.0,122.69,Retained,No Complaint
51396,1,11.0,Mobile Phone,1,6.0,Debit Card,Male,3.0,4,Fashion,3,Single,10,1,13.0,0.0,1.0,0.0,153.81,Churned,Filed Complaint
51397,1,0.0,Phone,1,11.0,Cash on Delivery,Male,2.0,3,Mobile,3,Single,2,1,13.0,0.0,2.0,2.0,134.41,Churned,Filed Complaint
51398,0,17.0,Mobile Phone,3,6.0,E wallet,Female,3.0,3,Laptop & Accessory,5,Married,6,1,21.0,1.0,1.0,3.0,154.54,Retained,Filed Complaint
51399,0,8.0,Computer,1,17.0,Credit Card,Male,3.0,4,Fashion,5,Married,3,1,13.0,1.0,2.0,3.0,198.84,Retained,Filed Complaint
51400,0,0.0,Phone,3,29.0,E wallet,Female,2.0,4,Laptop & Accessory,1,Married,8,1,19.0,0.0,1.0,0.0,141.57,Retained,Filed Complaint
51401,0,6.0,Computer,1,29.0,Debit Card,Female,3.0,3,Fashion,1,Single,2,1,12.0,3.0,2.0,12.0,234.57999999999998,Retained,Filed Complaint
51402,0,8.0,Computer,3,5.0,Debit Card,Male,3.0,3,Fashion,5,Married,2,0,22.0,0.0,1.0,8.0,190.69,Retained,No Complaint
51403,0,8.0,Phone,1,29.0,Credit Card,Female,1.0,3,Mobile,5,Married,4,1,15.0,0.0,2.0,2.0,140.14,Retained,Filed Complaint
51404,0,4.0,Mobile Phone,1,13.0,Debit Card,Male,2.0,3,Laptop & Accessory,1,Married,4,0,22.0,0.0,1.0,7.0,159.15,Retained,No Complaint
51405,0,10.0,Mobile Phone,1,6.0,Debit Card,Male,2.0,4,Laptop & Accessory,3,Married,2,0,18.0,0.0,1.0,7.0,159.93,Retained,No Complaint
51406,0,5.0,Mobile Phone,1,6.0,Credit Card,Male,2.0,3,Laptop & Accessory,1,Married,2,1,22.0,5.0,7.0,8.0,161.62,Retained,Filed Complaint
51407,0,11.0,Computer,1,14.0,Debit Card,Female,2.0,3,Laptop & Accessory,1,Single,2,0,11.0,6.0,9.0,9.0,124.06,Retained,No Complaint
51408,0,23.0,Mobile Phone,1,13.0,Credit Card,Female,2.0,4,Others,3,Married,6,1,12.0,1.0,13.0,8.0,287.4,Retained,Filed Complaint
51409,0,30.0,Mobile Phone,3,31.0,Debit Card,Female,4.0,3,Fashion,5,Single,8,0,11.0,6.0,7.0,9.0,176.37,Retained,No Complaint
51410,0,9.0,Mobile Phone,1,14.0,Cash on Delivery,Female,2.0,3,Fashion,3,Married,2,0,13.0,7.0,12.0,8.0,200.96,Retained,No Complaint
51411,0,28.0,Mobile Phone,1,14.0,Credit Card,Female,2.0,3,Grocery,3,Married,3,1,14.0,1.0,2.0,2.0,247.56,Retained,Filed Complaint
51412,0,9.0,Computer,1,17.0,Debit Card,Male,3.0,4,Laptop & Accessory,4,Single,2,0,13.0,1.0,1.0,3.0,164.99,Retained,No Complaint
51413,0,18.0,Mobile Phone,1,13.0,Debit Card,Male,2.0,3,Fashion,5,Married,3,0,17.0,0.0,1.0,0.0,197.24,Retained,No Complaint
51414,0,9.0,Computer,1,6.0,Credit Card,Male,3.0,3,Mobile,5,Married,5,0,13.0,0.0,1.0,2.0,121.94,Retained,No Complaint
51415,1,0.0,Phone,1,15.0,Credit Card,Male,3.0,4,Mobile,3,Married,1,1,17.0,1.0,1.0,0.0,133.88,Churned,Filed Complaint
51416,0,30.0,Computer,3,6.0,Debit Card,Female,2.0,4,Laptop & Accessory,3,Single,8,0,11.0,1.0,1.0,3.0,154.73,Retained,No Complaint
51417,0,2.0,Phone,1,8.0,Debit Card,Male,3.0,3,Mobile,4,Married,1,0,23.0,1.0,1.0,4.0,127.03,Retained,No Complaint
51418,0,4.0,Phone,1,14.0,Credit Card,Male,2.0,3,Mobile,4,Single,2,0,17.0,1.0,1.0,0.0,125.00999999999999,Retained,No Complaint
51419,0,5.0,Mobile Phone,1,6.0,Debit Card,Male,3.0,3,Laptop & Accessory,4,Married,2,0,17.0,1.0,1.0,9.0,162.2,Retained,No Complaint
51420,0,9.0,Phone,1,12.0,Debit Card,Female,3.0,1,Mobile,1,Married,4,0,12.0,0.0,1.0,0.0,130.38,Retained,No Complaint
51421,0,4.0,Phone,1,14.0,Debit Card,Female,3.0,3,Laptop & Accessory,1,Single,2,0,23.0,1.0,1.0,8.0,144.24,Retained,No Complaint
51422,0,8.0,Phone,3,6.0,E wallet,Male,2.0,4,Laptop & Accessory,5,Single,1,0,14.0,1.0,2.0,8.0,143.12,Retained,No Complaint
51423,0,18.0,Mobile Phone,1,12.0,UPI,Male,2.0,3,Fashion,5,Married,5,1,14.0,1.0,2.0,0.0,232.45,Retained,Filed Complaint
51424,0,10.0,Mobile Phone,1,13.0,Credit Card,Male,1.0,3,Fashion,3,Single,5,0,13.0,0.0,2.0,2.0,236.64,Retained,No Complaint
51425,0,19.0,Mobile Phone,2,11.0,Credit Card,Male,3.0,3,Laptop & Accessory,4,Married,2,1,22.0,1.0,1.0,2.0,150.21,Retained,Filed Complaint
51426,0,3.0,Mobile Phone,1,6.0,Debit Card,Male,2.0,4,Laptop & Accessory,1,Married,2,1,12.0,1.0,3.0,0.0,151.26,Retained,Filed Complaint
51427,0,8.0,Phone,1,6.0,Credit Card,Male,3.0,4,Mobile,3,Single,2,0,18.0,1.0,1.0,4.0,128.59,Retained,No Complaint
51428,0,28.0,Mobile Phone,3,6.0,Debit Card,Male,3.0,3,Fashion,1,Married,4,0,14.0,0.0,1.0,0.0,202.39,Retained,No Complaint
51429,0,11.0,Computer,1,12.0,Credit Card,Female,3.0,5,Laptop & Accessory,1,Married,8,1,12.0,0.0,1.0,9.0,153.29,Retained,Filed Complaint
51430,0,7.0,Phone,1,6.0,Credit Card,Male,3.0,3,Laptop & Accessory,4,Married,2,0,15.0,1.0,1.0,3.0,143.25,Retained,No Complaint
51431,0,29.0,Mobile Phone,1,13.0,Debit Card,Male,2.0,5,Fashion,1,Single,5,0,11.0,0.0,1.0,2.0,172.6,Retained,No Complaint
51432,0,0.0,Phone,3,14.0,Cash on Delivery,Male,3.0,3,Mobile,5,Married,4,0,13.0,1.0,1.0,0.0,123.22,Retained,No Complaint
51433,0,9.0,Phone,1,15.0,Debit Card,Male,3.0,3,Mobile,1,Married,4,0,23.0,1.0,1.0,3.0,120.75,Retained,No Complaint
51434,0,3.0,Phone,1,8.0,Debit Card,Male,4.0,4,Laptop & Accessory,1,Married,2,0,19.0,3.0,10.0,8.0,141.52,Retained,No Complaint
51435,1,9.0,Mobile Phone,3,15.0,Credit Card,Male,3.0,4,Fashion,1,Single,2,0,16.0,3.0,4.0,7.0,196.19,Churned,No Complaint
51436,0,13.0,Computer,1,6.0,Debit Card,Male,3.0,4,Grocery,4,Married,2,0,22.0,5.0,2.0,11.0,235.02999999999997,Retained,No Complaint
51437,0,24.0,Mobile Phone,3,27.0,E wallet,Male,3.0,3,Laptop & Accessory,1,Single,1,1,22.0,0.0,1.0,0.0,154.41,Retained,Filed Complaint
51438,0,3.0,Mobile Phone,3,10.0,Credit Card,Female,3.0,4,Laptop & Accessory,4,Married,2,1,12.0,2.0,2.0,7.0,152.09,Retained,Filed Complaint
51439,0,19.0,Computer,1,6.0,Credit Card,Male,2.0,4,Fashion,5,Married,3,1,13.0,4.0,9.0,5.0,206.73000000000002,Retained,Filed Complaint
51440,0,5.0,Mobile Phone,3,12.0,Credit Card,Male,2.0,3,Laptop & Accessory,3,Single,2,0,16.0,5.0,5.0,7.0,150.1,Retained,No Complaint
51441,0,27.0,Mobile Phone,1,8.0,Cash on Delivery,Female,2.0,3,Fashion,3,Married,10,0,12.0,0.0,2.0,3.0,235.49,Retained,No Complaint
51442,0,0.0,Mobile Phone,3,9.0,UPI,Female,2.0,3,Laptop & Accessory,3,Married,1,0,21.0,0.0,1.0,2.0,149.99,Retained,No Complaint
51443,0,1.0,Computer,3,10.0,Credit Card,Male,2.0,3,Laptop & Accessory,3,Married,2,0,15.0,0.0,1.0,4.0,142.21,Retained,No Complaint
51444,0,30.0,Mobile Phone,3,16.0,Credit Card,Male,2.0,3,Grocery,3,Single,1,0,13.0,0.0,2.0,8.0,238.72000000000003,Retained,No Complaint
51445,0,9.0,Computer,1,29.0,Credit Card,Male,3.0,3,Laptop & Accessory,4,Married,5,0,12.0,0.0,1.0,2.0,120.41999999999999,Retained,No Complaint
51446,1,9.0,Phone,2,12.0,UPI,Male,3.0,3,Mobile,5,Married,5,1,22.0,0.0,1.0,2.0,120.72999999999999,Churned,Filed Complaint
51447,0,5.0,Phone,1,6.0,Debit Card,Male,3.0,3,Mobile,5,Single,2,0,13.0,0.0,1.0,0.0,129.56,Retained,No Complaint
51448,1,0.0,Computer,1,12.0,Debit Card,Female,3.0,4,Mobile,1,Single,2,1,18.0,0.0,1.0,0.0,129.26,Churned,Filed Complaint
51449,0,7.0,Phone,1,12.0,UPI,Female,2.0,3,Laptop & Accessory,3,Single,2,0,14.0,0.0,2.0,10.0,148.09,Retained,No Complaint
51450,0,10.0,Computer,1,8.0,Debit Card,Male,3.0,4,Laptop & Accessory,1,Married,6,0,14.0,1.0,1.0,0.0,151.63,Retained,No Complaint
51451,0,30.0,Computer,2,8.0,UPI,Female,2.0,4,Others,1,Married,10,0,21.0,1.0,2.0,2.0,288.44,Retained,No Complaint
51452,0,23.0,Computer,1,6.0,Debit Card,Female,3.0,3,Others,4,Married,4,1,19.0,1.0,1.0,7.0,281.72,Retained,Filed Complaint
51453,1,0.0,Mobile Phone,3,11.0,E wallet,Male,2.0,4,Laptop & Accessory,3,Single,2,1,11.0,0.0,1.0,3.0,157.44,Churned,Filed Complaint
51454,0,0.0,Phone,1,13.0,Credit Card,Male,3.0,4,Mobile,1,Married,2,0,11.0,0.0,2.0,1.0,128.89,Retained,No Complaint
51455,0,0.0,Phone,1,21.0,Credit Card,Female,3.0,3,Mobile,1,Single,2,0,15.0,1.0,1.0,0.0,128.71,Retained,No Complaint
51456,0,24.0,Computer,1,6.0,Credit Card,Female,1.0,4,Fashion,5,Single,4,0,20.0,4.0,12.0,8.0,174.84,Retained,No Complaint
51457,1,0.0,Computer,1,13.0,Debit Card,Male,3.0,5,Laptop & Accessory,3,Single,2,1,24.0,1.0,1.0,6.0,160.74,Churned,Filed Complaint
51458,0,27.0,Computer,2,32.0,UPI,Female,1.0,1,Grocery,1,Single,3,1,12.0,1.0,4.0,4.0,273.28,Retained,Filed Complaint
51459,0,0.0,Phone,1,24.0,Debit Card,Male,3.0,3,Mobile,3,Married,1,0,12.0,0.0,1.0,2.0,127.74000000000001,Retained,No Complaint
51460,0,7.0,Phone,1,12.0,Debit Card,Female,2.0,4,Laptop & Accessory,4,Married,7,0,15.0,1.0,1.0,0.0,145.05,Retained,No Complaint
51461,0,10.0,Mobile Phone,3,9.0,Debit Card,Male,2.0,3,Fashion,1,Single,3,0,12.0,0.0,1.0,3.0,174.28,Retained,No Complaint
51462,0,7.0,Mobile Phone,1,11.0,Credit Card,Female,2.0,4,Fashion,5,Single,3,0,12.0,2.0,5.0,3.0,216.31,Retained,No Complaint
51463,0,9.0,Computer,3,17.0,Cash on Delivery,Female,3.0,3,Fashion,1,Married,1,0,14.0,0.0,2.0,8.0,197.38,Retained,No Complaint
51464,0,9.0,Phone,1,9.0,Debit Card,Female,3.0,3,Mobile,1,Married,6,0,22.0,0.0,1.0,0.0,128.35,Retained,No Complaint
51465,0,16.0,Computer,3,32.0,Debit Card,Male,3.0,3,Grocery,1,Married,2,1,12.0,1.0,4.0,12.0,269.59,Retained,Filed Complaint
51466,0,3.0,Computer,1,14.0,Debit Card,Male,3.0,5,Mobile,3,Married,2,0,25.0,0.0,1.0,9.0,126.13,Retained,No Complaint
51467,0,6.0,Computer,3,28.0,E wallet,Male,3.0,3,Laptop & Accessory,4,Married,1,0,13.0,0.0,1.0,7.0,161.46,Retained,No Complaint
51468,1,19.0,Mobile Phone,1,20.0,Debit Card,Female,3.0,3,Mobile,4,Married,10,1,18.0,3.0,4.0,3.0,149.63,Churned,Filed Complaint
51469,0,24.0,Mobile Phone,1,12.0,Debit Card,Male,2.0,3,Others,3,Single,8,0,15.0,8.0,15.0,15.0,295.37,Retained,No Complaint
51470,1,0.0,Mobile Phone,3,12.0,Debit Card,Male,3.0,5,Laptop & Accessory,3,Married,5,1,18.0,0.0,7.0,7.0,161.72,Churned,Filed Complaint
51471,0,0.0,Phone,1,14.0,UPI,Female,2.0,4,Mobile,4,Married,2,0,19.0,2.0,4.0,3.0,123.68,Retained,No Complaint
51472,1,20.0,Mobile Phone,1,29.0,Credit Card,Female,3.0,3,Fashion,1,Married,2,0,12.0,7.0,15.0,6.0,203.12,Churned,No Complaint
51473,1,9.0,Mobile Phone,3,28.0,E wallet,Male,2.0,3,Mobile,3,Single,2,1,19.0,1.0,1.0,0.0,116.75,Churned,Filed Complaint
51474,0,0.0,Phone,1,14.0,Cash on Delivery,Male,3.0,3,Mobile,1,Married,1,0,14.0,2.0,2.0,1.0,125.22999999999999,Retained,No Complaint
51475,0,22.0,Mobile Phone,1,26.0,Credit Card,Female,3.0,3,Laptop & Accessory,5,Married,2,0,14.0,5.0,5.0,11.0,165.67,Retained,No Complaint
51476,0,16.0,Computer,1,34.0,Credit Card,Female,3.0,1,Mobile,3,Single,5,0,12.0,0.0,1.0,2.0,147.39,Retained,No Complaint
51477,0,23.0,Computer,3,18.0,E wallet,Female,3.0,3,Fashion,1,Single,5,0,11.0,1.0,2.0,1.0,192.08,Retained,No Complaint
51478,1,0.0,Phone,3,26.0,Debit Card,Female,3.0,5,Laptop & Accessory,3,Married,4,1,11.0,0.0,2.0,2.0,145.59,Churned,Filed Complaint
51479,0,14.0,Mobile Phone,3,15.0,Debit Card,Male,3.0,3,Fashion,3,Married,4,1,13.0,0.0,1.0,7.0,181.89,Retained,Filed Complaint
51480,0,0.0,Phone,2,31.0,Debit Card,Female,3.0,3,Mobile,3,Married,2,0,23.0,2.0,5.0,7.0,129.42,Retained,No Complaint
51481,0,9.0,Phone,1,12.0,Credit Card,Male,2.0,3,Laptop & Accessory,4,Married,7,0,20.0,0.0,1.0,1.0,149.41,Retained,No Complaint
51482,1,14.0,Computer,1,14.0,Debit Card,Male,2.0,5,Fashion,1,Single,3,0,15.0,1.0,1.0,3.0,206.5,Churned,No Complaint
51483,0,12.0,Mobile Phone,3,10.0,Debit Card,Female,2.0,4,Laptop & Accessory,3,Married,5,0,14.0,5.0,5.0,9.0,159.02,Retained,No Complaint
51484,0,0.0,Mobile Phone,3,34.0,Debit Card,Male,2.0,4,Laptop & Accessory,3,Married,3,0,18.0,1.0,2.0,2.0,186.39,Retained,No Complaint
51485,0,3.0,Mobile Phone,2,15.0,UPI,Male,2.0,3,Laptop & Accessory,1,Married,1,1,19.0,4.0,4.0,7.0,163.47,Retained,Filed Complaint
51486,1,0.0,Phone,1,15.0,Credit Card,Female,2.0,3,Mobile,5,Single,8,0,22.0,1.0,1.0,4.0,142.0,Churned,No Complaint
51487,0,18.0,Phone,1,35.0,Credit Card,Male,2.0,3,Mobile,1,Single,6,0,13.0,1.0,1.0,3.0,134.52,Retained,No Complaint
51488,0,11.0,Phone,1,9.0,Cash on Delivery,Female,2.0,3,Laptop & Accessory,3,Single,4,1,20.0,2.0,2.0,2.0,143.17,Retained,Filed Complaint
51489,0,3.0,Phone,1,14.0,Debit Card,Female,3.0,3,Mobile,3,Single,2,0,14.0,1.0,1.0,4.0,126.32,Retained,No Complaint
51490,0,5.0,Computer,3,15.0,Credit Card,Male,2.0,5,Laptop & Accessory,1,Married,1,0,17.0,0.0,1.0,7.0,146.68,Retained,No Complaint
51491,0,3.0,Phone,1,11.0,Cash on Delivery,Female,2.0,3,Mobile,5,Married,6,0,14.0,0.0,2.0,30.0,132.04,Retained,No Complaint
51492,0,3.0,Phone,1,8.0,Credit Card,Male,3.0,4,Mobile,1,Single,1,0,13.0,0.0,1.0,2.0,127.19999999999999,Retained,No Complaint
51493,0,14.0,Computer,1,16.0,Debit Card,Male,3.0,4,Grocery,5,Married,5,0,13.0,1.0,7.0,7.0,271.81,Retained,No Complaint
51494,0,9.0,Phone,1,15.0,Debit Card,Male,3.0,3,Mobile,5,Married,3,0,21.0,0.0,1.0,4.0,122.38,Retained,No Complaint
51495,0,9.0,Mobile Phone,1,9.0,Credit Card,Female,3.0,3,Mobile,4,Single,2,0,14.0,1.0,1.0,0.0,114.83000000000001,Retained,No Complaint
51496,0,13.0,Computer,1,32.0,Credit Card,Female,2.0,3,Laptop & Accessory,4,Married,2,0,11.0,0.0,2.0,13.0,156.05,Retained,No Complaint
51497,0,8.0,Mobile Phone,3,6.0,E wallet,Male,3.0,3,Fashion,4,Married,2,0,13.0,0.0,1.0,6.0,172.95,Retained,No Complaint
51498,0,9.0,Phone,3,12.0,E wallet,Male,2.0,3,Laptop & Accessory,3,Married,3,1,20.0,0.0,4.0,5.0,123.06,Retained,Filed Complaint
51499,0,18.0,Phone,1,14.0,Debit Card,Male,2.0,3,Laptop & Accessory,4,Married,9,0,18.0,1.0,1.0,15.0,123.47999999999999,Retained,No Complaint
51500,0,5.0,Computer,3,14.0,E wallet,Female,2.0,3,Fashion,1,Single,2,0,14.0,2.0,3.0,7.0,189.98,Retained,No Complaint
51501,0,2.0,Computer,1,6.0,Cash on Delivery,Male,2.0,3,Laptop & Accessory,3,Married,2,0,13.0,0.0,1.0,9.0,143.19,Retained,No Complaint
51502,0,24.0,Mobile Phone,1,13.0,Credit Card,Male,2.0,4,Laptop & Accessory,3,Married,3,0,17.0,1.0,1.0,0.0,161.32,Retained,No Complaint
51503,0,30.0,Phone,1,15.0,Credit Card,Female,3.0,4,Mobile,4,Married,5,1,20.0,1.0,1.0,0.0,133.46,Retained,Filed Complaint
51504,0,13.0,Mobile Phone,3,10.0,E wallet,Male,3.0,4,Fashion,1,Married,8,0,11.0,1.0,2.0,11.0,208.55,Retained,No Complaint
51505,0,9.0,Computer,3,8.0,E wallet,Female,3.0,3,Mobile,3,Married,7,0,18.0,0.0,1.0,2.0,122.31,Retained,No Complaint
51506,0,0.0,Phone,1,14.0,Credit Card,Male,3.0,3,Mobile,1,Married,2,0,24.0,2.0,2.0,2.0,123.22999999999999,Retained,No Complaint
51507,0,9.0,Computer,1,15.0,Credit Card,Male,2.0,3,Mobile,4,Married,7,0,18.0,2.0,2.0,2.0,120.24000000000001,Retained,No Complaint
51508,0,1.0,Phone,1,27.0,Credit Card,Male,3.0,3,Mobile,1,Married,2,0,11.0,0.0,1.0,2.0,127.13,Retained,No Complaint
51509,0,30.0,Mobile Phone,1,30.0,Debit Card,Male,2.0,1,Fashion,1,Married,4,1,16.0,1.0,1.0,4.0,194.39,Retained,Filed Complaint
51510,0,0.0,Computer,1,14.0,Credit Card,Male,3.0,4,Mobile,3,Married,2,1,15.0,0.0,1.0,1.0,125.66,Retained,Filed Complaint
51511,0,23.0,Mobile Phone,1,17.0,Debit Card,Female,2.0,3,Others,4,Single,4,0,15.0,0.0,4.0,4.0,299.26,Retained,No Complaint
51512,0,14.0,Phone,1,14.0,Debit Card,Male,2.0,3,Mobile,3,Married,5,0,12.0,1.0,1.0,8.0,124.50999999999999,Retained,No Complaint
51513,0,3.0,Mobile Phone,3,11.0,Debit Card,Female,2.0,3,Fashion,1,Married,3,0,12.0,1.0,7.0,4.0,194.19,Retained,No Complaint
51514,0,11.0,Mobile Phone,3,6.0,Debit Card,Female,2.0,4,Laptop & Accessory,1,Single,5,0,22.0,0.0,1.0,7.0,186.86,Retained,No Complaint
51515,0,5.0,Phone,1,12.0,Debit Card,Male,3.0,3,Mobile,3,Single,4,0,20.0,0.0,1.0,4.0,130.38,Retained,No Complaint
51516,0,0.0,Phone,1,23.0,Cash on Delivery,Male,3.0,3,Mobile,4,Married,1,1,16.0,0.0,1.0,1.0,130.58,Retained,Filed Complaint
51517,1,0.0,Computer,3,14.0,Cash on Delivery,Female,3.0,5,Mobile,5,Single,1,0,21.0,1.0,1.0,0.0,123.25,Churned,No Complaint
51518,0,9.0,Computer,1,9.0,Credit Card,Male,1.0,3,Mobile,4,Single,5,0,12.0,2.0,7.0,2.0,120.88,Retained,No Complaint
51519,0,3.0,Computer,1,15.0,Credit Card,Male,3.0,3,Laptop & Accessory,5,Married,2,0,11.0,5.0,6.0,10.0,130.72,Retained,No Complaint
51520,0,18.0,Mobile Phone,3,10.0,Debit Card,Female,1.0,3,Laptop & Accessory,5,Married,5,1,11.0,0.0,1.0,3.0,150.06,Retained,Filed Complaint
51521,0,29.0,Phone,1,14.0,Debit Card,Female,3.0,3,Mobile,5,Married,5,1,18.0,2.0,2.0,2.0,142.57,Retained,Filed Complaint
51522,0,6.0,Phone,1,14.0,Debit Card,Male,2.0,3,Mobile,1,Single,1,0,14.0,1.0,1.0,2.0,125.0,Retained,No Complaint
51523,1,0.0,Mobile Phone,1,8.0,Debit Card,Male,2.0,4,Mobile,1,Single,2,0,22.0,1.0,1.0,0.0,111.02000000000001,Churned,No Complaint
51524,0,19.0,Mobile Phone,3,6.0,E wallet,Female,3.0,3,Fashion,5,Married,2,0,25.0,8.0,15.0,7.0,204.53,Retained,No Complaint
51525,0,9.0,Phone,1,15.0,Debit Card,Female,3.0,3,Mobile,1,Single,2,0,12.0,1.0,2.0,1.0,122.88,Retained,No Complaint
51526,0,4.0,Phone,1,18.0,Credit Card,Female,3.0,3,Mobile,1,Married,9,1,23.0,1.0,1.0,2.0,139.29,Retained,Filed Complaint
51527,0,9.0,Phone,1,33.0,Credit Card,Female,3.0,3,Mobile,4,Single,3,0,15.0,0.0,1.0,2.0,123.11000000000001,Retained,No Complaint
51528,1,4.0,Phone,3,26.0,E wallet,Female,3.0,3,Mobile,4,Single,2,1,22.0,0.0,1.0,2.0,131.4,Churned,Filed Complaint
51529,0,23.0,Phone,1,6.0,Credit Card,Male,2.0,4,Mobile,3,Married,3,0,15.0,1.0,1.0,2.0,136.9,Retained,No Complaint
51530,0,26.0,Phone,1,19.0,Credit Card,Female,2.0,1,Laptop & Accessory,5,Married,2,0,11.0,1.0,1.0,3.0,144.5,Retained,No Complaint
51531,0,6.0,Phone,1,20.0,Credit Card,Female,3.0,3,Mobile,4,Married,2,0,13.0,1.0,1.0,6.0,127.56,Retained,No Complaint
51532,0,13.0,Mobile Phone,1,10.0,Credit Card,Female,2.0,3,Others,3,Married,2,0,14.0,1.0,9.0,9.0,290.33,Retained,No Complaint
51533,0,28.0,Mobile Phone,1,20.0,Credit Card,Male,3.0,1,Others,4,Single,9,0,11.0,1.0,2.0,15.0,287.22,Retained,No Complaint
51534,0,7.0,Computer,1,8.0,Debit Card,Male,2.0,4,Laptop & Accessory,3,Married,2,0,17.0,0.0,1.0,9.0,195.47,Retained,No Complaint
51535,0,24.0,Mobile Phone,1,9.0,Credit Card,Female,3.0,3,Grocery,4,Single,4,0,18.0,1.0,2.0,0.0,237.33999999999997,Retained,No Complaint
51536,0,25.0,Mobile Phone,1,6.0,Debit Card,Male,3.0,4,Others,3,Married,1,0,15.0,7.0,11.0,9.0,299.99,Retained,No Complaint
51537,0,9.0,Phone,1,15.0,Credit Card,Female,4.0,3,Mobile,4,Single,2,0,16.0,0.0,1.0,3.0,122.78999999999999,Retained,No Complaint
51538,1,0.0,Mobile Phone,1,29.0,Debit Card,Male,2.0,4,Laptop & Accessory,3,Married,4,1,13.0,1.0,1.0,1.0,159.16,Churned,Filed Complaint
51539,0,9.0,Computer,1,13.0,Credit Card,Male,2.0,1,Mobile,1,Married,5,0,14.0,1.0,2.0,2.0,120.88999999999999,Retained,No Complaint
51540,0,18.0,Computer,1,8.0,Credit Card,Male,3.0,4,Grocery,1,Married,10,0,23.0,1.0,11.0,8.0,267.92,Retained,No Complaint
51541,0,10.0,Phone,1,27.0,Debit Card,Male,3.0,1,Mobile,5,Married,2,1,12.0,1.0,1.0,7.0,135.64,Retained,Filed Complaint
51542,0,8.0,Computer,1,8.0,Credit Card,Female,2.0,3,Laptop & Accessory,4,Single,6,0,11.0,0.0,1.0,2.0,144.25,Retained,No Complaint
51543,0,15.0,Computer,1,27.0,Credit Card,Female,2.0,3,Laptop & Accessory,3,Married,3,0,16.0,0.0,1.0,2.0,152.65,Retained,No Complaint
51544,0,11.0,Mobile Phone,1,8.0,Debit Card,Male,2.0,3,Laptop & Accessory,3,Married,10,0,14.0,1.0,1.0,0.0,165.53,Retained,No Complaint
51545,0,11.0,Mobile Phone,1,35.0,Cash on Delivery,Male,2.0,3,Laptop & Accessory,1,Married,4,0,18.0,0.0,1.0,7.0,162.61,Retained,No Complaint
51546,0,0.0,Computer,1,6.0,Cash on Delivery,Male,2.0,4,Laptop & Accessory,5,Married,6,0,19.0,2.0,2.0,0.0,142.98,Retained,No Complaint
51547,0,22.0,Computer,1,24.0,Debit Card,Male,3.0,3,Laptop & Accessory,1,Married,2,1,15.0,0.0,1.0,7.0,168.04,Retained,Filed Complaint
51548,0,7.0,Computer,1,16.0,Credit Card,Male,2.0,3,Mobile,3,Married,2,1,17.0,2.0,2.0,0.0,138.15,Retained,Filed Complaint
51549,0,13.0,Phone,1,25.0,Credit Card,Male,3.0,3,Laptop & Accessory,1,Married,9,1,15.0,3.0,3.0,7.0,127.41,Retained,Filed Complaint
51550,1,1.0,Mobile Phone,1,35.0,Credit Card,Male,3.0,3,Laptop & Accessory,5,Married,8,1,19.0,1.0,1.0,0.0,166.73,Churned,Filed Complaint
51551,1,0.0,Mobile Phone,3,33.0,E wallet,Female,2.0,3,Fashion,1,Married,2,0,22.0,0.0,1.0,9.0,176.39,Churned,No Complaint
51552,0,0.0,Phone,1,14.0,Debit Card,Male,2.0,1,Mobile,4,Married,2,1,16.0,2.0,2.0,2.0,123.28,Retained,Filed Complaint
51553,0,9.0,Computer,1,24.0,Credit Card,Female,3.0,3,Mobile,1,Single,2,0,13.0,0.0,1.0,7.0,121.53,Retained,No Complaint
51554,0,13.0,Computer,1,15.0,Debit Card,Male,3.0,4,Laptop & Accessory,1,Married,10,0,14.0,0.0,1.0,2.0,148.76,Retained,No Complaint
51555,0,19.0,Mobile Phone,1,6.0,Credit Card,Male,3.0,3,Fashion,5,Married,8,0,16.0,0.0,1.0,3.0,193.96,Retained,No Complaint
51556,1,0.0,Mobile Phone,3,10.0,Credit Card,Male,2.0,5,Fashion,1,Married,2,0,11.0,6.0,9.0,8.0,204.0,Churned,No Complaint
51557,0,3.0,Computer,1,6.0,Debit Card,Male,2.0,4,Fashion,3,Single,2,0,22.0,4.0,5.0,8.0,184.74,Retained,No Complaint
51558,0,0.0,Computer,3,26.0,Debit Card,Female,2.0,3,Laptop & Accessory,3,Single,2,0,14.0,1.0,1.0,7.0,199.81,Retained,No Complaint
51559,0,24.0,Mobile Phone,1,14.0,Debit Card,Male,2.0,4,Fashion,4,Married,6,0,16.0,2.0,4.0,3.0,224.89999999999998,Retained,No Complaint
51560,1,0.0,Phone,1,14.0,Cash on Delivery,Female,2.0,3,Mobile,5,Single,6,1,11.0,0.0,1.0,4.0,126.57,Churned,Filed Complaint
51561,0,14.0,Mobile Phone,3,12.0,Debit Card,Female,3.0,3,Fashion,1,Single,4,1,18.0,0.0,2.0,0.0,235.91000000000003,Retained,Filed Complaint
51562,1,0.0,Computer,3,32.0,E wallet,Female,2.0,4,Laptop & Accessory,5,Single,6,0,15.0,1.0,1.0,1.0,166.96,Churned,No Complaint
51563,1,9.0,Phone,1,6.0,Cash on Delivery,Male,2.0,3,Mobile,3,Single,1,0,14.0,0.0,1.0,5.0,120.58000000000001,Churned,No Complaint
51564,0,18.0,Computer,3,12.0,Credit Card,Female,2.0,4,Fashion,1,Single,7,0,12.0,5.0,12.0,8.0,188.65,Retained,No Complaint
51565,0,27.0,Mobile Phone,3,9.0,E wallet,Female,2.0,3,Laptop & Accessory,5,Married,3,0,14.0,1.0,1.0,5.0,159.4,Retained,No Complaint
51566,0,9.0,Mobile Phone,1,11.0,Debit Card,Male,3.0,3,Laptop & Accessory,4,Single,9,0,16.0,2.0,3.0,7.0,159.14,Retained,No Complaint
51567,0,6.0,Phone,1,14.0,Credit Card,Female,2.0,4,Mobile,4,Married,7,0,21.0,0.0,1.0,1.0,126.22,Retained,No Complaint
51568,0,10.0,Computer,1,17.0,UPI,Male,2.0,3,Fashion,1,Married,2,1,14.0,1.0,1.0,3.0,221.85000000000002,Retained,Filed Complaint
51569,0,11.0,Mobile Phone,3,9.0,Debit Card,Male,3.0,3,Fashion,3,Married,1,0,12.0,1.0,5.0,13.0,206.08999999999997,Retained,No Complaint
51570,0,4.0,Computer,1,6.0,Credit Card,Male,2.0,5,Laptop & Accessory,3,Married,1,0,12.0,0.0,1.0,4.0,143.45,Retained,No Complaint
51571,0,9.0,Phone,1,9.0,Debit Card,Male,3.0,4,Mobile,1,Married,4,0,17.0,0.0,1.0,0.0,121.77000000000001,Retained,No Complaint
51572,0,10.0,Computer,3,10.0,E wallet,Male,3.0,3,Mobile,1,Married,5,0,17.0,3.0,5.0,8.0,127.93,Retained,No Complaint
51573,0,2.0,Computer,3,6.0,Credit Card,Female,2.0,3,Fashion,1,Married,2,0,14.0,4.0,4.0,1.0,179.18,Retained,No Complaint
51574,0,8.0,Computer,3,6.0,E wallet,Female,3.0,3,Fashion,3,Single,2,0,14.0,1.0,1.0,8.0,187.89,Retained,No Complaint
51575,1,0.0,Phone,1,14.0,Credit Card,Male,2.0,4,Mobile,1,Single,2,1,13.0,0.0,1.0,1.0,123.88999999999999,Churned,Filed Complaint
51576,0,25.0,Phone,1,8.0,Debit Card,Female,2.0,4,Mobile,1,Single,8,0,15.0,2.0,2.0,2.0,132.12,Retained,No Complaint
51577,0,15.0,Mobile Phone,1,10.0,Cash on Delivery,Male,2.0,3,Others,1,Married,2,0,15.0,0.0,11.0,15.0,292.32,Retained,No Complaint
51578,0,9.0,Phone,2,12.0,Credit Card,Male,2.0,3,Mobile,3,Married,9,0,17.0,0.0,2.0,2.0,122.66999999999999,Retained,No Complaint
51579,0,23.0,Mobile Phone,3,6.0,Credit Card,Female,3.0,3,Others,1,Married,4,0,15.0,1.0,1.0,6.0,295.17,Retained,No Complaint
51580,1,0.0,Phone,1,14.0,Credit Card,Male,2.0,3,Mobile,1,Married,6,1,13.0,1.0,1.0,4.0,124.36000000000001,Churned,Filed Complaint
51581,0,16.0,Mobile Phone,3,22.0,E wallet,Female,3.0,3,Grocery,1,Married,6,1,22.0,0.0,2.0,9.0,260.64,Retained,Filed Complaint
51582,1,0.0,Phone,1,8.0,Debit Card,Female,3.0,3,Mobile,5,Married,8,0,20.0,1.0,1.0,7.0,127.07,Churned,No Complaint
51583,0,25.0,Computer,3,8.0,Debit Card,Male,3.0,4,Others,3,Single,2,1,18.0,1.0,15.0,12.0,290.68,Retained,Filed Complaint
51584,0,5.0,Phone,3,10.0,Debit Card,Female,2.0,3,Mobile,4,Married,3,0,11.0,1.0,1.0,2.0,139.31,Retained,No Complaint
51585,1,0.0,Phone,1,6.0,Debit Card,Male,3.0,4,Mobile,3,Single,1,1,14.0,0.0,1.0,2.0,137.3,Churned,Filed Complaint
51586,0,9.0,Phone,1,6.0,Credit Card,Female,3.0,3,Mobile,3,Married,8,0,14.0,1.0,1.0,2.0,122.32,Retained,No Complaint
51587,0,5.0,Computer,3,32.0,E wallet,Male,3.0,3,Laptop & Accessory,1,Married,1,0,18.0,2.0,2.0,2.0,144.65,Retained,No Complaint
51588,0,14.0,Phone,1,25.0,Debit Card,Male,3.0,3,Laptop & Accessory,5,Married,3,0,16.0,0.0,1.0,0.0,130.72,Retained,No Complaint
51589,0,13.0,Phone,1,30.0,Cash on Delivery,Male,3.0,3,Laptop & Accessory,1,Married,2,0,17.0,2.0,4.0,7.0,133.19,Retained,No Complaint
51590,0,18.0,Mobile Phone,1,6.0,UPI,Male,3.0,1,Others,1,Married,1,0,15.0,1.0,1.0,7.0,292.02,Retained,No Complaint
51591,0,4.0,Computer,1,9.0,Credit Card,Male,3.0,3,Fashion,3,Married,10,0,12.0,2.0,2.0,2.0,236.75,Retained,No Complaint
51592,0,6.0,Phone,1,11.0,Debit Card,Female,3.0,4,Mobile,1,Married,2,0,13.0,0.0,1.0,2.0,129.11,Retained,No Complaint
51593,0,7.0,Mobile Phone,1,8.0,Debit Card,Male,2.0,4,Laptop & Accessory,5,Married,7,0,13.0,0.0,5.0,9.0,159.57,Retained,No Complaint
51594,0,10.0,Phone,1,6.0,Credit Card,Female,2.0,4,Mobile,5,Married,3,0,14.0,0.0,1.0,2.0,139.2,Retained,No Complaint
51595,0,18.0,Computer,1,13.0,Debit Card,Male,3.0,1,Laptop & Accessory,3,Married,5,0,17.0,1.0,1.0,2.0,164.34,Retained,No Complaint
51596,1,0.0,Computer,1,16.0,Credit Card,Male,3.0,3,Fashion,3,Married,7,0,11.0,0.0,1.0,0.0,200.48,Churned,No Complaint
51597,0,12.0,Computer,1,8.0,Cash on Delivery,Female,3.0,3,Fashion,3,Single,1,0,25.0,6.0,11.0,3.0,209.38,Retained,No Complaint
51598,0,2.0,Phone,1,14.0,Debit Card,Male,2.0,3,Mobile,1,Single,2,0,19.0,1.0,1.0,5.0,123.4,Retained,No Complaint
51599,0,15.0,Mobile Phone,1,23.0,Debit Card,Female,2.0,1,Laptop & Accessory,5,Single,4,1,13.0,1.0,1.0,2.0,165.45,Retained,Filed Complaint
51600,0,2.0,Mobile Phone,3,26.0,E wallet,Male,2.0,3,Laptop & Accessory,1,Married,3,0,14.0,1.0,1.0,2.0,169.31,Retained,No Complaint
51601,0,0.0,Phone,1,6.0,Debit Card,Female,3.0,3,Laptop & Accessory,3,Married,1,0,12.0,1.0,1.0,2.0,148.98,Retained,No Complaint
51602,0,15.0,Phone,1,14.0,Credit Card,Female,2.0,4,Mobile,5,Married,1,1,11.0,7.0,7.0,8.0,125.93,Retained,Filed Complaint
51603,0,13.0,Mobile Phone,1,8.0,Credit Card,Male,2.0,3,Others,3,Married,1,0,15.0,3.0,3.0,9.0,294.36,Retained,No Complaint
51604,0,24.0,Phone,1,6.0,Debit Card,Male,3.0,3,Mobile,1,Married,2,0,11.0,1.0,1.0,0.0,127.22999999999999,Retained,No Complaint
51605,1,0.0,Computer,1,35.0,Credit Card,Male,3.0,4,Mobile,4,Single,1,0,11.0,0.0,1.0,4.0,134.79,Churned,No Complaint
51606,0,5.0,Computer,1,13.0,Debit Card,Male,3.0,1,Mobile,4,Married,2,0,20.0,0.0,1.0,3.0,127.94,Retained,No Complaint
51607,0,11.0,Computer,3,8.0,Debit Card,Male,2.0,4,Laptop & Accessory,1,Married,4,0,18.0,1.0,7.0,5.0,152.49,Retained,No Complaint
51608,0,9.0,Phone,1,8.0,Cash on Delivery,Male,2.0,4,Laptop & Accessory,5,Single,5,0,13.0,0.0,1.0,4.0,121.75999999999999,Retained,No Complaint
51609,0,19.0,Mobile Phone,3,8.0,Cash on Delivery,Female,3.0,5,Grocery,4,Married,4,1,12.0,1.0,7.0,7.0,268.72,Retained,Filed Complaint
51610,1,0.0,Phone,1,8.0,Debit Card,Male,3.0,3,Mobile,3,Single,3,0,11.0,0.0,1.0,0.0,134.85,Churned,No Complaint
51611,0,2.0,Mobile Phone,3,8.0,Credit Card,Male,3.0,4,Laptop & Accessory,4,Married,3,0,19.0,1.0,1.0,0.0,166.44,Retained,No Complaint
51612,0,4.0,Mobile Phone,1,29.0,Credit Card,Male,3.0,4,Laptop & Accessory,1,Married,1,0,21.0,0.0,7.0,8.0,155.82,Retained,No Complaint
51613,0,0.0,Computer,1,11.0,Debit Card,Male,2.0,1,Laptop & Accessory,5,Married,2,0,12.0,1.0,1.0,5.0,140.0,Retained,No Complaint
51614,0,18.0,Mobile Phone,1,26.0,Credit Card,Male,3.0,3,Grocery,1,Married,1,1,14.0,2.0,2.0,10.0,234.95999999999998,Retained,Filed Complaint
51615,0,9.0,Phone,1,12.0,Debit Card,Male,2.0,3,Mobile,1,Married,1,0,11.0,1.0,10.0,11.0,132.1,Retained,No Complaint
51616,0,28.0,Mobile Phone,1,6.0,Credit Card,Male,2.0,3,Others,5,Single,1,1,14.0,1.0,4.0,13.0,290.45,Retained,Filed Complaint
51617,1,10.0,Computer,1,35.0,Debit Card,Male,2.0,3,Fashion,4,Married,2,1,12.0,4.0,9.0,3.0,218.49,Churned,Filed Complaint
51618,0,9.0,Phone,1,15.0,Credit Card,Male,3.0,3,Mobile,1,Married,2,0,23.0,1.0,1.0,4.0,120.69999999999999,Retained,No Complaint
51619,0,10.0,Mobile Phone,3,12.0,Credit Card,Male,3.0,3,Laptop & Accessory,1,Married,5,0,14.0,1.0,1.0,1.0,165.02,Retained,No Complaint
51620,0,0.0,Phone,1,9.0,Credit Card,Male,3.0,4,Mobile,3,Single,2,0,17.0,1.0,1.0,0.0,132.3,Retained,No Complaint
51621,0,10.0,Computer,1,6.0,Credit Card,Female,3.0,3,Fashion,1,Married,3,1,18.0,0.0,2.0,2.0,236.02999999999997,Retained,Filed Complaint
51622,0,8.0,Mobile Phone,1,28.0,Debit Card,Female,3.0,1,Fashion,4,Married,8,0,18.0,5.0,6.0,3.0,219.95999999999998,Retained,No Complaint
51623,0,11.0,Mobile Phone,3,13.0,Credit Card,Female,2.0,1,Laptop & Accessory,5,Married,2,1,24.0,4.0,7.0,7.0,156.05,Retained,Filed Complaint
51624,0,0.0,Computer,1,6.0,Debit Card,Female,2.0,3,Laptop & Accessory,4,Married,2,0,20.0,1.0,1.0,4.0,163.97,Retained,No Complaint
51625,0,23.0,Mobile Phone,1,10.0,Debit Card,Male,3.0,3,Others,4,Married,4,0,14.0,1.0,1.0,6.0,291.44,Retained,No Complaint
51626,0,26.0,Mobile Phone,1,9.0,Credit Card,Male,2.0,3,Grocery,3,Married,4,1,16.0,1.0,1.0,3.0,275.84,Retained,Filed Complaint
51627,0,15.0,Phone,3,6.0,Debit Card,Male,1.0,3,Laptop & Accessory,3,Married,2,0,25.0,6.0,11.0,6.0,149.07,Retained,No Complaint
51628,0,2.0,Computer,3,8.0,Debit Card,Male,2.0,3,Laptop & Accessory,1,Single,2,0,18.0,0.0,1.0,9.0,145.54,Retained,No Complaint
51629,0,28.0,Mobile Phone,1,26.0,Cash on Delivery,Male,2.0,3,Laptop & Accessory,1,Married,4,1,19.0,0.0,1.0,8.0,154.15,Retained,Filed Complaint
51630,0,0.0,Computer,1,17.0,Credit Card,Male,2.0,3,Laptop & Accessory,5,Married,2,1,13.0,1.0,3.0,3.0,147.41,Retained,Filed Complaint
51631,0,9.0,Phone,1,6.0,Debit Card,Female,2.0,3,Mobile,1,Single,2,0,12.0,1.0,5.0,7.0,121.15,Retained,No Complaint
51632,1,7.0,Computer,1,30.0,Debit Card,Male,3.0,3,Mobile,3,Married,4,1,22.0,0.0,1.0,0.0,131.61,Churned,Filed Complaint
51633,0,11.0,Mobile Phone,1,29.0,Debit Card,Male,2.0,3,Laptop & Accessory,1,Married,10,0,14.0,0.0,1.0,2.0,157.45,Retained,No Complaint
51634,1,0.0,Phone,1,14.0,Credit Card,Male,2.0,3,Mobile,4,Married,3,1,13.0,1.0,1.0,2.0,123.72999999999999,Churned,Filed Complaint
51635,0,1.0,Phone,1,14.0,Debit Card,Female,3.0,3,Mobile,1,Single,2,0,21.0,1.0,1.0,2.0,133.1,Retained,No Complaint
51636,0,22.0,Computer,1,16.0,Debit Card,Female,2.0,3,Others,5,Single,10,1,11.0,1.0,1.0,2.0,286.65,Retained,Filed Complaint
51637,0,9.0,Phone,1,9.0,Cash on Delivery,Male,1.0,3,Laptop & Accessory,4,Single,5,0,12.0,2.0,7.0,7.0,144.85,Retained,No Complaint
51638,0,4.0,Computer,3,11.0,E wallet,Female,3.0,3,Mobile,4,Married,2,0,11.0,0.0,2.0,2.0,127.88999999999999,Retained,No Complaint
51639,1,0.0,Mobile Phone,3,10.0,E wallet,Male,2.0,4,Laptop & Accessory,1,Single,2,1,12.0,4.0,7.0,4.0,158.28,Churned,Filed Complaint
51640,0,10.0,Computer,1,14.0,Credit Card,Male,2.0,3,Mobile,1,Married,2,1,12.0,0.0,1.0,2.0,123.25999999999999,Retained,Filed Complaint
51641,0,15.0,Computer,3,32.0,E wallet,Female,3.0,3,Grocery,4,Married,6,0,14.0,3.0,2.0,8.0,235.25,Retained,No Complaint
51642,1,9.0,Mobile Phone,1,9.0,Debit Card,Male,2.0,3,Mobile,3,Single,2,0,13.0,1.0,1.0,0.0,114.19999999999999,Churned,No Complaint
51643,0,8.0,Mobile Phone,3,22.0,E wallet,Male,3.0,3,Fashion,4,Married,1,0,15.0,3.0,6.0,9.0,180.2,Retained,No Complaint
51644,0,9.0,Computer,1,24.0,Debit Card,Male,2.0,1,Mobile,1,Married,5,0,18.0,1.0,1.0,0.0,136.88,Retained,No Complaint
51645,0,24.0,Mobile Phone,1,8.0,Credit Card,Male,2.0,5,Laptop & Accessory,4,Married,6,0,18.0,0.0,1.0,2.0,154.82,Retained,No Complaint
51646,0,14.0,Mobile Phone,3,8.0,Debit Card,Male,2.0,3,Grocery,4,Single,2,0,19.0,1.0,2.0,4.0,260.15,Retained,No Complaint
51647,0,9.0,Mobile Phone,3,16.0,Credit Card,Female,3.0,4,Mobile,3,Single,2,0,12.0,0.0,1.0,0.0,112.0,Retained,No Complaint
51648,0,1.0,Mobile Phone,1,22.0,Credit Card,Male,3.0,1,Laptop & Accessory,5,Single,1,0,19.0,0.0,1.0,7.0,156.61,Retained,No Complaint
51649,0,4.0,Mobile Phone,3,13.0,Cash on Delivery,Male,3.0,1,Laptop & Accessory,1,Married,5,0,11.0,3.0,7.0,7.0,169.29,Retained,No Complaint
51650,0,12.0,Mobile Phone,1,6.0,Credit Card,Male,2.0,1,Fashion,1,Married,1,0,17.0,1.0,3.0,7.0,196.13,Retained,No Complaint
51651,0,9.0,Computer,1,30.0,Debit Card,Female,2.0,3,Laptop & Accessory,4,Married,8,0,15.0,1.0,1.0,8.0,156.74,Retained,No Complaint
51652,0,5.0,Mobile Phone,3,13.0,Debit Card,Male,3.0,4,Laptop & Accessory,3,Married,2,0,14.0,3.0,4.0,8.0,154.84,Retained,No Complaint
51653,0,11.0,Mobile Phone,1,31.0,Debit Card,Female,2.0,4,Fashion,4,Married,4,0,17.0,0.0,1.0,3.0,220.61,Retained,No Complaint
51654,0,30.0,Computer,1,6.0,Debit Card,Male,2.0,5,Laptop & Accessory,3,Married,3,1,13.0,1.0,1.0,2.0,156.6,Retained,Filed Complaint
51655,0,4.0,Phone,1,11.0,Cash on Delivery,Male,2.0,3,Mobile,1,Married,1,1,12.0,1.0,1.0,3.0,148.21,Retained,Filed Complaint
51656,0,4.0,Mobile Phone,2,8.0,UPI,Male,3.0,4,Laptop & Accessory,5,Married,4,0,12.0,0.0,1.0,0.0,164.1,Retained,No Complaint
51657,0,18.0,Computer,1,13.0,Debit Card,Male,3.0,3,Fashion,5,Married,2,0,18.0,2.0,9.0,11.0,152.1,Retained,No Complaint
51658,0,4.0,Phone,1,8.0,Debit Card,Male,3.0,3,Mobile,1,Married,1,1,18.0,2.0,2.0,2.0,126.94999999999999,Retained,Filed Complaint
51659,0,6.0,Computer,1,11.0,Debit Card,Female,3.0,3,Fashion,4,Married,7,0,11.0,7.0,8.0,3.0,218.77999999999997,Retained,No Complaint
51660,0,0.0,Mobile Phone,1,16.0,Credit Card,Male,3.0,3,Grocery,5,Married,2,1,14.0,1.0,11.0,10.0,270.68,Retained,Filed Complaint
51661,0,16.0,Computer,1,14.0,Debit Card,Female,2.0,3,Mobile,1,Single,1,0,19.0,0.0,1.0,7.0,124.55000000000001,Retained,No Complaint
51662,0,22.0,Mobile Phone,1,6.0,Cash on Delivery,Female,2.0,4,Grocery,3,Single,8,1,12.0,0.0,2.0,7.0,239.64,Retained,Filed Complaint
51663,1,15.0,Phone,1,14.0,Credit Card,Male,2.0,4,Laptop & Accessory,4,Married,3,0,15.0,7.0,7.0,7.0,149.41,Churned,No Complaint
51664,0,0.0,Phone,1,14.0,Debit Card,Female,2.0,3,Mobile,4,Single,2,1,12.0,0.0,1.0,2.0,124.78,Retained,Filed Complaint
51665,0,5.0,Mobile Phone,3,14.0,Cash on Delivery,Female,3.0,4,Laptop & Accessory,4,Married,2,1,11.0,11.0,11.0,9.0,152.28,Retained,Filed Complaint
51666,0,0.0,Phone,3,8.0,Debit Card,Male,3.0,3,Laptop & Accessory,3,Single,2,1,11.0,0.0,1.0,4.0,144.78,Retained,Filed Complaint
51667,0,4.0,Mobile Phone,3,13.0,E wallet,Male,3.0,3,Laptop & Accessory,1,Married,5,0,12.0,0.0,1.0,7.0,175.47,Retained,No Complaint
51668,0,5.0,Mobile Phone,1,8.0,Credit Card,Female,3.0,1,Laptop & Accessory,1,Single,8,0,16.0,0.0,1.0,7.0,150.55,Retained,No Complaint
51669,1,0.0,Phone,1,8.0,Credit Card,Male,2.0,5,Mobile,1,Married,6,1,13.0,1.0,2.0,2.0,134.64,Churned,Filed Complaint
51670,0,3.0,Mobile Phone,1,34.0,Credit Card,Female,3.0,3,Laptop & Accessory,1,Married,2,0,13.0,1.0,1.0,9.0,157.75,Retained,No Complaint
51671,0,4.0,Computer,1,13.0,Debit Card,Female,2.0,4,Fashion,3,Married,2,0,24.0,7.0,8.0,9.0,189.43,Retained,No Complaint
51672,0,12.0,Computer,1,13.0,Credit Card,Male,2.0,4,Others,1,Married,2,0,15.0,6.0,13.0,3.0,292.72,Retained,No Complaint
51673,1,2.0,Mobile Phone,3,9.0,Credit Card,Female,2.0,3,Laptop & Accessory,3,Married,5,1,18.0,1.0,1.0,0.0,152.38,Churned,Filed Complaint
51674,0,6.0,Computer,3,16.0,E wallet,Male,2.0,4,Laptop & Accessory,1,Single,4,0,14.0,1.0,1.0,1.0,146.82,Retained,No Complaint
51675,0,20.0,Mobile Phone,1,11.0,Debit Card,Male,2.0,3,Others,3,Married,5,0,11.0,1.0,1.0,1.0,283.0,Retained,No Complaint
51676,0,16.0,Computer,1,16.0,Debit Card,Female,2.0,4,Laptop & Accessory,3,Married,2,0,11.0,1.0,1.0,0.0,152.57,Retained,No Complaint
51677,0,0.0,Computer,3,6.0,E wallet,Male,3.0,3,Laptop & Accessory,4,Married,1,1,13.0,0.0,1.0,4.0,163.49,Retained,Filed Complaint
51678,0,27.0,Computer,1,26.0,Debit Card,Female,2.0,3,Laptop & Accessory,3,Single,4,0,12.0,0.0,1.0,3.0,148.69,Retained,No Complaint
51679,0,16.0,Mobile Phone,1,13.0,Debit Card,Female,2.0,3,Fashion,5,Married,9,0,16.0,1.0,1.0,0.0,199.85,Retained,No Complaint
51680,0,18.0,Phone,1,14.0,UPI,Male,3.0,3,Laptop & Accessory,1,Married,10,0,14.0,8.0,9.0,8.0,136.97,Retained,No Complaint
51681,0,13.0,Mobile Phone,3,6.0,Credit Card,Male,2.0,5,Laptop & Accessory,1,Married,3,1,22.0,1.0,1.0,2.0,174.57,Retained,Filed Complaint
51682,1,9.0,Phone,1,14.0,UPI,Male,3.0,5,Mobile,5,Married,2,1,11.0,0.0,1.0,7.0,121.19,Churned,Filed Complaint
51683,0,2.0,Phone,1,15.0,UPI,Male,1.0,4,Mobile,1,Single,1,0,17.0,1.0,2.0,2.0,139.83,Retained,No Complaint
51684,0,3.0,Mobile Phone,3,11.0,E wallet,Female,1.0,4,Laptop & Accessory,3,Married,2,0,13.0,1.0,1.0,2.0,161.18,Retained,No Complaint
51685,0,0.0,Mobile Phone,3,14.0,E wallet,Female,2.0,3,Laptop & Accessory,4,Married,2,0,18.0,0.0,1.0,7.0,162.14,Retained,No Complaint
51686,0,10.0,Mobile Phone,1,11.0,Credit Card,Male,3.0,3,Laptop & Accessory,1,Married,8,0,16.0,1.0,1.0,4.0,163.47,Retained,No Complaint
51687,0,11.0,Mobile Phone,1,21.0,Debit Card,Male,3.0,4,Fashion,1,Married,1,1,14.0,2.0,2.0,3.0,215.10000000000002,Retained,Filed Complaint
51688,0,4.0,Mobile Phone,1,13.0,Credit Card,Female,2.0,3,Fashion,1,Single,2,1,14.0,4.0,4.0,10.0,171.43,Retained,Filed Complaint
51689,0,2.0,Mobile Phone,3,16.0,E wallet,Female,2.0,4,Laptop & Accessory,4,Married,2,1,14.0,1.0,1.0,7.0,182.68,Retained,Filed Complaint
51690,0,8.0,Mobile Phone,1,11.0,Cash on Delivery,Male,3.0,3,Fashion,4,Single,1,0,13.0,1.0,1.0,13.0,180.95,Retained,No Complaint
51691,0,0.0,Phone,1,32.0,Debit Card,Male,3.0,3,Mobile,1,Married,2,0,12.0,0.0,1.0,2.0,129.04,Retained,No Complaint
51692,0,14.0,Mobile Phone,1,12.0,Credit Card,Male,3.0,4,Laptop & Accessory,4,Single,7,1,15.0,1.0,1.0,2.0,160.32,Retained,Filed Complaint
51693,0,20.0,Computer,3,10.0,Credit Card,Male,3.0,3,Laptop & Accessory,3,Single,4,0,19.0,0.0,1.0,0.0,129.76,Retained,No Complaint
51694,0,15.0,Mobile Phone,1,29.0,Debit Card,Female,2.0,3,Grocery,1,Single,3,0,14.0,0.0,2.0,0.0,259.92,Retained,No Complaint
51695,0,2.0,Computer,3,8.0,Debit Card,Male,3.0,3,Laptop & Accessory,3,Married,2,0,14.0,1.0,1.0,2.0,146.49,Retained,No Complaint
51696,0,15.0,Phone,2,8.0,Cash on Delivery,Male,3.0,3,Mobile,3,Married,1,1,11.0,1.0,1.0,0.0,126.96000000000001,Retained,Filed Complaint
51697,0,5.0,Phone,1,14.0,Credit Card,Female,3.0,3,Mobile,4,Married,2,0,13.0,0.0,1.0,7.0,123.69999999999999,Retained,No Complaint
51698,0,21.0,Mobile Phone,3,35.0,Credit Card,Female,3.0,3,Fashion,3,Married,4,0,21.0,0.0,1.0,3.0,225.04000000000002,Retained,No Complaint
51699,0,10.0,Mobile Phone,1,12.0,Credit Card,Male,2.0,1,Laptop & Accessory,5,Married,5,1,13.0,6.0,6.0,7.0,159.74,Retained,Filed Complaint
51700,0,3.0,Computer,3,31.0,Cash on Delivery,Female,2.0,3,Laptop & Accessory,3,Married,8,1,12.0,2.0,2.0,2.0,147.36,Retained,Filed Complaint
51701,0,0.0,Mobile Phone,3,6.0,Debit Card,Male,2.0,3,Laptop & Accessory,3,Married,2,0,17.0,0.0,7.0,7.0,152.96,Retained,No Complaint
51702,0,15.0,Mobile Phone,1,8.0,UPI,Male,3.0,4,Laptop & Accessory,1,Single,4,0,23.0,1.0,1.0,0.0,167.81,Retained,No Complaint
51703,1,9.0,Computer,3,6.0,Cash on Delivery,Female,3.0,4,Mobile,4,Single,2,1,11.0,1.0,1.0,2.0,121.74000000000001,Churned,Filed Complaint
51704,0,9.0,Computer,3,6.0,Credit Card,Female,2.0,3,Laptop & Accessory,1,Single,5,0,15.0,1.0,1.0,0.0,166.53,Retained,No Complaint
51705,0,9.0,Computer,3,9.0,Credit Card,Male,2.0,4,Fashion,1,Married,5,0,11.0,0.0,1.0,12.0,196.99,Retained,No Complaint
51706,0,30.0,Mobile Phone,1,6.0,Credit Card,Male,2.0,3,Laptop & Accessory,3,Married,3,0,11.0,0.0,1.0,2.0,167.55,Retained,No Complaint
51707,0,9.0,Phone,1,16.0,Debit Card,Female,2.0,1,Mobile,3,Married,4,1,13.0,0.0,1.0,7.0,122.13,Retained,Filed Complaint
51708,0,0.0,Computer,3,14.0,Credit Card,Male,2.0,3,Mobile,1,Single,2,0,24.0,2.0,2.0,2.0,126.1,Retained,No Complaint
51709,1,0.0,Phone,3,11.0,E wallet,Female,3.0,3,Mobile,3,Single,2,1,13.0,0.0,1.0,0.0,128.51,Churned,Filed Complaint
51710,0,10.0,Phone,1,16.0,Credit Card,Female,3.0,3,Mobile,5,Married,7,0,20.0,1.0,1.0,3.0,134.52,Retained,No Complaint
51711,0,19.0,Computer,1,13.0,Credit Card,Female,1.0,3,Laptop & Accessory,3,Married,3,0,14.0,1.0,1.0,0.0,152.58,Retained,No Complaint
51712,1,4.0,Computer,3,10.0,E wallet,Male,2.0,3,Laptop & Accessory,4,Single,2,0,18.0,4.0,7.0,7.0,193.55,Churned,No Complaint
51713,0,23.0,Mobile Phone,1,16.0,Cash on Delivery,Male,3.0,4,Fashion,1,Single,7,0,15.0,1.0,1.0,3.0,204.96,Retained,No Complaint
51714,1,3.0,Mobile Phone,3,28.0,E wallet,Male,3.0,4,Laptop & Accessory,3,Married,3,1,12.0,1.0,1.0,0.0,163.8,Churned,Filed Complaint
51715,0,4.0,Phone,1,14.0,Debit Card,Male,2.0,4,Mobile,4,Single,1,1,16.0,2.0,2.0,2.0,126.57,Retained,Filed Complaint
51716,1,0.0,Phone,3,18.0,Debit Card,Female,3.0,1,Mobile,4,Single,2,0,15.0,0.0,1.0,0.0,127.16,Churned,No Complaint
51717,0,9.0,Phone,1,29.0,Debit Card,Male,2.0,3,Mobile,1,Single,10,0,16.0,0.0,1.0,2.0,122.00999999999999,Retained,No Complaint
51718,0,8.0,Mobile Phone,1,15.0,Debit Card,Male,3.0,4,Laptop & Accessory,4,Single,10,0,19.0,0.0,1.0,0.0,165.4,Retained,No Complaint
51719,0,0.0,Phone,1,6.0,Credit Card,Male,2.0,3,Mobile,4,Married,2,0,11.0,0.0,1.0,4.0,138.16,Retained,No Complaint
51720,0,1.0,Mobile Phone,3,15.0,Debit Card,Male,3.0,3,Laptop & Accessory,1,Single,2,0,16.0,1.0,1.0,7.0,152.53,Retained,No Complaint
51721,0,22.0,Mobile Phone,1,13.0,UPI,Male,2.0,4,Fashion,3,Single,9,0,24.0,1.0,1.0,3.0,209.64999999999998,Retained,No Complaint
51722,0,24.0,Phone,3,20.0,Debit Card,Female,2.0,3,Laptop & Accessory,1,Married,5,0,11.0,1.0,1.0,7.0,149.36,Retained,No Complaint
51723,0,9.0,Phone,1,14.0,Debit Card,Female,3.0,3,Mobile,3,Married,5,0,13.0,2.0,2.0,2.0,125.43,Retained,No Complaint
51724,1,0.0,Computer,3,25.0,E wallet,Male,3.0,1,Laptop & Accessory,1,Single,9,1,13.0,0.0,1.0,4.0,153.04,Churned,Filed Complaint
51725,0,28.0,Mobile Phone,1,8.0,Debit Card,Female,3.0,3,Grocery,1,Single,3,1,13.0,1.0,1.0,2.0,266.59,Retained,Filed Complaint
51726,0,0.0,Phone,3,16.0,E wallet,Female,3.0,3,Laptop & Accessory,3,Married,2,1,12.0,0.0,1.0,3.0,142.6,Retained,Filed Complaint
51727,0,3.0,Phone,3,14.0,Cash on Delivery,Male,3.0,3,Mobile,4,Married,2,0,18.0,1.0,1.0,0.0,124.75999999999999,Retained,No Complaint
51728,1,0.0,Computer,1,9.0,Cash on Delivery,Male,3.0,3,Mobile,5,Single,1,0,22.0,0.0,1.0,4.0,131.02,Churned,No Complaint
51729,0,9.0,Phone,1,17.0,Credit Card,Female,2.0,3,Mobile,4,Married,2,0,13.0,1.0,1.0,2.0,122.44,Retained,No Complaint
51730,0,9.0,Mobile Phone,3,8.0,Credit Card,Male,3.0,4,Fashion,3,Married,2,0,13.0,8.0,9.0,0.0,175.96,Retained,No Complaint
51731,1,9.0,Computer,1,10.0,Cash on Delivery,Male,2.0,3,Mobile,1,Single,10,1,23.0,1.0,1.0,0.0,122.85,Churned,Filed Complaint
51732,0,10.0,Phone,1,20.0,Debit Card,Female,3.0,3,Mobile,5,Married,2,0,12.0,10.0,12.0,17.0,130.34,Retained,No Complaint
51733,0,13.0,Mobile Phone,3,8.0,E wallet,Female,2.0,3,Laptop & Accessory,4,Married,8,0,12.0,0.0,1.0,3.0,157.15,Retained,No Complaint
51734,0,15.0,Phone,1,14.0,Debit Card,Female,3.0,3,Mobile,5,Married,4,0,16.0,0.0,1.0,2.0,125.75999999999999,Retained,No Complaint
51735,0,10.0,Phone,1,16.0,Debit Card,Male,2.0,3,Laptop & Accessory,4,Single,3,1,12.0,0.0,1.0,1.0,141.97,Retained,Filed Complaint
51736,0,16.0,Mobile Phone,1,18.0,Debit Card,Male,2.0,4,Grocery,4,Married,2,0,11.0,3.0,2.0,9.0,243.36,Retained,No Complaint
51737,0,13.0,Phone,1,8.0,Credit Card,Female,3.0,4,Laptop & Accessory,3,Married,7,0,22.0,1.0,1.0,0.0,134.48,Retained,No Complaint
51738,0,27.0,Mobile Phone,1,11.0,Credit Card,Male,2.0,3,Others,5,Married,5,0,15.0,1.0,1.0,2.0,294.06,Retained,No Complaint
51739,0,7.0,Computer,3,10.0,E wallet,Female,3.0,3,Laptop & Accessory,3,Married,10,0,15.0,0.0,1.0,2.0,165.38,Retained,No Complaint
51740,0,4.0,Phone,1,13.0,Credit Card,Female,2.0,3,Laptop & Accessory,5,Married,2,0,12.0,3.0,3.0,12.0,143.06,Retained,No Complaint
51741,0,9.0,Computer,1,27.0,Credit Card,Male,3.0,3,Mobile,1,Married,8,0,20.0,1.0,1.0,2.0,122.58000000000001,Retained,No Complaint
51742,0,16.0,Phone,1,14.0,UPI,Female,3.0,3,Laptop & Accessory,3,Married,5,1,14.0,1.0,1.0,2.0,145.22,Retained,Filed Complaint
51743,0,0.0,Phone,3,10.0,Debit Card,Female,3.0,4,Laptop & Accessory,1,Single,2,1,11.0,0.0,1.0,3.0,144.87,Retained,Filed Complaint
51744,0,10.0,Computer,1,31.0,Credit Card,Female,3.0,3,Laptop & Accessory,3,Married,4,1,15.0,4.0,10.0,7.0,144.49,Retained,Filed Complaint
51745,0,9.0,Phone,1,6.0,Debit Card,Male,3.0,4,Mobile,5,Married,2,0,12.0,3.0,3.0,2.0,122.18,Retained,No Complaint
51746,0,12.0,Computer,1,6.0,Debit Card,Male,2.0,3,Others,3,Married,2,1,14.0,0.0,1.0,6.0,291.97,Retained,Filed Complaint
51747,0,29.0,Computer,3,12.0,Debit Card,Female,2.0,1,Grocery,5,Married,10,0,11.0,6.0,2.0,7.0,232.12,Retained,No Complaint
51748,0,3.0,Mobile Phone,3,18.0,Cash on Delivery,Female,2.0,3,Laptop & Accessory,3,Single,1,0,11.0,3.0,4.0,4.0,165.77,Retained,No Complaint
51749,0,14.0,Mobile Phone,3,6.0,E wallet,Male,2.0,1,Fashion,5,Married,2,0,16.0,1.0,1.0,7.0,183.92,Retained,No Complaint
51750,0,1.0,Phone,1,23.0,Credit Card,Male,3.0,3,Laptop & Accessory,5,Married,2,0,12.0,0.0,1.0,8.0,145.58,Retained,No Complaint
51751,1,0.0,Phone,1,9.0,Credit Card,Male,3.0,3,Mobile,5,Married,6,0,13.0,1.0,1.0,2.0,140.31,Churned,No Complaint
51752,0,25.0,Mobile Phone,1,9.0,Credit Card,Male,2.0,4,Fashion,3,Married,3,1,14.0,1.0,1.0,4.0,179.69,Retained,Filed Complaint
51753,0,18.0,Phone,1,14.0,Debit Card,Male,3.0,3,Mobile,1,Married,4,0,21.0,0.0,1.0,2.0,126.53999999999999,Retained,No Complaint
51754,0,25.0,Mobile Phone,1,10.0,Debit Card,Female,1.0,3,Grocery,1,Married,3,0,13.0,1.0,1.0,4.0,265.55,Retained,No Complaint
51755,0,15.0,Computer,1,35.0,Debit Card,Female,3.0,3,Laptop & Accessory,3,Married,3,0,11.0,1.0,1.0,2.0,145.56,Retained,No Complaint
51756,0,3.0,Mobile Phone,1,8.0,Debit Card,Female,2.0,5,Laptop & Accessory,1,Single,3,0,20.0,1.0,1.0,2.0,160.91,Retained,No Complaint
51757,0,30.0,Mobile Phone,1,13.0,Debit Card,Female,2.0,3,Others,5,Married,6,0,15.0,1.0,11.0,10.0,295.66,Retained,No Complaint
51758,0,19.0,Phone,1,24.0,Credit Card,Female,2.0,3,Laptop & Accessory,3,Married,3,0,14.0,1.0,1.0,8.0,148.1,Retained,No Complaint
51759,0,15.0,Computer,1,34.0,Cash on Delivery,Female,2.0,4,Laptop & Accessory,1,Married,1,0,11.0,0.0,1.0,4.0,145.23,Retained,No Complaint
51760,1,0.0,Phone,3,6.0,Cash on Delivery,Female,3.0,3,Mobile,4,Single,2,1,16.0,0.0,1.0,4.0,132.02,Churned,Filed Complaint
51761,1,0.0,Computer,3,14.0,E wallet,Female,2.0,5,Mobile,3,Married,1,0,16.0,0.0,1.0,0.0,123.50999999999999,Churned,No Complaint
51762,0,9.0,Computer,1,8.0,Debit Card,Male,2.0,3,Mobile,1,Married,2,1,23.0,1.0,1.0,0.0,117.02000000000001,Retained,Filed Complaint
51763,0,13.0,Mobile Phone,3,8.0,Debit Card,Female,3.0,3,Others,3,Married,1,0,14.0,1.0,1.0,12.0,280.41,Retained,No Complaint
51764,0,0.0,Phone,1,29.0,Debit Card,Female,3.0,3,Mobile,1,Married,2,0,22.0,0.0,1.0,2.0,128.86,Retained,No Complaint
51765,0,9.0,Computer,1,9.0,Debit Card,Male,2.0,3,Mobile,1,Married,5,0,15.0,1.0,1.0,4.0,120.97,Retained,No Complaint
51766,0,2.0,Mobile Phone,1,9.0,Credit Card,Male,3.0,4,Fashion,3,Married,2,0,18.0,0.0,1.0,3.0,219.35000000000002,Retained,No Complaint
51767,1,0.0,Phone,1,14.0,Cash on Delivery,Female,3.0,4,Mobile,4,Married,6,0,16.0,1.0,1.0,1.0,125.46000000000001,Churned,No Complaint
51768,1,0.0,Phone,2,14.0,Cash on Delivery,Male,2.0,4,Mobile,1,Single,2,0,12.0,0.0,1.0,0.0,125.63999999999999,Churned,No Complaint
51769,0,3.0,Computer,3,28.0,UPI,Female,3.0,3,Fashion,5,Married,1,0,11.0,3.0,7.0,8.0,184.12,Retained,No Complaint
51770,0,30.0,Mobile Phone,3,35.0,E wallet,Male,2.0,4,Grocery,1,Married,4,0,12.0,1.0,2.0,0.0,241.18,Retained,No Complaint
51771,0,23.0,Mobile Phone,1,35.0,Debit Card,Male,2.0,4,Grocery,3,Married,1,0,15.0,1.0,15.0,7.0,270.46,Retained,No Complaint
51772,0,3.0,Computer,1,14.0,Credit Card,Female,2.0,3,Mobile,1,Single,1,0,14.0,1.0,6.0,7.0,125.63999999999999,Retained,No Complaint
51773,0,30.0,Computer,3,34.0,E wallet,Female,3.0,4,Fashion,5,Married,5,0,19.0,3.0,13.0,11.0,202.66,Retained,No Complaint
51774,0,20.0,Mobile Phone,1,8.0,Credit Card,Female,3.0,3,Laptop & Accessory,1,Married,6,0,13.0,0.0,1.0,4.0,150.7,Retained,No Complaint
51775,0,19.0,Mobile Phone,1,8.0,Debit Card,Male,2.0,3,Grocery,3,Married,7,0,13.0,1.0,1.0,1.0,278.61,Retained,No Complaint
51776,0,8.0,Phone,1,28.0,Debit Card,Male,2.0,5,Mobile,3,Single,1,0,15.0,1.0,4.0,3.0,142.3,Retained,No Complaint
51777,0,27.0,Phone,1,5.0,Debit Card,Female,2.0,3,Laptop & Accessory,3,Single,8,0,11.0,0.0,1.0,0.0,137.8,Retained,No Complaint
51778,0,7.0,Phone,1,8.0,Debit Card,Male,3.0,4,Mobile,3,Married,4,0,12.0,3.0,5.0,7.0,127.68,Retained,No Complaint
51779,0,5.0,Mobile Phone,3,16.0,E wallet,Female,3.0,4,Fashion,1,Married,3,1,19.0,0.0,1.0,2.0,190.71,Retained,Filed Complaint
51780,0,4.0,Mobile Phone,1,15.0,Debit Card,Male,2.0,3,Fashion,4,Married,2,0,25.0,0.0,1.0,8.0,206.48000000000002,Retained,No Complaint
51781,1,0.0,Mobile Phone,1,21.0,Credit Card,Male,2.0,3,Fashion,3,Married,8,1,12.0,3.0,2.0,7.0,236.10000000000002,Churned,Filed Complaint
51782,1,0.0,Phone,1,16.0,Credit Card,Male,2.0,5,Mobile,1,Married,8,0,13.0,0.0,1.0,3.0,134.08,Churned,No Complaint
51783,0,3.0,Phone,3,13.0,E wallet,Male,3.0,3,Mobile,4,Single,1,0,14.0,0.0,1.0,2.0,129.83,Retained,No Complaint
51784,0,8.0,Mobile Phone,1,22.0,Debit Card,Male,3.0,3,Fashion,3,Married,5,1,12.0,0.0,1.0,0.0,176.32,Retained,Filed Complaint
51785,1,0.0,Computer,1,26.0,Debit Card,Male,3.0,3,Fashion,3,Married,4,0,12.0,1.0,1.0,0.0,198.24,Churned,No Complaint
51786,1,0.0,Computer,2,29.0,UPI,Female,2.0,3,Fashion,5,Married,10,1,15.0,1.0,1.0,2.0,199.5,Churned,Filed Complaint
51787,0,9.0,Computer,1,11.0,UPI,Male,3.0,3,Mobile,3,Married,5,0,17.0,0.0,2.0,0.0,120.93,Retained,No Complaint
51788,0,9.0,Computer,3,16.0,Credit Card,Male,2.0,3,Fashion,1,Single,2,0,14.0,8.0,9.0,7.0,199.8,Retained,No Complaint
51789,1,0.0,Computer,1,10.0,Cash on Delivery,Male,3.0,4,Mobile,3,Single,6,0,16.0,0.0,1.0,2.0,138.94,Churned,No Complaint
51790,0,21.0,Phone,3,8.0,E wallet,Female,2.0,3,Laptop & Accessory,1,Married,3,0,14.0,6.0,6.0,7.0,140.51,Retained,No Complaint
51791,0,28.0,Mobile Phone,3,24.0,Debit Card,Female,2.0,3,Grocery,4,Single,4,0,23.0,1.0,7.0,8.0,268.35,Retained,No Complaint
51792,0,14.0,Computer,3,16.0,Debit Card,Male,2.0,3,Laptop & Accessory,1,Single,8,0,14.0,0.0,1.0,10.0,162.3,Retained,No Complaint
51793,0,8.0,Phone,3,6.0,E wallet,Male,2.0,3,Laptop & Accessory,3,Married,10,0,11.0,0.0,6.0,9.0,147.17,Retained,No Complaint
51794,0,13.0,Mobile Phone,1,12.0,Debit Card,Female,3.0,3,Grocery,3,Single,8,0,15.0,4.0,2.0,13.0,232.37,Retained,No Complaint
51795,0,12.0,Computer,1,14.0,Debit Card,Female,2.0,3,Mobile,3,Married,2,0,11.0,1.0,1.0,7.0,137.55,Retained,No Complaint
51796,0,4.0,Mobile Phone,3,8.0,Debit Card,Male,3.0,3,Laptop & Accessory,1,Single,5,1,13.0,1.0,1.0,5.0,165.82,Retained,Filed Complaint
51797,0,15.0,Mobile Phone,1,30.0,Credit Card,Male,2.0,3,Fashion,5,Married,2,1,21.0,5.0,5.0,8.0,174.06,Retained,Filed Complaint
51798,0,18.0,Phone,3,8.0,UPI,Male,3.0,3,Laptop & Accessory,4,Married,1,0,19.0,3.0,3.0,7.0,148.05,Retained,No Complaint
51799,1,0.0,Computer,2,23.0,Debit Card,Female,3.0,3,Mobile,3,Married,1,1,11.0,0.0,1.0,0.0,127.41,Churned,Filed Complaint
51800,0,2.0,Phone,1,25.0,Cash on Delivery,Male,2.0,3,Laptop & Accessory,1,Married,5,0,12.0,1.0,1.0,2.0,142.62,Retained,No Complaint
51801,0,6.0,Mobile Phone,1,6.0,Credit Card,Female,3.0,1,Grocery,3,Married,5,0,19.0,1.0,1.0,5.0,261.84,Retained,No Complaint
51802,0,4.0,Mobile Phone,3,13.0,Debit Card,Male,2.0,4,Fashion,1,Married,10,0,21.0,1.0,1.0,3.0,215.57,Retained,No Complaint
51803,1,9.0,Computer,3,11.0,E wallet,Male,3.0,3,Mobile,4,Single,2,1,14.0,1.0,1.0,0.0,118.78,Churned,Filed Complaint
51804,0,13.0,Computer,3,34.0,UPI,Male,2.0,5,Fashion,5,Married,4,0,15.0,0.0,1.0,3.0,209.32,Retained,No Complaint
51805,0,14.0,Computer,1,8.0,UPI,Female,3.0,4,Laptop & Accessory,3,Single,3,1,17.0,0.0,1.0,7.0,168.11,Retained,Filed Complaint
51806,0,0.0,Phone,3,35.0,Credit Card,Male,2.0,3,Laptop & Accessory,3,Married,6,0,12.0,0.0,1.0,0.0,143.06,Retained,No Complaint
51807,0,8.0,Phone,3,6.0,Credit Card,Female,3.0,3,Laptop & Accessory,3,Single,2,0,16.0,1.0,1.0,3.0,148.59,Retained,No Complaint
51808,0,7.0,Mobile Phone,3,27.0,Debit Card,Male,3.0,1,Laptop & Accessory,1,Single,2,0,12.0,0.0,5.0,7.0,153.37,Retained,No Complaint
51809,1,0.0,Phone,1,14.0,Cash on Delivery,Male,3.0,5,Mobile,1,Single,2,1,18.0,0.0,1.0,0.0,123.4,Churned,Filed Complaint
51810,0,10.0,Mobile Phone,1,6.0,Cash on Delivery,Female,2.0,3,Fashion,1,Single,5,0,17.0,1.0,1.0,2.0,174.91,Retained,No Complaint
51811,0,19.0,Computer,1,24.0,Credit Card,Female,2.0,3,Fashion,3,Married,6,0,11.0,0.0,1.0,2.0,205.27,Retained,No Complaint
51812,0,14.0,Mobile Phone,3,8.0,Debit Card,Female,3.0,3,Grocery,5,Married,8,0,16.0,1.0,11.0,8.0,265.95,Retained,No Complaint
51813,0,10.0,Computer,3,15.0,Credit Card,Male,3.0,3,Fashion,4,Married,2,0,13.0,1.0,7.0,7.0,188.34,Retained,No Complaint
51814,0,25.0,Mobile Phone,1,12.0,Cash on Delivery,Male,3.0,3,Laptop & Accessory,5,Married,4,1,12.0,2.0,6.0,9.0,155.77,Retained,Filed Complaint
51815,1,0.0,Computer,3,17.0,UPI,Male,2.0,1,Laptop & Accessory,3,Married,9,0,12.0,1.0,1.0,2.0,147.07,Churned,No Complaint
51816,0,0.0,Computer,3,14.0,Credit Card,Male,2.0,3,Mobile,1,Married,1,0,13.0,1.0,2.0,1.0,124.0,Retained,No Complaint
51817,0,11.0,Mobile Phone,1,16.0,Credit Card,Female,3.0,3,Laptop & Accessory,3,Married,4,0,19.0,0.0,1.0,0.0,198.24,Retained,No Complaint
51818,0,10.0,Mobile Phone,1,6.0,Debit Card,Female,3.0,3,Laptop & Accessory,4,Married,7,0,12.0,4.0,4.0,3.0,164.47,Retained,No Complaint
51819,0,22.0,Mobile Phone,1,24.0,Debit Card,Male,2.0,4,Others,3,Married,2,1,15.0,1.0,1.0,9.0,295.02,Retained,Filed Complaint
51820,0,0.0,Phone,1,29.0,Credit Card,Male,3.0,1,Mobile,1,Married,2,1,11.0,0.0,1.0,4.0,127.25,Retained,Filed Complaint
51821,0,0.0,Mobile Phone,3,34.0,E wallet,Male,3.0,3,Laptop & Accessory,4,Married,2,0,20.0,0.0,1.0,4.0,162.72,Retained,No Complaint
51822,0,9.0,Phone,1,23.0,UPI,Male,3.0,4,Mobile,4,Married,2,0,21.0,1.0,1.0,0.0,121.27000000000001,Retained,No Complaint
51823,0,23.0,Computer,2,9.0,Credit Card,Male,3.0,3,Others,4,Married,2,0,11.0,1.0,10.0,7.0,282.0,Retained,No Complaint
51824,0,9.0,Phone,3,19.0,Credit Card,Male,2.0,3,Mobile,3,Married,2,0,11.0,1.0,1.0,6.0,120.96000000000001,Retained,No Complaint
51825,1,0.0,Computer,1,13.0,Debit Card,Female,3.0,3,Mobile,3,Married,2,1,16.0,0.0,1.0,2.0,128.86,Churned,Filed Complaint
51826,1,9.0,Computer,3,18.0,Debit Card,Male,3.0,4,Mobile,5,Married,2,0,18.0,1.0,1.0,0.0,120.33000000000001,Churned,No Complaint
51827,0,7.0,Phone,1,6.0,Debit Card,Male,2.0,4,Mobile,1,Married,2,1,13.0,1.0,1.0,3.0,136.22,Retained,Filed Complaint
51828,1,0.0,Phone,3,19.0,Credit Card,Male,2.0,3,Laptop & Accessory,5,Married,3,0,17.0,0.0,1.0,2.0,142.33,Churned,No Complaint
51829,0,8.0,Phone,1,31.0,UPI,Male,2.0,4,Laptop & Accessory,1,Single,5,0,14.0,1.0,1.0,2.0,136.81,Retained,No Complaint
51830,0,4.0,Mobile Phone,3,12.0,Credit Card,Male,3.0,1,Laptop & Accessory,1,Married,5,0,22.0,5.0,5.0,7.0,154.6,Retained,No Complaint
51831,0,9.0,Phone,1,12.0,Credit Card,Female,3.0,4,Mobile,3,Married,1,0,12.0,0.0,1.0,3.0,121.87,Retained,No Complaint
51832,0,10.0,Mobile Phone,3,8.0,E wallet,Male,3.0,3,Laptop & Accessory,3,Married,5,1,11.0,0.0,1.0,0.0,196.02,Retained,Filed Complaint
51833,0,0.0,Phone,1,6.0,Debit Card,Female,3.0,4,Mobile,4,Single,2,0,13.0,0.0,1.0,0.0,128.36,Retained,No Complaint
51834,0,15.0,Phone,1,8.0,Debit Card,Female,2.0,3,Laptop & Accessory,1,Married,2,0,13.0,0.0,2.0,2.0,140.89,Retained,No Complaint
51835,0,16.0,Mobile Phone,1,12.0,UPI,Male,2.0,4,Grocery,1,Married,5,1,14.0,1.0,1.0,0.0,266.27,Retained,Filed Complaint
51836,0,11.0,Phone,1,14.0,Debit Card,Female,2.0,3,Mobile,5,Single,4,0,17.0,0.0,1.0,0.0,126.19,Retained,No Complaint
51837,0,16.0,Computer,1,15.0,Credit Card,Male,3.0,3,Laptop & Accessory,3,Married,4,1,13.0,1.0,4.0,7.0,156.79,Retained,Filed Complaint
51838,0,21.0,Mobile Phone,1,6.0,Debit Card,Female,2.0,4,Grocery,5,Married,8,0,11.0,0.0,2.0,2.0,254.01999999999998,Retained,No Complaint
51839,0,17.0,Mobile Phone,2,6.0,Debit Card,Female,2.0,4,Laptop & Accessory,3,Single,5,0,11.0,1.0,1.0,2.0,159.85,Retained,No Complaint
51840,0,7.0,Phone,3,14.0,Cash on Delivery,Female,2.0,3,Mobile,3,Married,2,1,18.0,1.0,1.0,6.0,125.78999999999999,Retained,Filed Complaint
51841,1,0.0,Phone,3,8.0,E wallet,Male,3.0,3,Mobile,5,Married,1,0,11.0,1.0,1.0,2.0,130.41,Churned,No Complaint
51842,0,0.0,Phone,3,28.0,Cash on Delivery,Male,2.0,3,Mobile,3,Single,2,0,11.0,0.0,1.0,2.0,134.47,Retained,No Complaint
51843,0,17.0,Mobile Phone,1,9.0,UPI,Male,2.0,3,Others,1,Married,5,1,15.0,0.0,1.0,1.0,295.13,Retained,Filed Complaint
51844,0,0.0,Phone,1,12.0,Credit Card,Male,3.0,3,Mobile,3,Married,1,0,20.0,1.0,2.0,2.0,127.72999999999999,Retained,No Complaint
51845,0,6.0,Mobile Phone,3,14.0,E wallet,Male,2.0,3,Laptop & Accessory,3,Married,1,0,12.0,0.0,1.0,2.0,171.04,Retained,No Complaint
51846,0,5.0,Mobile Phone,1,15.0,Debit Card,Female,3.0,3,Laptop & Accessory,1,Married,2,1,12.0,1.0,1.0,5.0,163.22,Retained,Filed Complaint
51847,0,9.0,Computer,1,9.0,Credit Card,Female,3.0,3,Mobile,3,Married,2,0,20.0,1.0,1.0,0.0,120.83000000000001,Retained,No Complaint
51848,0,26.0,Mobile Phone,3,6.0,Credit Card,Female,2.0,3,Laptop & Accessory,5,Single,8,0,20.0,4.0,8.0,10.0,183.81,Retained,No Complaint
51849,0,7.0,Phone,1,6.0,Debit Card,Male,3.0,3,Mobile,1,Married,2,0,12.0,1.0,8.0,8.0,126.91,Retained,No Complaint
51850,1,8.0,Computer,3,32.0,Debit Card,Female,3.0,3,Laptop & Accessory,5,Married,3,0,14.0,0.0,1.0,0.0,142.86,Churned,No Complaint
51851,0,0.0,Mobile Phone,1,12.0,Debit Card,Female,3.0,3,Mobile,1,Married,2,1,13.0,0.0,1.0,2.0,56.0,Retained,Filed Complaint
51852,0,10.0,Mobile Phone,1,9.0,UPI,Male,2.0,3,Fashion,3,Married,2,0,15.0,7.0,7.0,8.0,194.34,Retained,No Complaint
51853,0,2.0,Mobile Phone,3,9.0,Credit Card,Female,3.0,3,Laptop & Accessory,3,Married,2,0,14.0,0.0,1.0,2.0,155.61,Retained,No Complaint
51854,0,8.0,Mobile Phone,1,12.0,Debit Card,Male,2.0,5,Laptop & Accessory,1,Single,2,0,13.0,0.0,11.0,8.0,166.46,Retained,No Complaint
51855,0,6.0,Computer,1,12.0,Debit Card,Male,1.0,3,Laptop & Accessory,1,Married,4,0,23.0,3.0,4.0,7.0,177.25,Retained,No Complaint
51856,0,27.0,Mobile Phone,2,25.0,Credit Card,Male,2.0,3,Fashion,4,Married,3,0,15.0,2.0,7.0,1.0,207.25,Retained,No Complaint
51857,0,9.0,Mobile Phone,1,15.0,Credit Card,Male,2.0,4,Laptop & Accessory,4,Married,3,1,11.0,0.0,1.0,2.0,188.47,Retained,Filed Complaint
51858,0,9.0,Phone,1,9.0,Credit Card,Male,2.0,4,Mobile,1,Single,1,0,13.0,1.0,1.0,1.0,120.44999999999999,Retained,No Complaint
51859,1,0.0,Mobile Phone,1,16.0,Credit Card,Male,2.0,3,Mobile,3,Single,2,1,11.0,1.0,1.0,1.0,110.09,Churned,Filed Complaint
51860,1,0.0,Computer,1,9.0,Debit Card,Male,3.0,3,Mobile,5,Single,2,1,11.0,5.0,9.0,7.0,133.48,Churned,Filed Complaint
51861,0,9.0,Computer,1,9.0,Debit Card,Male,2.0,4,Mobile,3,Married,2,0,18.0,1.0,1.0,0.0,112.81,Retained,No Complaint
51862,0,0.0,Phone,1,10.0,Credit Card,Male,3.0,1,Mobile,5,Married,3,0,16.0,0.0,1.0,2.0,128.19,Retained,No Complaint
51863,0,0.0,Phone,3,14.0,Debit Card,Male,2.0,1,Laptop & Accessory,4,Married,1,0,22.0,1.0,1.0,2.0,148.51,Retained,No Complaint
51864,0,11.0,Phone,3,13.0,E wallet,Female,2.0,4,Laptop & Accessory,1,Single,1,0,20.0,1.0,1.0,5.0,140.28,Retained,No Complaint
51865,0,2.0,Computer,1,6.0,Debit Card,Male,3.0,5,Mobile,1,Married,2,0,18.0,0.0,2.0,8.0,127.19999999999999,Retained,No Complaint
51866,0,21.0,Mobile Phone,3,8.0,E wallet,Male,2.0,1,Laptop & Accessory,4,Married,4,0,12.0,0.0,2.0,2.0,181.2,Retained,No Complaint
51867,0,0.0,Computer,3,9.0,Credit Card,Female,3.0,1,Laptop & Accessory,1,Married,2,1,20.0,1.0,1.0,4.0,146.47,Retained,Filed Complaint
51868,0,10.0,Phone,1,16.0,Debit Card,Male,3.0,1,Mobile,1,Single,4,0,17.0,1.0,1.0,0.0,146.8,Retained,No Complaint
51869,0,23.0,Phone,1,34.0,Credit Card,Male,3.0,1,Mobile,3,Married,2,1,11.0,0.0,3.0,8.0,132.21,Retained,Filed Complaint
51870,0,7.0,Mobile Phone,1,15.0,Credit Card,Female,2.0,4,Fashion,4,Single,2,0,14.0,4.0,7.0,7.0,186.21,Retained,No Complaint
51871,1,0.0,Phone,3,9.0,Debit Card,Female,3.0,3,Laptop & Accessory,3,Single,10,0,14.0,1.0,2.0,0.0,145.77,Churned,No Complaint
51872,0,12.0,Phone,1,8.0,Cash on Delivery,Female,3.0,4,Laptop & Accessory,3,Single,2,0,11.0,1.0,11.0,10.0,145.53,Retained,No Complaint
51873,0,5.0,Mobile Phone,3,16.0,E wallet,Male,2.0,3,Laptop & Accessory,1,Single,2,0,12.0,1.0,1.0,8.0,153.96,Retained,No Complaint
51874,1,13.0,Computer,3,14.0,Cash on Delivery,Male,2.0,3,Laptop & Accessory,3,Married,4,1,14.0,0.0,1.0,3.0,167.96,Churned,Filed Complaint
51875,0,11.0,Mobile Phone,1,6.0,Debit Card,Female,2.0,1,Laptop & Accessory,1,Single,1,0,13.0,0.0,1.0,8.0,176.25,Retained,No Complaint
51876,0,0.0,Mobile Phone,1,6.0,Debit Card,Female,3.0,3,Fashion,5,Married,2,0,11.0,0.0,1.0,7.0,174.12,Retained,No Complaint
51877,0,5.0,Mobile Phone,1,9.0,Debit Card,Female,2.0,3,Fashion,1,Single,4,0,15.0,6.0,7.0,3.0,211.58999999999997,Retained,No Complaint
51878,0,20.0,Mobile Phone,3,20.0,E wallet,Male,2.0,3,Laptop & Accessory,5,Single,3,0,12.0,1.0,1.0,7.0,149.6,Retained,No Complaint
51879,0,13.0,Computer,3,11.0,Debit Card,Male,2.0,4,Fashion,5,Married,6,1,21.0,0.0,1.0,12.0,204.75,Retained,Filed Complaint
51880,0,26.0,Mobile Phone,1,13.0,Debit Card,Male,2.0,1,Grocery,3,Married,4,0,19.0,0.0,2.0,3.0,248.14,Retained,No Complaint
51881,0,14.0,Mobile Phone,2,16.0,UPI,Male,3.0,4,Others,1,Married,4,0,15.0,1.0,12.0,6.0,291.41,Retained,No Complaint
51882,0,30.0,Mobile Phone,3,22.0,E wallet,Male,2.0,3,Laptop & Accessory,5,Single,9,0,14.0,2.0,2.0,2.0,154.05,Retained,No Complaint
51883,0,0.0,Computer,1,16.0,Debit Card,Male,2.0,3,Fashion,5,Married,2,0,21.0,0.0,1.0,7.0,187.93,Retained,No Complaint
51884,0,14.0,Mobile Phone,2,6.0,UPI,Male,2.0,4,Others,3,Married,2,0,12.0,1.0,2.0,10.0,291.89,Retained,No Complaint
51885,0,23.0,Phone,3,14.0,E wallet,Male,2.0,3,Mobile,4,Married,8,0,15.0,0.0,2.0,2.0,138.75,Retained,No Complaint
51886,1,9.0,Phone,1,6.0,Debit Card,Female,3.0,5,Mobile,4,Single,8,1,13.0,1.0,3.0,7.0,122.16,Churned,Filed Complaint
51887,0,9.0,Computer,1,14.0,Debit Card,Female,3.0,1,Fashion,5,Married,10,0,14.0,0.0,1.0,3.0,217.13,Retained,No Complaint
51888,0,11.0,Mobile Phone,1,6.0,Debit Card,Female,2.0,3,Fashion,3,Single,5,1,14.0,0.0,1.0,0.0,178.61,Retained,Filed Complaint
51889,0,17.0,Computer,1,30.0,Credit Card,Male,2.0,5,Mobile,3,Single,3,0,14.0,0.0,1.0,4.0,137.08,Retained,No Complaint
51890,0,20.0,Computer,3,9.0,Credit Card,Female,2.0,3,Grocery,3,Married,10,1,12.0,1.0,2.0,13.0,237.7,Retained,Filed Complaint
51891,0,3.0,Mobile Phone,3,33.0,E wallet,Male,3.0,3,Laptop & Accessory,1,Married,8,0,23.0,2.0,7.0,7.0,153.04,Retained,No Complaint
51892,0,2.0,Phone,3,14.0,Debit Card,Male,3.0,3,Mobile,3,Single,2,0,11.0,1.0,1.0,0.0,126.41999999999999,Retained,No Complaint
51893,1,5.0,Computer,1,25.0,Credit Card,Male,3.0,1,Mobile,3,Married,7,1,12.0,0.0,2.0,2.0,127.59,Churned,Filed Complaint
51894,0,16.0,Computer,3,21.0,Debit Card,Male,2.0,4,Laptop & Accessory,1,Married,4,0,18.0,1.0,2.0,2.0,168.04,Retained,No Complaint
51895,0,7.0,Mobile Phone,1,14.0,Credit Card,Female,3.0,3,Laptop & Accessory,3,Single,4,0,11.0,0.0,4.0,3.0,161.42,Retained,No Complaint
51896,0,0.0,Phone,1,14.0,Credit Card,Male,2.0,3,Mobile,5,Married,2,0,14.0,1.0,1.0,2.0,125.0,Retained,No Complaint
51897,0,12.0,Mobile Phone,2,9.0,UPI,Female,2.0,1,Laptop & Accessory,4,Married,10,0,15.0,0.0,3.0,6.0,163.89,Retained,No Complaint
51898,0,29.0,Mobile Phone,1,15.0,Credit Card,Male,2.0,3,Grocery,1,Married,8,0,11.0,0.0,1.0,3.0,211.02999999999997,Retained,No Complaint
51899,0,13.0,Phone,1,14.0,Credit Card,Female,2.0,4,Mobile,1,Single,1,1,20.0,0.0,2.0,3.0,123.41999999999999,Retained,Filed Complaint
51900,0,0.0,Mobile Phone,1,13.0,Credit Card,Female,2.0,4,Laptop & Accessory,5,Single,9,0,19.0,1.0,1.0,7.0,168.11,Retained,No Complaint
51901,0,9.0,Phone,3,16.0,E wallet,Male,2.0,3,Mobile,4,Married,2,0,14.0,2.0,2.0,2.0,122.97,Retained,No Complaint
51902,0,26.0,Phone,1,14.0,Debit Card,Male,2.0,3,Laptop & Accessory,1,Single,3,0,17.0,2.0,2.0,2.0,124.5,Retained,No Complaint
51903,0,8.0,Computer,1,8.0,Debit Card,Female,3.0,3,Laptop & Accessory,5,Married,3,0,11.0,1.0,1.0,0.0,150.93,Retained,No Complaint
51904,0,5.0,Computer,1,30.0,Debit Card,Male,3.0,3,Laptop & Accessory,1,Married,2,0,15.0,1.0,4.0,7.0,153.09,Retained,No Complaint
51905,0,11.0,Phone,1,8.0,Credit Card,Male,3.0,3,Mobile,3,Married,7,1,13.0,0.0,1.0,1.0,130.57,Retained,Filed Complaint
51906,0,7.0,Mobile Phone,1,14.0,Debit Card,Female,2.0,3,Laptop & Accessory,5,Married,4,0,14.0,1.0,1.0,0.0,151.21,Retained,No Complaint
51907,0,25.0,Mobile Phone,3,9.0,E wallet,Male,2.0,4,Grocery,5,Married,2,0,11.0,1.0,1.0,16.0,268.56,Retained,No Complaint
51908,1,0.0,Phone,1,6.0,UPI,Male,3.0,3,Mobile,1,Single,2,1,13.0,6.0,7.0,8.0,126.86000000000001,Churned,Filed Complaint
51909,0,0.0,Mobile Phone,3,32.0,Credit Card,Female,2.0,3,Laptop & Accessory,1,Single,2,0,23.0,0.0,1.0,4.0,161.8,Retained,No Complaint
51910,0,18.0,Mobile Phone,3,8.0,Cash on Delivery,Male,2.0,5,Laptop & Accessory,3,Single,1,0,13.0,1.0,3.0,1.0,166.32,Retained,No Complaint
51911,0,0.0,Phone,1,16.0,Credit Card,Male,3.0,1,Mobile,3,Single,2,0,18.0,0.0,1.0,2.0,135.05,Retained,No Complaint
51912,1,10.0,Computer,3,33.0,Debit Card,Female,3.0,1,Laptop & Accessory,3,Single,5,1,12.0,0.0,1.0,3.0,163.97,Churned,Filed Complaint
51913,0,7.0,Mobile Phone,3,8.0,UPI,Male,2.0,3,Laptop & Accessory,1,Single,2,0,22.0,0.0,1.0,4.0,162.74,Retained,No Complaint
51914,1,18.0,Mobile Phone,1,8.0,Credit Card,Male,3.0,3,Others,5,Married,6,1,15.0,1.0,1.0,4.0,298.59,Churned,Filed Complaint
51915,0,9.0,Computer,3,14.0,Debit Card,Male,3.0,4,Fashion,5,Single,2,0,15.0,0.0,1.0,9.0,175.87,Retained,No Complaint
51916,0,25.0,Computer,1,25.0,Credit Card,Male,2.0,3,Mobile,1,Married,1,0,18.0,1.0,1.0,2.0,142.58,Retained,No Complaint
51917,0,0.0,Computer,1,6.0,Debit Card,Female,3.0,5,Mobile,1,Married,4,0,14.0,2.0,2.0,0.0,143.64,Retained,No Complaint
51918,0,2.0,Phone,1,33.0,Credit Card,Female,3.0,3,Laptop & Accessory,3,Married,5,0,12.0,0.0,1.0,1.0,143.35,Retained,No Complaint
51919,1,0.0,Mobile Phone,3,14.0,Cash on Delivery,Male,2.0,4,Laptop & Accessory,5,Single,7,0,17.0,0.0,1.0,2.0,153.26,Churned,No Complaint
51920,0,7.0,Phone,1,6.0,Debit Card,Female,3.0,1,Mobile,1,Single,3,0,16.0,1.0,1.0,3.0,132.8,Retained,No Complaint
51921,0,27.0,Mobile Phone,1,25.0,Credit Card,Female,3.0,3,Laptop & Accessory,5,Married,10,1,11.0,0.0,1.0,4.0,154.85,Retained,Filed Complaint
51922,0,0.0,Computer,3,14.0,E wallet,Male,2.0,3,Laptop & Accessory,1,Married,1,0,19.0,1.0,1.0,1.0,143.42,Retained,No Complaint
51923,0,10.0,Phone,1,16.0,Debit Card,Female,3.0,3,Mobile,5,Married,1,1,13.0,4.0,4.0,3.0,127.82,Retained,Filed Complaint
51924,0,11.0,Computer,1,8.0,Debit Card,Female,3.0,1,Laptop & Accessory,5,Single,7,1,12.0,0.0,4.0,12.0,159.8,Retained,Filed Complaint
51925,0,7.0,Phone,1,8.0,Credit Card,Female,2.0,4,Mobile,5,Single,2,0,11.0,1.0,1.0,3.0,143.81,Retained,No Complaint
51926,0,8.0,Phone,3,14.0,Debit Card,Female,3.0,3,Mobile,1,Married,2,0,16.0,1.0,1.0,2.0,125.72,Retained,No Complaint
51927,0,3.0,Phone,1,6.0,Debit Card,Male,2.0,5,Mobile,3,Married,4,0,21.0,1.0,1.0,2.0,138.33,Retained,No Complaint
51928,0,13.0,Computer,1,8.0,Credit Card,Female,2.0,1,Laptop & Accessory,4,Married,2,0,24.0,0.0,3.0,7.0,142.44,Retained,No Complaint
51929,0,7.0,Mobile Phone,3,14.0,Debit Card,Female,3.0,3,Laptop & Accessory,5,Married,6,0,17.0,1.0,1.0,2.0,165.0,Retained,No Complaint
51930,0,15.0,Computer,1,14.0,Debit Card,Male,3.0,3,Others,1,Married,2,0,13.0,1.0,14.0,9.0,284.3,Retained,No Complaint
51931,1,9.0,Mobile Phone,1,12.0,Debit Card,Male,3.0,1,Mobile,5,Married,2,1,21.0,0.0,1.0,0.0,116.00999999999999,Churned,Filed Complaint
51932,0,0.0,Computer,1,15.0,Debit Card,Male,3.0,4,Mobile,4,Married,2,0,11.0,0.0,1.0,0.0,126.94,Retained,No Complaint
51933,0,25.0,Phone,1,17.0,Debit Card,Female,3.0,3,Laptop & Accessory,3,Married,9,0,20.0,1.0,1.0,4.0,131.49,Retained,No Complaint
51934,0,23.0,Mobile Phone,1,8.0,Credit Card,Male,3.0,3,Grocery,3,Married,6,0,16.0,1.0,1.0,3.0,276.39,Retained,No Complaint
51935,1,0.0,Phone,1,14.0,Debit Card,Female,2.0,4,Mobile,5,Married,2,1,11.0,0.0,1.0,0.0,123.19,Churned,Filed Complaint
51936,0,6.0,Mobile Phone,1,13.0,Credit Card,Male,2.0,3,Fashion,3,Married,1,0,11.0,1.0,3.0,3.0,216.91000000000003,Retained,No Complaint
51937,1,0.0,Mobile Phone,3,22.0,E wallet,Female,3.0,3,Laptop & Accessory,5,Single,6,0,15.0,1.0,1.0,2.0,153.24,Churned,No Complaint
51938,0,20.0,Mobile Phone,1,8.0,UPI,Female,2.0,3,Grocery,1,Married,2,1,11.0,1.0,3.0,0.0,267.52,Retained,Filed Complaint
51939,0,9.0,Mobile Phone,1,6.0,UPI,Female,2.0,3,Laptop & Accessory,4,Married,1,0,15.0,1.0,1.0,5.0,152.28,Retained,No Complaint
51940,0,2.0,Phone,1,29.0,Debit Card,Male,3.0,1,Mobile,3,Married,2,0,24.0,1.0,1.0,7.0,127.0,Retained,No Complaint
51941,1,20.0,Mobile Phone,1,8.0,Debit Card,Male,2.0,3,Others,4,Single,8,1,15.0,7.0,13.0,8.0,292.46,Churned,Filed Complaint
51942,0,8.0,Phone,1,14.0,Debit Card,Female,2.0,1,Mobile,3,Single,4,0,13.0,2.0,2.0,2.0,125.06,Retained,No Complaint
51943,0,15.0,Mobile Phone,1,6.0,Debit Card,Female,2.0,4,Laptop & Accessory,1,Married,10,1,13.0,0.0,1.0,2.0,160.62,Retained,Filed Complaint
51944,1,0.0,Phone,1,8.0,Credit Card,Male,2.0,3,Mobile,3,Single,7,0,17.0,2.0,2.0,1.0,143.82,Churned,No Complaint
51945,0,9.0,Phone,2,19.0,UPI,Male,2.0,3,Mobile,4,Married,5,0,13.0,1.0,1.0,4.0,121.43,Retained,No Complaint
51946,0,5.0,Mobile Phone,1,10.0,Debit Card,Female,3.0,4,Laptop & Accessory,3,Married,2,0,12.0,5.0,6.0,8.0,161.62,Retained,No Complaint
51947,0,13.0,Computer,1,22.0,Credit Card,Male,2.0,4,Laptop & Accessory,3,Single,7,0,14.0,0.0,1.0,0.0,150.94,Retained,No Complaint
51948,0,3.0,Mobile Phone,1,8.0,Credit Card,Female,2.0,4,Laptop & Accessory,1,Single,6,1,24.0,1.0,1.0,0.0,168.77,Retained,Filed Complaint
51949,0,9.0,Phone,1,8.0,Debit Card,Female,3.0,4,Mobile,3,Single,2,0,14.0,1.0,1.0,0.0,122.74000000000001,Retained,No Complaint
51950,0,15.0,Phone,1,35.0,Debit Card,Male,3.0,3,Laptop & Accessory,4,Married,2,0,13.0,5.0,7.0,8.0,144.34,Retained,No Complaint
51951,0,11.0,Computer,1,18.0,Debit Card,Male,0.0,4,Laptop & Accessory,5,Married,3,0,15.0,1.0,1.0,2.0,162.88,Retained,No Complaint
51952,0,7.0,Computer,1,14.0,Debit Card,Female,3.0,4,Mobile,1,Single,2,0,16.0,1.0,1.0,3.0,125.53,Retained,No Complaint
51953,1,12.0,Mobile Phone,3,17.0,E wallet,Female,2.0,3,Fashion,1,Married,2,0,18.0,0.0,7.0,7.0,176.54,Churned,No Complaint
51954,1,18.0,Mobile Phone,3,8.0,Credit Card,Male,2.0,3,Laptop & Accessory,1,Single,5,0,16.0,1.0,7.0,3.0,151.6,Churned,No Complaint
51955,0,16.0,Mobile Phone,1,20.0,Debit Card,Male,3.0,3,Grocery,5,Married,7,0,24.0,1.0,1.0,0.0,271.59,Retained,No Complaint
51956,0,0.0,Mobile Phone,1,11.0,Cash on Delivery,Male,2.0,4,Fashion,1,Married,2,1,16.0,1.0,1.0,3.0,228.07999999999998,Retained,Filed Complaint
51957,0,8.0,Mobile Phone,1,13.0,UPI,Male,2.0,3,Fashion,3,Single,4,0,21.0,0.0,1.0,6.0,202.21,Retained,No Complaint
51958,0,1.0,Phone,3,8.0,E wallet,Female,2.0,3,Laptop & Accessory,4,Married,2,1,20.0,6.0,7.0,5.0,147.79,Retained,Filed Complaint
51959,0,7.0,Phone,2,9.0,UPI,Male,2.0,3,Mobile,1,Married,1,0,19.0,1.0,1.0,2.0,137.37,Retained,No Complaint
51960,1,0.0,Computer,1,14.0,Credit Card,Female,2.0,4,Mobile,3,Married,2,1,14.0,0.0,1.0,7.0,123.66,Churned,Filed Complaint
51961,0,9.0,Computer,1,9.0,Credit Card,Male,2.0,3,Mobile,1,Married,2,0,11.0,0.0,1.0,0.0,117.06,Retained,No Complaint
51962,0,24.0,Mobile Phone,3,32.0,E wallet,Female,3.0,3,Grocery,3,Married,3,0,14.0,1.0,4.0,17.0,263.07,Retained,No Complaint
51963,0,17.0,Mobile Phone,1,10.0,Credit Card,Male,2.0,3,Laptop & Accessory,4,Single,10,0,12.0,1.0,2.0,3.0,159.33,Retained,No Complaint
51964,0,0.0,Phone,1,8.0,Credit Card,Male,3.0,1,Mobile,5,Single,8,0,13.0,0.0,1.0,1.0,134.24,Retained,No Complaint
51965,0,6.0,Phone,3,6.0,Credit Card,Male,2.0,1,Laptop & Accessory,5,Married,2,0,22.0,0.0,1.0,8.0,140.37,Retained,No Complaint
51966,0,8.0,Phone,1,14.0,Credit Card,Female,2.0,4,Mobile,5,Single,2,0,11.0,0.0,1.0,1.0,125.59,Retained,No Complaint
51967,0,9.0,Mobile Phone,3,6.0,Debit Card,Male,2.0,3,Laptop & Accessory,1,Married,2,1,14.0,3.0,4.0,11.0,162.01,Retained,Filed Complaint
51968,0,5.0,Phone,3,19.0,Debit Card,Male,3.0,3,Laptop & Accessory,1,Married,3,0,11.0,0.0,1.0,3.0,144.03,Retained,No Complaint
51969,0,3.0,Computer,1,11.0,Debit Card,Male,3.0,4,Mobile,1,Married,10,0,12.0,0.0,1.0,3.0,137.61,Retained,No Complaint
51970,0,26.0,Mobile Phone,3,13.0,E wallet,Female,3.0,4,Fashion,1,Married,8,1,18.0,0.0,1.0,3.0,209.33999999999997,Retained,Filed Complaint
51971,0,18.0,Mobile Phone,3,15.0,E wallet,Male,3.0,3,Fashion,5,Married,5,1,12.0,0.0,1.0,2.0,207.61,Retained,Filed Complaint
51972,0,5.0,Mobile Phone,1,14.0,Credit Card,Female,3.0,1,Laptop & Accessory,3,Married,6,0,12.0,1.0,1.0,3.0,151.75,Retained,No Complaint
51973,0,25.0,Computer,1,31.0,Credit Card,Female,2.0,4,Grocery,1,Married,4,0,22.0,0.0,2.0,0.0,238.26,Retained,No Complaint
51974,0,10.0,Mobile Phone,3,22.0,E wallet,Male,3.0,4,Laptop & Accessory,3,Married,5,0,19.0,1.0,1.0,0.0,163.34,Retained,No Complaint
51975,0,1.0,Phone,2,14.0,Credit Card,Male,3.0,4,Mobile,1,Married,2,0,13.0,1.0,1.0,4.0,149.36,Retained,No Complaint
51976,0,0.0,Phone,1,6.0,Debit Card,Male,2.0,4,Laptop & Accessory,1,Married,7,0,22.0,2.0,2.0,2.0,147.75,Retained,No Complaint
51977,0,17.0,Phone,1,14.0,Debit Card,Male,3.0,1,Mobile,1,Married,3,1,24.0,1.0,1.0,2.0,128.18,Retained,Filed Complaint
51978,0,15.0,Computer,1,14.0,Credit Card,Male,2.0,3,Mobile,1,Single,6,1,14.0,1.0,2.0,2.0,125.15,Retained,Filed Complaint
51979,0,9.0,Phone,2,14.0,Debit Card,Male,3.0,4,Mobile,5,Married,1,0,21.0,0.0,1.0,3.0,123.41999999999999,Retained,No Complaint
51980,0,0.0,Phone,3,9.0,UPI,Male,3.0,3,Laptop & Accessory,5,Married,2,1,18.0,0.0,1.0,3.0,141.94,Retained,Filed Complaint
51981,0,8.0,Mobile Phone,1,15.0,Debit Card,Female,3.0,4,Fashion,3,Married,2,1,20.0,3.0,5.0,15.0,206.85000000000002,Retained,Filed Complaint
51982,1,9.0,Computer,1,31.0,Debit Card,Female,3.0,3,Mobile,4,Married,2,1,19.0,6.0,7.0,8.0,120.22,Churned,Filed Complaint
51983,0,5.0,Computer,1,6.0,Debit Card,Male,3.0,3,Mobile,1,Married,1,0,12.0,1.0,1.0,2.0,123.13999999999999,Retained,No Complaint
51984,0,0.0,Phone,3,10.0,E wallet,Male,2.0,4,Laptop & Accessory,5,Married,2,0,12.0,1.0,1.0,3.0,142.56,Retained,No Complaint
51985,0,22.0,Phone,1,6.0,Cash on Delivery,Female,2.0,3,Mobile,5,Married,3,0,16.0,0.0,1.0,2.0,135.8,Retained,No Complaint
51986,0,0.0,Computer,1,10.0,Debit Card,Male,2.0,4,Mobile,1,Married,1,0,17.0,0.0,3.0,4.0,131.62,Retained,No Complaint
51987,0,5.0,Computer,3,11.0,Debit Card,Male,2.0,3,Laptop & Accessory,4,Married,2,0,14.0,2.0,5.0,3.0,165.24,Retained,No Complaint
51988,0,11.0,Phone,3,15.0,E wallet,Male,3.0,4,Mobile,4,Married,1,0,19.0,0.0,1.0,2.0,128.99,Retained,No Complaint
51989,0,15.0,Mobile Phone,1,9.0,Debit Card,Female,3.0,1,Laptop & Accessory,1,Married,3,1,13.0,1.0,1.0,3.0,152.31,Retained,Filed Complaint
51990,0,4.0,Phone,1,14.0,Debit Card,Male,2.0,3,Mobile,1,Married,4,1,19.0,0.0,1.0,2.0,123.56,Retained,Filed Complaint
51991,1,0.0,Phone,3,6.0,Credit Card,Female,3.0,4,Mobile,3,Married,7,1,19.0,1.0,1.0,2.0,128.0,Churned,Filed Complaint
51992,0,26.0,Mobile Phone,3,14.0,E wallet,Male,3.0,3,Grocery,1,Married,6,0,14.0,2.0,2.0,3.0,218.36,Retained,No Complaint
51993,0,8.0,Mobile Phone,1,31.0,Cash on Delivery,Male,3.0,4,Fashion,4,Married,4,0,16.0,2.0,4.0,8.0,209.02999999999997,Retained,No Complaint
51994,0,10.0,Computer,3,27.0,Credit Card,Female,3.0,3,Mobile,1,Married,6,0,15.0,1.0,1.0,0.0,129.73,Retained,No Complaint
51995,0,26.0,Mobile Phone,1,29.0,Debit Card,Female,3.0,3,Grocery,1,Single,7,0,18.0,3.0,2.0,8.0,242.75,Retained,No Complaint
51996,0,16.0,Computer,1,6.0,Debit Card,Female,2.0,3,Laptop & Accessory,1,Married,5,0,13.0,1.0,2.0,2.0,155.62,Retained,No Complaint
51997,0,20.0,Phone,3,8.0,E wallet,Female,2.0,3,Laptop & Accessory,1,Married,1,1,22.0,3.0,7.0,7.0,145.37,Retained,Filed Complaint
51998,0,10.0,Computer,3,25.0,Credit Card,Male,2.0,3,Fashion,4,Single,2,1,13.0,0.0,1.0,9.0,176.42,Retained,Filed Complaint
51999,0,23.0,Computer,1,8.0,Debit Card,Male,3.0,3,Grocery,5,Married,2,0,11.0,1.0,14.0,7.0,279.24,Retained,No Complaint
52000,0,12.0,Mobile Phone,2,8.0,Debit Card,Female,2.0,4,Laptop & Accessory,1,Married,9,0,11.0,1.0,1.0,4.0,152.04,Retained,No Complaint
52001,0,9.0,Phone,2,9.0,UPI,Male,2.0,3,Mobile,4,Married,4,1,11.0,0.0,1.0,3.0,122.77000000000001,Retained,Filed Complaint
52002,1,0.0,Phone,1,31.0,Debit Card,Male,3.0,3,Mobile,1,Single,2,1,24.0,0.0,1.0,1.0,127.94999999999999,Churned,Filed Complaint
52003,0,2.0,Phone,1,14.0,Credit Card,Female,3.0,4,Mobile,1,Married,7,0,14.0,1.0,1.0,3.0,125.32,Retained,No Complaint
52004,0,17.0,Phone,1,14.0,Debit Card,Male,3.0,3,Mobile,5,Married,2,1,13.0,5.0,7.0,1.0,125.59,Retained,Filed Complaint
52005,0,1.0,Phone,3,11.0,Credit Card,Male,3.0,3,Laptop & Accessory,1,Single,2,0,14.0,0.0,1.0,2.0,149.08,Retained,No Complaint
52006,1,20.0,Computer,1,14.0,Debit Card,Male,2.0,4,Mobile,1,Married,10,1,14.0,1.0,1.0,0.0,123.80000000000001,Churned,Filed Complaint
52007,0,16.0,Phone,1,14.0,Debit Card,Female,2.0,3,Laptop & Accessory,4,Married,5,0,21.0,1.0,1.0,0.0,147.65,Retained,No Complaint
52008,1,9.0,Phone,3,8.0,Credit Card,Female,2.0,4,Mobile,3,Single,2,0,13.0,1.0,1.0,2.0,120.44,Churned,No Complaint
52009,1,0.0,Phone,1,24.0,UPI,Female,3.0,3,Mobile,1,Single,2,0,19.0,1.0,1.0,0.0,126.93,Churned,No Complaint
52010,0,9.0,Mobile Phone,1,20.0,Debit Card,Male,3.0,3,Laptop & Accessory,1,Married,1,1,17.0,2.0,4.0,11.0,165.86,Retained,Filed Complaint
52011,0,20.0,Phone,3,8.0,Debit Card,Female,3.0,4,Mobile,1,Single,2,1,18.0,0.0,1.0,2.0,132.94,Retained,Filed Complaint
52012,1,0.0,Phone,1,9.0,Debit Card,Female,2.0,3,Laptop & Accessory,3,Married,1,1,19.0,1.0,1.0,2.0,141.71,Churned,Filed Complaint
52013,1,4.0,Phone,1,8.0,Debit Card,Female,3.0,5,Mobile,1,Married,5,1,13.0,0.0,1.0,0.0,127.78,Churned,Filed Complaint
52014,0,1.0,Phone,1,14.0,Credit Card,Female,3.0,3,Mobile,3,Married,6,0,18.0,0.0,2.0,2.0,123.77000000000001,Retained,No Complaint
52015,1,2.0,Phone,1,14.0,Credit Card,Male,3.0,3,Mobile,5,Married,8,1,21.0,1.0,2.0,2.0,124.03999999999999,Churned,Filed Complaint
52016,0,0.0,Phone,1,14.0,Debit Card,Female,3.0,3,Mobile,3,Single,2,0,19.0,0.0,1.0,0.0,123.18,Retained,No Complaint
52017,0,9.0,Mobile Phone,1,16.0,Debit Card,Male,2.0,3,Mobile,4,Married,2,0,14.0,1.0,1.0,0.0,120.08000000000001,Retained,No Complaint
52018,0,15.0,Mobile Phone,3,20.0,Credit Card,Female,3.0,4,Laptop & Accessory,3,Single,8,0,17.0,1.0,1.0,3.0,162.44,Retained,No Complaint
52019,0,6.0,Phone,1,6.0,UPI,Male,3.0,4,Mobile,5,Single,4,1,11.0,1.0,1.0,2.0,127.99000000000001,Retained,Filed Complaint
52020,0,30.0,Mobile Phone,1,11.0,Cash on Delivery,Female,2.0,4,Fashion,4,Married,3,1,13.0,1.0,1.0,4.0,205.52,Retained,Filed Complaint
52021,0,4.0,Phone,3,14.0,Debit Card,Male,2.0,4,Mobile,3,Married,4,0,15.0,2.0,5.0,2.0,123.28999999999999,Retained,No Complaint
52022,0,8.0,Phone,1,27.0,Debit Card,Female,2.0,3,Laptop & Accessory,1,Married,2,1,25.0,0.0,1.0,7.0,140.14,Retained,Filed Complaint
52023,0,22.0,Mobile Phone,1,14.0,UPI,Female,2.0,3,Fashion,4,Married,5,0,11.0,0.0,1.0,7.0,174.03,Retained,No Complaint
52024,0,9.0,Phone,1,26.0,Credit Card,Male,2.0,3,Mobile,3,Married,5,0,17.0,1.0,1.0,0.0,122.59,Retained,No Complaint
52025,0,4.0,Computer,3,26.0,E wallet,Female,2.0,3,Laptop & Accessory,3,Married,2,0,13.0,1.0,1.0,0.0,169.32,Retained,No Complaint
52026,0,9.0,Phone,1,13.0,UPI,Male,3.0,3,Mobile,1,Single,3,0,18.0,1.0,1.0,1.0,146.78,Retained,No Complaint
52027,0,11.0,Mobile Phone,1,6.0,Cash on Delivery,Female,3.0,3,Fashion,5,Married,2,0,13.0,4.0,2.0,11.0,235.82,Retained,No Complaint
52028,0,5.0,Computer,1,14.0,Debit Card,Female,3.0,4,Mobile,4,Married,7,0,20.0,0.0,1.0,2.0,123.32,Retained,No Complaint
52029,1,0.0,Phone,3,14.0,E wallet,Male,2.0,4,Mobile,4,Married,2,1,18.0,0.0,1.0,0.0,124.13,Churned,Filed Complaint
52030,0,13.0,Mobile Phone,3,16.0,E wallet,Male,3.0,4,Fashion,4,Married,3,0,12.0,0.0,1.0,0.0,197.05,Retained,No Complaint
52031,0,0.0,Computer,3,6.0,Credit Card,Male,2.0,4,Laptop & Accessory,5,Single,2,0,12.0,0.0,1.0,7.0,142.94,Retained,No Complaint
52032,0,14.0,Phone,1,12.0,Credit Card,Male,2.0,3,Mobile,5,Single,3,1,13.0,1.0,2.0,17.0,147.21,Retained,Filed Complaint
52033,0,9.0,Phone,1,14.0,Credit Card,Male,3.0,3,Mobile,3,Single,5,0,21.0,1.0,3.0,9.0,125.19,Retained,No Complaint
52034,1,9.0,Phone,3,27.0,UPI,Male,2.0,4,Mobile,4,Single,2,1,13.0,1.0,1.0,0.0,121.21000000000001,Churned,Filed Complaint
52035,1,0.0,Phone,1,10.0,Cash on Delivery,Male,3.0,3,Mobile,5,Single,2,0,19.0,1.0,1.0,0.0,129.73,Churned,No Complaint
52036,0,4.0,Mobile Phone,1,18.0,Credit Card,Female,2.0,3,Laptop & Accessory,1,Married,1,1,11.0,6.0,8.0,5.0,158.55,Retained,Filed Complaint
52037,0,13.0,Computer,1,15.0,Credit Card,Male,2.0,3,Mobile,4,Married,9,1,14.0,0.0,1.0,0.0,136.17,Retained,Filed Complaint
52038,0,5.0,Mobile Phone,1,9.0,Credit Card,Female,3.0,3,Laptop & Accessory,5,Married,2,0,12.0,1.0,6.0,3.0,167.25,Retained,No Complaint
52039,1,0.0,Mobile Phone,3,9.0,Debit Card,Male,2.0,4,Fashion,1,Married,2,1,11.0,3.0,3.0,7.0,203.25,Churned,Filed Complaint
52040,0,6.0,Mobile Phone,1,6.0,Debit Card,Female,2.0,4,Laptop & Accessory,1,Single,1,0,14.0,1.0,1.0,4.0,169.49,Retained,No Complaint
52041,1,0.0,Mobile Phone,3,6.0,Debit Card,Male,2.0,4,Fashion,3,Married,6,0,11.0,5.0,11.0,46.0,206.08999999999997,Churned,No Complaint
52042,0,18.0,Computer,1,10.0,Debit Card,Male,2.0,3,Laptop & Accessory,4,Married,2,0,12.0,1.0,1.0,8.0,144.47,Retained,No Complaint
52043,0,9.0,Computer,3,26.0,Cash on Delivery,Female,2.0,3,Mobile,1,Married,2,0,15.0,0.0,1.0,2.0,121.57,Retained,No Complaint
52044,0,8.0,Phone,3,24.0,Credit Card,Female,2.0,3,Laptop & Accessory,3,Married,2,0,16.0,1.0,1.0,0.0,146.01,Retained,No Complaint
52045,0,25.0,Mobile Phone,1,6.0,Debit Card,Male,3.0,3,Grocery,1,Married,3,0,15.0,1.0,7.0,8.0,270.99,Retained,No Complaint
52046,1,20.0,Phone,1,14.0,Cash on Delivery,Male,2.0,3,Mobile,3,Single,5,0,24.0,0.0,1.0,0.0,124.78999999999999,Churned,No Complaint
52047,0,26.0,Mobile Phone,3,8.0,Credit Card,Male,2.0,3,Grocery,3,Married,7,0,13.0,11.0,2.0,2.0,248.51999999999998,Retained,No Complaint
52048,0,3.0,Mobile Phone,3,14.0,UPI,Male,3.0,3,Fashion,3,Married,6,0,11.0,2.0,7.0,7.0,172.64,Retained,No Complaint
52049,0,11.0,Computer,3,16.0,Cash on Delivery,Female,2.0,3,Laptop & Accessory,1,Single,2,1,13.0,1.0,1.0,3.0,156.66,Retained,Filed Complaint
52050,0,8.0,Mobile Phone,3,9.0,Debit Card,Male,3.0,3,Fashion,1,Married,7,0,13.0,0.0,1.0,8.0,178.23,Retained,No Complaint
52051,0,12.0,Mobile Phone,3,8.0,Debit Card,Male,2.0,1,Fashion,3,Single,1,0,18.0,0.0,1.0,7.0,178.8,Retained,No Complaint
52052,1,3.0,Computer,3,30.0,Debit Card,Female,3.0,1,Grocery,4,Single,5,1,16.0,1.0,2.0,0.0,231.94,Churned,Filed Complaint
52053,0,20.0,Computer,1,22.0,Credit Card,Male,3.0,1,Laptop & Accessory,3,Married,2,1,19.0,1.0,2.0,7.0,150.67,Retained,Filed Complaint
52054,0,9.0,Computer,3,14.0,Cash on Delivery,Male,2.0,3,Laptop & Accessory,1,Married,5,0,13.0,1.0,1.0,7.0,150.79,Retained,No Complaint
52055,1,0.0,Computer,1,14.0,Credit Card,Male,2.0,4,Mobile,5,Single,1,1,22.0,0.0,1.0,2.0,123.21000000000001,Churned,Filed Complaint
52056,0,6.0,Computer,3,23.0,Debit Card,Male,2.0,3,Grocery,3,Single,2,0,11.0,1.0,6.0,0.0,274.44,Retained,No Complaint
52057,1,0.0,Phone,1,14.0,Debit Card,Female,3.0,4,Mobile,5,Single,7,1,20.0,1.0,1.0,0.0,124.03999999999999,Churned,Filed Complaint
52058,0,6.0,Phone,1,19.0,Debit Card,Female,2.0,3,Mobile,1,Single,4,0,18.0,1.0,1.0,2.0,134.52,Retained,No Complaint
52059,0,9.0,Phone,1,6.0,Credit Card,Female,3.0,3,Mobile,1,Married,4,0,14.0,1.0,1.0,2.0,122.69999999999999,Retained,No Complaint
52060,0,23.0,Mobile Phone,1,6.0,Credit Card,Male,3.0,3,Grocery,1,Married,10,0,22.0,1.0,1.0,3.0,273.99,Retained,No Complaint
52061,0,6.0,Computer,1,6.0,UPI,Female,2.0,1,Laptop & Accessory,4,Married,2,1,13.0,1.0,1.0,2.0,154.88,Retained,Filed Complaint
52062,0,14.0,Computer,1,15.0,Credit Card,Male,3.0,3,Others,3,Married,3,0,15.0,0.0,1.0,11.0,294.19,Retained,No Complaint
52063,0,0.0,Phone,1,22.0,Cash on Delivery,Female,3.0,3,Mobile,4,Married,10,0,14.0,2.0,2.0,2.0,128.11,Retained,No Complaint
52064,0,18.0,Computer,1,29.0,Debit Card,Male,2.0,3,Laptop & Accessory,5,Married,2,1,15.0,1.0,1.0,8.0,136.33,Retained,Filed Complaint
52065,0,20.0,Phone,3,10.0,Debit Card,Female,2.0,3,Laptop & Accessory,1,Single,2,1,17.0,1.0,1.0,7.0,141.63,Retained,Filed Complaint
52066,1,9.0,Phone,1,28.0,Debit Card,Female,2.0,3,Mobile,3,Married,5,1,11.0,0.0,1.0,1.0,121.32,Churned,Filed Complaint
52067,0,23.0,Mobile Phone,1,30.0,Debit Card,Male,3.0,3,Grocery,3,Married,4,1,18.0,1.0,2.0,5.0,239.73000000000002,Retained,Filed Complaint
52068,0,11.0,Computer,1,16.0,Credit Card,Male,3.0,3,Mobile,3,Married,1,0,17.0,0.0,1.0,2.0,126.84,Retained,No Complaint
52069,0,19.0,Mobile Phone,1,13.0,Credit Card,Male,3.0,3,Fashion,3,Married,7,0,13.0,1.0,1.0,7.0,208.45,Retained,No Complaint
52070,0,0.0,Phone,1,23.0,Credit Card,Female,2.0,4,Laptop & Accessory,3,Married,2,0,15.0,0.0,3.0,2.0,143.77,Retained,No Complaint
52071,1,0.0,Phone,1,20.0,UPI,Male,2.0,4,Mobile,4,Married,2,1,24.0,1.0,1.0,2.0,137.43,Churned,Filed Complaint
52072,0,4.0,Computer,1,6.0,Debit Card,Female,3.0,3,Laptop & Accessory,5,Married,2,0,12.0,1.0,1.0,3.0,141.48,Retained,No Complaint
52073,0,0.0,Computer,1,11.0,Debit Card,Male,3.0,3,Mobile,1,Single,2,0,15.0,0.0,1.0,0.0,110.50999999999999,Retained,No Complaint
52074,0,27.0,Mobile Phone,1,23.0,Cash on Delivery,Female,2.0,3,Fashion,3,Married,9,0,11.0,0.0,1.0,8.0,207.39,Retained,No Complaint
52075,0,8.0,Mobile Phone,1,31.0,Credit Card,Female,2.0,3,Fashion,3,Married,2,1,11.0,0.0,10.0,1.0,203.88,Retained,Filed Complaint
52076,0,3.0,Mobile Phone,1,14.0,Debit Card,Female,3.0,1,Fashion,5,Married,1,1,12.0,0.0,1.0,3.0,214.16000000000003,Retained,Filed Complaint
52077,1,0.0,Phone,1,14.0,Credit Card,Female,3.0,4,Mobile,5,Single,2,1,15.0,1.0,1.0,0.0,126.0,Churned,Filed Complaint
52078,1,0.0,Computer,1,14.0,Credit Card,Female,2.0,3,Mobile,4,Single,1,0,17.0,0.0,1.0,2.0,124.22,Churned,No Complaint
52079,0,0.0,Mobile Phone,1,8.0,Credit Card,Male,2.0,1,Laptop & Accessory,1,Married,2,0,12.0,1.0,1.0,3.0,154.72,Retained,No Complaint
52080,0,0.0,Phone,1,14.0,Debit Card,Male,3.0,5,Mobile,5,Married,2,0,15.0,0.0,1.0,1.0,124.50999999999999,Retained,No Complaint
52081,0,21.0,Phone,1,12.0,Debit Card,Male,3.0,4,Laptop & Accessory,3,Single,3,0,13.0,0.0,2.0,2.0,142.4,Retained,No Complaint
52082,0,21.0,Mobile Phone,1,10.0,Debit Card,Male,3.0,4,Fashion,3,Single,8,0,14.0,1.0,4.0,3.0,209.99,Retained,No Complaint
52083,0,14.0,Mobile Phone,1,13.0,Credit Card,Female,2.0,3,Laptop & Accessory,3,Single,7,0,14.0,2.0,2.0,1.0,150.03,Retained,No Complaint
52084,0,12.0,Mobile Phone,1,6.0,Debit Card,Female,3.0,4,Grocery,1,Married,2,0,16.0,9.0,11.0,3.0,227.42000000000002,Retained,No Complaint
52085,0,0.0,Phone,1,8.0,Debit Card,Female,2.0,3,Laptop & Accessory,1,Married,1,0,18.0,2.0,2.0,2.0,142.27,Retained,No Complaint
52086,0,8.0,Phone,1,16.0,UPI,Male,2.0,3,Mobile,1,Married,2,0,20.0,0.0,1.0,2.0,139.17,Retained,No Complaint
52087,0,0.0,Mobile Phone,3,11.0,E wallet,Male,2.0,3,Others,3,Married,7,0,13.0,1.0,1.0,0.0,283.03,Retained,No Complaint
52088,0,23.0,Phone,1,14.0,Debit Card,Male,3.0,3,Mobile,1,Married,5,0,18.0,1.0,1.0,0.0,123.80000000000001,Retained,No Complaint
52089,0,30.0,Mobile Phone,1,8.0,Debit Card,Female,3.0,4,Grocery,1,Single,4,1,13.0,4.0,2.0,3.0,237.26,Retained,Filed Complaint
52090,1,0.0,Phone,1,17.0,Credit Card,Female,3.0,5,Laptop & Accessory,4,Married,6,0,15.0,1.0,1.0,0.0,147.77,Churned,No Complaint
52091,0,28.0,Computer,1,24.0,Credit Card,Male,3.0,3,Laptop & Accessory,4,Married,4,1,14.0,2.0,6.0,7.0,163.85,Retained,Filed Complaint
52092,0,14.0,Computer,1,13.0,Debit Card,Female,2.0,5,Others,3,Married,2,0,15.0,5.0,5.0,10.0,299.73,Retained,No Complaint
52093,0,11.0,Mobile Phone,3,9.0,Debit Card,Male,2.0,3,Laptop & Accessory,1,Single,9,1,12.0,1.0,1.0,0.0,168.61,Retained,Filed Complaint
52094,1,0.0,Computer,3,35.0,Credit Card,Male,3.0,5,Laptop & Accessory,5,Single,9,0,18.0,1.0,2.0,2.0,149.69,Churned,No Complaint
52095,1,15.0,Mobile Phone,3,8.0,E wallet,Female,2.0,5,Others,1,Married,2,0,15.0,3.0,6.0,9.0,298.45,Churned,No Complaint
52096,0,17.0,Mobile Phone,3,34.0,Credit Card,Female,2.0,1,Grocery,1,Married,4,1,18.0,4.0,2.0,11.0,233.2,Retained,Filed Complaint
52097,0,23.0,Computer,3,6.0,Debit Card,Female,3.0,3,Laptop & Accessory,3,Married,1,0,12.0,0.0,1.0,13.0,163.47,Retained,No Complaint
52098,1,0.0,Phone,1,22.0,Debit Card,Female,3.0,1,Mobile,5,Single,2,0,16.0,3.0,15.0,14.0,127.43,Churned,No Complaint
52099,0,12.0,Computer,1,28.0,Credit Card,Female,2.0,3,Fashion,5,Single,2,1,13.0,1.0,2.0,8.0,208.8,Retained,Filed Complaint
52100,0,6.0,Computer,3,14.0,Debit Card,Female,2.0,4,Mobile,1,Single,1,0,19.0,0.0,2.0,2.0,123.41999999999999,Retained,No Complaint
52101,0,18.0,Mobile Phone,3,17.0,Debit Card,Female,2.0,3,Grocery,1,Married,4,0,13.0,1.0,1.0,1.0,276.5,Retained,No Complaint
52102,0,5.0,Computer,1,35.0,Credit Card,Female,3.0,3,Mobile,3,Single,10,0,12.0,6.0,7.0,7.0,140.25,Retained,No Complaint
52103,0,7.0,Mobile Phone,3,6.0,E wallet,Male,3.0,1,Laptop & Accessory,1,Married,1,0,11.0,0.0,1.0,9.0,197.25,Retained,No Complaint
52104,0,30.0,Mobile Phone,3,6.0,Cash on Delivery,Male,3.0,3,Fashion,1,Married,4,1,14.0,1.0,1.0,3.0,219.04000000000002,Retained,Filed Complaint
52105,0,9.0,Phone,2,30.0,Credit Card,Male,2.0,3,Mobile,4,Single,2,0,16.0,0.0,1.0,4.0,121.77000000000001,Retained,No Complaint
52106,0,26.0,Computer,3,8.0,E wallet,Female,2.0,4,Fashion,4,Married,3,0,12.0,5.0,6.0,12.0,175.25,Retained,No Complaint
52107,1,0.0,Phone,1,21.0,UPI,Male,2.0,3,Laptop & Accessory,3,Married,8,0,14.0,0.0,1.0,0.0,148.34,Churned,No Complaint
52108,1,9.0,Computer,1,8.0,Debit Card,Male,2.0,3,Mobile,5,Married,7,1,14.0,0.0,1.0,2.0,120.41999999999999,Churned,Filed Complaint
52109,0,9.0,Phone,3,16.0,Debit Card,Female,2.0,3,Mobile,3,Married,2,1,19.0,0.0,1.0,0.0,122.19999999999999,Retained,Filed Complaint
52110,0,1.0,Mobile Phone,3,16.0,Credit Card,Male,3.0,3,Mobile,4,Married,2,0,22.0,0.0,1.0,0.0,110.52000000000001,Retained,No Complaint
52111,0,11.0,Computer,1,9.0,UPI,Male,3.0,3,Mobile,3,Married,4,0,16.0,2.0,2.0,2.0,128.21,Retained,No Complaint
52112,0,23.0,Mobile Phone,1,8.0,Credit Card,Male,3.0,3,Others,3,Married,3,1,15.0,4.0,7.0,7.0,292.37,Retained,Filed Complaint
52113,0,10.0,Phone,1,9.0,UPI,Female,2.0,3,Laptop & Accessory,4,Single,4,0,15.0,1.0,1.0,1.0,141.07,Retained,No Complaint
52114,0,13.0,Mobile Phone,3,32.0,E wallet,Male,3.0,3,Laptop & Accessory,5,Married,2,0,14.0,3.0,7.0,5.0,183.96,Retained,No Complaint
52115,0,9.0,Computer,1,6.0,Credit Card,Female,3.0,4,Mobile,3,Married,2,0,13.0,0.0,1.0,3.0,120.07,Retained,No Complaint
52116,0,19.0,Mobile Phone,1,6.0,Credit Card,Male,2.0,3,Others,1,Married,10,0,15.0,1.0,2.0,2.0,296.27,Retained,No Complaint
52117,0,27.0,Mobile Phone,3,8.0,Debit Card,Female,2.0,4,Fashion,3,Married,7,0,11.0,6.0,7.0,0.0,206.86,Retained,No Complaint
52118,0,29.0,Computer,1,15.0,Credit Card,Female,3.0,3,Mobile,3,Married,3,0,19.0,1.0,1.0,3.0,129.42,Retained,No Complaint
52119,0,9.0,Mobile Phone,1,18.0,Credit Card,Female,2.0,4,Fashion,1,Single,1,0,11.0,5.0,7.0,8.0,188.58,Retained,No Complaint
52120,0,28.0,Computer,1,8.0,Credit Card,Male,2.0,4,Grocery,5,Single,8,0,15.0,1.0,6.0,2.0,267.56,Retained,No Complaint
52121,0,16.0,Mobile Phone,3,31.0,Credit Card,Male,3.0,4,Fashion,1,Married,6,0,13.0,1.0,1.0,0.0,207.98000000000002,Retained,No Complaint
52122,1,0.0,Computer,3,14.0,E wallet,Female,2.0,3,Mobile,1,Single,2,1,14.0,1.0,1.0,2.0,123.22999999999999,Churned,Filed Complaint
52123,1,9.0,Mobile Phone,1,16.0,Debit Card,Female,2.0,4,Mobile,5,Single,2,0,13.0,0.0,1.0,0.0,114.16,Churned,No Complaint
52124,0,19.0,Phone,1,14.0,Debit Card,Female,3.0,4,Laptop & Accessory,5,Married,9,1,23.0,1.0,1.0,7.0,146.15,Retained,Filed Complaint
52125,1,14.0,Phone,1,14.0,Debit Card,Male,2.0,3,Mobile,3,Married,10,1,12.0,0.0,2.0,7.0,124.61000000000001,Churned,Filed Complaint
52126,1,0.0,Computer,1,30.0,Cash on Delivery,Male,3.0,4,Fashion,5,Single,2,0,12.0,1.0,1.0,9.0,187.22,Churned,No Complaint
52127,0,0.0,Phone,1,6.0,Credit Card,Male,2.0,4,Mobile,5,Married,2,0,16.0,1.0,1.0,3.0,139.55,Retained,No Complaint
52128,0,3.0,Mobile Phone,1,26.0,UPI,Male,2.0,3,Laptop & Accessory,5,Married,1,0,15.0,0.0,1.0,2.0,199.57,Retained,No Complaint
52129,0,14.0,Phone,1,13.0,Cash on Delivery,Female,2.0,1,Mobile,3,Married,2,0,13.0,0.0,1.0,8.0,133.76,Retained,No Complaint
52130,0,11.0,Mobile Phone,1,23.0,Debit Card,Female,3.0,4,Fashion,3,Married,1,0,18.0,1.0,1.0,9.0,188.23,Retained,No Complaint
52131,0,13.0,Mobile Phone,1,26.0,Cash on Delivery,Male,3.0,3,Fashion,1,Married,5,0,20.0,3.0,11.0,1.0,203.22,Retained,No Complaint
52132,0,0.0,Computer,1,14.0,Debit Card,Male,2.0,5,Mobile,3,Married,2,0,19.0,1.0,1.0,2.0,146.21,Retained,No Complaint
52133,0,28.0,Computer,1,8.0,Debit Card,Male,3.0,3,Fashion,4,Married,4,0,18.0,0.0,1.0,3.0,209.76,Retained,No Complaint
52134,0,1.0,Phone,1,16.0,UPI,Female,2.0,3,Laptop & Accessory,3,Single,4,0,13.0,0.0,1.0,7.0,136.6,Retained,No Complaint
52135,1,7.0,Mobile Phone,2,6.0,Credit Card,Male,3.0,4,Fashion,5,Married,10,0,14.0,2.0,3.0,6.0,204.82,Churned,No Complaint
52136,0,6.0,Mobile Phone,1,11.0,Debit Card,Male,2.0,4,Fashion,1,Married,5,0,15.0,1.0,1.0,2.0,171.19,Retained,No Complaint
52137,1,0.0,Mobile Phone,3,10.0,Cash on Delivery,Male,2.0,3,Fashion,5,Single,1,1,22.0,2.0,4.0,7.0,195.82,Churned,Filed Complaint
52138,1,0.0,Computer,1,35.0,Credit Card,Female,2.0,4,Laptop & Accessory,3,Single,2,0,22.0,2.0,3.0,8.0,145.08,Churned,No Complaint
52139,0,9.0,Phone,1,21.0,Debit Card,Male,2.0,3,Mobile,3,Married,2,0,16.0,0.0,2.0,2.0,122.07,Retained,No Complaint
52140,0,7.0,Computer,1,9.0,Debit Card,Male,2.0,3,Laptop & Accessory,1,Single,1,0,17.0,1.0,1.0,4.0,177.56,Retained,No Complaint
52141,0,10.0,Mobile Phone,3,16.0,Debit Card,Female,2.0,4,Laptop & Accessory,1,Married,3,1,14.0,1.0,1.0,0.0,166.94,Retained,Filed Complaint
52142,1,0.0,Phone,1,10.0,Cash on Delivery,Male,2.0,3,Mobile,1,Married,2,1,15.0,4.0,5.0,6.0,136.91,Churned,Filed Complaint
52143,1,0.0,Phone,1,14.0,Credit Card,Male,2.0,3,Mobile,3,Married,2,0,20.0,1.0,1.0,0.0,123.77000000000001,Churned,No Complaint
52144,1,0.0,Phone,1,31.0,Credit Card,Male,2.0,4,Mobile,4,Single,5,1,20.0,1.0,2.0,2.0,123.13,Churned,Filed Complaint
52145,0,15.0,Mobile Phone,1,8.0,Credit Card,Male,2.0,3,Grocery,5,Married,1,0,17.0,1.0,13.0,7.0,276.65,Retained,No Complaint
52146,1,0.0,Computer,1,14.0,Credit Card,Male,2.0,4,Mobile,4,Married,2,0,15.0,1.0,1.0,0.0,125.96000000000001,Churned,No Complaint
52147,1,13.0,Computer,3,6.0,UPI,Male,2.0,3,Laptop & Accessory,3,Single,4,1,14.0,1.0,1.0,0.0,147.28,Churned,Filed Complaint
52148,0,6.0,Computer,3,13.0,Debit Card,Female,1.0,3,Laptop & Accessory,4,Married,1,0,17.0,0.0,1.0,2.0,143.02,Retained,No Complaint
52149,0,7.0,Computer,1,9.0,Debit Card,Male,3.0,4,Mobile,1,Married,4,0,17.0,0.0,1.0,0.0,129.79,Retained,No Complaint
52150,0,21.0,Computer,1,6.0,Credit Card,Male,2.0,1,Grocery,1,Single,3,0,22.0,1.0,2.0,1.0,268.85,Retained,No Complaint
52151,0,18.0,Computer,3,15.0,Debit Card,Female,3.0,4,Laptop & Accessory,3,Married,2,0,13.0,4.0,4.0,12.0,155.93,Retained,No Complaint
52152,0,25.0,Mobile Phone,1,5.0,Debit Card,Male,2.0,3,Fashion,4,Single,8,0,19.0,2.0,4.0,0.0,204.45,Retained,No Complaint
52153,0,11.0,Mobile Phone,3,16.0,E wallet,Male,3.0,4,Fashion,3,Married,1,1,14.0,1.0,2.0,7.0,187.4,Retained,Filed Complaint
52154,0,2.0,Phone,1,14.0,Debit Card,Female,3.0,3,Mobile,1,Married,5,0,22.0,1.0,1.0,7.0,125.13999999999999,Retained,No Complaint
52155,0,1.0,Mobile Phone,1,9.0,Credit Card,Female,3.0,3,Fashion,4,Married,1,0,17.0,0.0,1.0,7.0,176.55,Retained,No Complaint
52156,0,19.0,Mobile Phone,3,9.0,E wallet,Male,2.0,3,Grocery,3,Married,4,0,12.0,1.0,4.0,9.0,274.65,Retained,No Complaint
52157,0,11.0,Mobile Phone,3,8.0,E wallet,Male,2.0,3,Fashion,4,Single,8,0,16.0,1.0,1.0,0.0,173.51,Retained,No Complaint
52158,0,16.0,Computer,1,33.0,Debit Card,Female,2.0,3,Fashion,5,Married,9,0,11.0,1.0,1.0,1.0,208.2,Retained,No Complaint
52159,1,2.0,Computer,1,8.0,Debit Card,Male,2.0,3,Grocery,1,Married,8,0,11.0,10.0,11.0,3.0,221.69,Churned,No Complaint
52160,0,13.0,Mobile Phone,1,20.0,Credit Card,Male,2.0,4,Others,3,Single,2,0,15.0,3.0,4.0,9.0,296.26,Retained,No Complaint
52161,0,9.0,Phone,1,6.0,Cash on Delivery,Female,3.0,4,Mobile,4,Single,2,1,11.0,1.0,2.0,2.0,120.69999999999999,Retained,Filed Complaint
52162,0,12.0,Computer,1,15.0,Debit Card,Male,3.0,3,Laptop & Accessory,4,Single,10,0,15.0,1.0,1.0,3.0,167.82,Retained,No Complaint
52163,0,9.0,Computer,1,24.0,Debit Card,Male,3.0,3,Laptop & Accessory,1,Single,3,0,20.0,0.0,1.0,9.0,177.79,Retained,No Complaint
52164,0,4.0,Computer,3,26.0,Debit Card,Male,3.0,1,Mobile,1,Married,1,0,12.0,2.0,2.0,2.0,127.91,Retained,No Complaint
52165,0,1.0,Phone,1,8.0,Debit Card,Male,3.0,4,Mobile,4,Married,1,0,17.0,0.0,1.0,4.0,132.01,Retained,No Complaint
52166,0,8.0,Computer,3,17.0,E wallet,Male,2.0,3,Laptop & Accessory,1,Married,2,0,11.0,1.0,1.0,2.0,149.68,Retained,No Complaint
52167,0,22.0,Mobile Phone,3,14.0,Cash on Delivery,Male,2.0,4,Grocery,4,Married,7,0,17.0,1.0,2.0,3.0,231.2,Retained,No Complaint
52168,0,7.0,Computer,1,8.0,Debit Card,Male,3.0,3,Laptop & Accessory,3,Single,3,0,11.0,1.0,1.0,2.0,140.33,Retained,No Complaint
52169,0,2.0,Computer,1,16.0,Debit Card,Female,3.0,3,Mobile,4,Married,1,0,14.0,0.0,1.0,1.0,132.91,Retained,No Complaint
52170,0,15.0,Phone,1,35.0,Credit Card,Male,2.0,5,Laptop & Accessory,1,Single,5,0,19.0,1.0,1.0,0.0,142.72,Retained,No Complaint
52171,0,2.0,Mobile Phone,1,14.0,Credit Card,Male,3.0,4,Laptop & Accessory,1,Married,2,1,15.0,1.0,1.0,2.0,150.56,Retained,Filed Complaint
52172,0,11.0,Phone,2,6.0,UPI,Male,3.0,1,Mobile,3,Married,2,0,13.0,3.0,5.0,0.0,128.44,Retained,No Complaint
52173,0,1.0,Computer,1,12.0,Debit Card,Male,3.0,4,Mobile,3,Married,2,1,14.0,1.0,1.0,2.0,127.03,Retained,Filed Complaint
52174,1,9.0,Computer,1,14.0,Credit Card,Male,3.0,3,Mobile,3,Single,2,0,12.0,1.0,1.0,0.0,119.03999999999999,Churned,No Complaint
52175,1,0.0,Mobile Phone,3,15.0,E wallet,Female,3.0,3,Laptop & Accessory,5,Single,4,1,17.0,0.0,1.0,3.0,182.24,Churned,Filed Complaint
52176,0,14.0,Phone,1,18.0,Debit Card,Male,2.0,3,Mobile,1,Married,4,1,11.0,1.0,1.0,0.0,147.66,Retained,Filed Complaint
52177,1,0.0,Computer,1,14.0,Credit Card,Male,3.0,3,Mobile,3,Married,2,0,12.0,1.0,2.0,2.0,126.1,Churned,No Complaint
52178,0,10.0,Mobile Phone,1,31.0,Credit Card,Female,2.0,4,Laptop & Accessory,1,Married,8,0,13.0,1.0,1.0,3.0,157.31,Retained,No Complaint
52179,0,0.0,Phone,1,14.0,Debit Card,Male,2.0,4,Mobile,3,Married,2,0,13.0,1.0,2.0,2.0,125.38999999999999,Retained,No Complaint
52180,0,7.0,Mobile Phone,3,15.0,Debit Card,Female,3.0,3,Laptop & Accessory,3,Married,2,0,20.0,0.0,1.0,3.0,157.14,Retained,No Complaint
52181,0,8.0,Phone,2,14.0,Cash on Delivery,Male,3.0,3,Mobile,3,Single,2,0,17.0,0.0,1.0,4.0,143.23,Retained,No Complaint
52182,1,0.0,Mobile Phone,3,29.0,Debit Card,Female,2.0,4,Fashion,5,Married,2,0,13.0,1.0,3.0,10.0,173.36,Churned,No Complaint
52183,0,13.0,Computer,1,15.0,Credit Card,Female,2.0,3,Fashion,3,Single,10,0,17.0,1.0,2.0,13.0,234.99,Retained,No Complaint
52184,1,5.0,Computer,3,18.0,Debit Card,Male,2.0,3,Grocery,5,Single,1,1,12.0,2.0,2.0,14.0,237.57999999999998,Churned,Filed Complaint
52185,0,15.0,Mobile Phone,3,10.0,E wallet,Male,2.0,3,Laptop & Accessory,5,Single,8,0,13.0,1.0,1.0,5.0,151.55,Retained,No Complaint
52186,0,9.0,Phone,1,6.0,Credit Card,Male,2.0,4,Mobile,3,Married,7,0,12.0,1.0,1.0,7.0,122.58000000000001,Retained,No Complaint
52187,0,0.0,Phone,1,30.0,Credit Card,Male,2.0,3,Mobile,4,Single,9,0,22.0,0.0,1.0,2.0,135.97,Retained,No Complaint
52188,1,0.0,Phone,1,14.0,Debit Card,Female,3.0,3,Mobile,1,Married,2,1,11.0,1.0,1.0,0.0,125.15,Churned,Filed Complaint
52189,0,0.0,Phone,1,9.0,Credit Card,Male,2.0,1,Mobile,1,Married,2,0,22.0,1.0,1.0,7.0,144.2,Retained,No Complaint
52190,0,3.0,Mobile Phone,3,16.0,E wallet,Male,3.0,4,Laptop & Accessory,3,Married,2,0,18.0,0.0,1.0,4.0,165.78,Retained,No Complaint
52191,0,13.0,Computer,1,32.0,Credit Card,Female,3.0,4,Laptop & Accessory,1,Married,4,1,13.0,0.0,1.0,0.0,144.22,Retained,Filed Complaint
52192,0,8.0,Mobile Phone,1,8.0,Debit Card,Male,2.0,4,Fashion,4,Married,3,0,18.0,2.0,6.0,4.0,202.74,Retained,No Complaint
52193,0,7.0,Computer,1,7.0,Credit Card,Male,3.0,4,Laptop & Accessory,5,Single,1,0,20.0,0.0,4.0,9.0,153.43,Retained,No Complaint
52194,0,8.0,Computer,1,14.0,UPI,Male,2.0,4,Mobile,1,Married,2,0,13.0,1.0,2.0,2.0,123.75999999999999,Retained,No Complaint
52195,1,6.0,Mobile Phone,3,15.0,E wallet,Female,2.0,5,Laptop & Accessory,3,Single,9,0,13.0,0.0,1.0,3.0,153.46,Churned,No Complaint
52196,0,5.0,Computer,3,8.0,Debit Card,Female,3.0,3,Mobile,5,Married,2,0,12.0,1.0,1.0,0.0,128.27,Retained,No Complaint
52197,0,29.0,Mobile Phone,1,10.0,Cash on Delivery,Female,3.0,3,Others,5,Married,5,0,15.0,4.0,4.0,2.0,299.43,Retained,No Complaint
52198,0,2.0,Phone,1,12.0,Credit Card,Female,3.0,3,Mobile,1,Married,2,0,13.0,0.0,1.0,8.0,131.31,Retained,No Complaint
52199,0,0.0,Phone,1,14.0,Debit Card,Male,2.0,3,Mobile,5,Single,2,0,25.0,0.0,1.0,0.0,125.52000000000001,Retained,No Complaint
52200,0,18.0,Phone,1,13.0,Credit Card,Female,2.0,3,Mobile,3,Married,5,1,19.0,0.0,1.0,2.0,144.77,Retained,Filed Complaint
52201,0,10.0,Mobile Phone,1,7.0,Debit Card,Female,2.0,4,Laptop & Accessory,1,Married,2,0,13.0,0.0,3.0,11.0,164.74,Retained,No Complaint
52202,0,0.0,Phone,1,5.0,Debit Card,Male,3.0,4,Mobile,3,Single,2,0,12.0,0.0,1.0,2.0,130.33,Retained,No Complaint
52203,1,7.0,Phone,1,16.0,Debit Card,Male,3.0,3,Mobile,3,Single,2,1,11.0,1.0,1.0,2.0,129.36,Churned,Filed Complaint
52204,0,26.0,Mobile Phone,1,13.0,Credit Card,Female,2.0,3,Others,3,Married,4,0,18.0,1.0,4.0,7.0,286.06,Retained,No Complaint
52205,0,9.0,Phone,1,21.0,Debit Card,Female,3.0,5,Mobile,1,Married,1,1,18.0,1.0,1.0,3.0,121.68,Retained,Filed Complaint
52206,1,0.0,Computer,1,9.0,Debit Card,Male,3.0,4,Mobile,1,Married,1,1,11.0,0.0,1.0,0.0,128.53,Churned,Filed Complaint
52207,0,19.0,Mobile Phone,3,8.0,E wallet,Female,3.0,3,Grocery,5,Married,9,0,23.0,1.0,15.0,9.0,270.48,Retained,No Complaint
52208,0,9.0,Computer,1,23.0,Debit Card,Male,3.0,5,Mobile,3,Single,3,0,13.0,1.0,1.0,0.0,122.9,Retained,No Complaint
52209,0,6.0,Phone,2,8.0,UPI,Male,3.0,3,Mobile,3,Married,2,0,13.0,1.0,1.0,4.0,136.0,Retained,No Complaint
52210,1,9.0,Computer,1,11.0,Debit Card,Male,3.0,4,Mobile,5,Married,7,0,17.0,0.0,1.0,0.0,121.07,Churned,No Complaint
52211,0,3.0,Phone,3,35.0,Debit Card,Male,3.0,3,Laptop & Accessory,5,Married,9,0,19.0,1.0,1.0,3.0,141.15,Retained,No Complaint
52212,0,13.0,Computer,3,8.0,Credit Card,Male,3.0,3,Laptop & Accessory,4,Married,6,0,12.0,1.0,1.0,0.0,143.27,Retained,No Complaint
52213,0,23.0,Computer,1,8.0,Credit Card,Female,1.0,3,Grocery,5,Married,3,0,22.0,1.0,2.0,2.0,278.56,Retained,No Complaint
52214,0,1.0,Phone,1,25.0,Credit Card,Male,3.0,4,Mobile,5,Married,2,0,12.0,1.0,3.0,3.0,131.96,Retained,No Complaint
52215,0,19.0,Mobile Phone,1,21.0,Debit Card,Male,2.0,3,Others,4,Married,6,0,11.0,1.0,1.0,3.0,290.81,Retained,No Complaint
52216,0,8.0,Mobile Phone,3,23.0,Debit Card,Male,3.0,3,Laptop & Accessory,5,Married,4,1,15.0,0.0,1.0,7.0,189.66,Retained,Filed Complaint
52217,1,9.0,Phone,1,23.0,Debit Card,Female,3.0,3,Mobile,4,Married,2,0,13.0,1.0,1.0,0.0,122.1,Churned,No Complaint
52218,0,6.0,Computer,3,31.0,Credit Card,Female,2.0,3,Laptop & Accessory,3,Married,2,0,12.0,0.0,1.0,1.0,145.39,Retained,No Complaint
52219,0,9.0,Phone,1,12.0,Debit Card,Male,3.0,5,Mobile,3,Married,2,0,14.0,1.0,1.0,7.0,127.41,Retained,No Complaint
52220,0,3.0,Phone,1,13.0,Debit Card,Male,2.0,3,Laptop & Accessory,3,Married,2,0,13.0,4.0,8.0,9.0,134.91,Retained,No Complaint
52221,0,17.0,Phone,1,35.0,UPI,Male,2.0,3,Laptop & Accessory,1,Single,2,0,25.0,6.0,13.0,17.0,145.41,Retained,No Complaint
52222,0,0.0,Phone,3,27.0,E wallet,Male,3.0,1,Mobile,1,Single,2,0,17.0,2.0,2.0,2.0,126.78,Retained,No Complaint
52223,0,19.0,Mobile Phone,1,8.0,Cash on Delivery,Male,2.0,3,Laptop & Accessory,1,Married,3,0,11.0,0.0,1.0,4.0,173.79,Retained,No Complaint
52224,0,15.0,Computer,2,8.0,Credit Card,Male,3.0,1,Laptop & Accessory,5,Married,8,0,16.0,1.0,1.0,3.0,162.72,Retained,No Complaint
52225,0,30.0,Mobile Phone,3,13.0,E wallet,Male,2.0,1,Laptop & Accessory,1,Married,1,1,18.0,0.0,1.0,9.0,152.2,Retained,Filed Complaint
52226,0,5.0,Computer,1,19.0,UPI,Female,3.0,4,Mobile,4,Married,2,0,20.0,2.0,2.0,2.0,134.0,Retained,No Complaint
52227,0,5.0,Computer,1,8.0,Debit Card,Female,2.0,3,Laptop & Accessory,3,Single,5,1,14.0,1.0,1.0,7.0,149.98,Retained,Filed Complaint
52228,0,9.0,Mobile Phone,1,7.0,Cash on Delivery,Female,3.0,5,Fashion,5,Married,3,1,21.0,7.0,7.0,7.0,202.52,Retained,Filed Complaint
52229,0,6.0,Phone,1,15.0,Credit Card,Male,3.0,3,Mobile,1,Married,1,0,13.0,0.0,4.0,10.0,127.81,Retained,No Complaint
52230,0,13.0,Mobile Phone,3,16.0,Cash on Delivery,Female,2.0,4,Laptop & Accessory,4,Married,8,0,12.0,1.0,1.0,3.0,168.52,Retained,No Complaint
52231,0,0.0,Phone,3,16.0,Debit Card,Male,2.0,3,Laptop & Accessory,1,Single,1,0,14.0,1.0,1.0,1.0,149.5,Retained,No Complaint
52232,0,3.0,Phone,1,7.0,Credit Card,Male,3.0,3,Mobile,4,Married,1,1,21.0,3.0,5.0,7.0,135.79,Retained,Filed Complaint
52233,0,15.0,Computer,1,32.0,Credit Card,Female,2.0,3,Fashion,5,Married,4,1,17.0,0.0,2.0,0.0,231.91000000000003,Retained,Filed Complaint
52234,0,8.0,Computer,3,14.0,E wallet,Female,3.0,4,Fashion,1,Married,5,1,11.0,3.0,4.0,12.0,203.77,Retained,Filed Complaint
52235,0,9.0,Phone,1,20.0,Debit Card,Male,2.0,3,Mobile,5,Married,2,1,14.0,5.0,6.0,8.0,122.35,Retained,Filed Complaint
52236,0,27.0,Computer,1,7.0,Debit Card,Female,2.0,3,Fashion,3,Married,8,0,17.0,0.0,1.0,4.0,205.02,Retained,No Complaint
52237,0,9.0,Mobile Phone,1,8.0,Debit Card,Female,3.0,1,Mobile,1,Married,2,0,13.0,1.0,7.0,7.0,120.11000000000001,Retained,No Complaint
52238,1,9.0,Computer,1,16.0,Credit Card,Female,3.0,4,Mobile,4,Single,2,1,25.0,0.0,1.0,0.0,118.59,Churned,Filed Complaint
52239,0,2.0,Phone,1,7.0,Debit Card,Female,3.0,3,Mobile,1,Married,2,0,15.0,1.0,1.0,2.0,137.6,Retained,No Complaint
52240,0,27.0,Mobile Phone,1,9.0,Debit Card,Male,2.0,3,Grocery,1,Married,4,0,14.0,1.0,1.0,9.0,277.79,Retained,No Complaint
52241,0,4.0,Mobile Phone,1,17.0,Credit Card,Male,3.0,3,Laptop & Accessory,5,Married,2,1,12.0,1.0,1.0,1.0,168.33,Retained,Filed Complaint
52242,0,4.0,Mobile Phone,1,30.0,Credit Card,Female,3.0,4,Laptop & Accessory,5,Single,2,0,19.0,1.0,1.0,8.0,168.12,Retained,No Complaint
52243,0,30.0,Mobile Phone,3,9.0,Debit Card,Female,2.0,4,Laptop & Accessory,1,Single,6,0,17.0,0.0,1.0,5.0,151.71,Retained,No Complaint
52244,0,16.0,Mobile Phone,1,9.0,Debit Card,Male,3.0,5,Others,1,Married,4,0,15.0,1.0,1.0,7.0,297.4,Retained,No Complaint
52245,0,22.0,Mobile Phone,1,10.0,Credit Card,Male,2.0,4,Others,3,Married,3,0,13.0,1.0,1.0,0.0,287.11,Retained,No Complaint
52246,0,9.0,Computer,1,9.0,Cash on Delivery,Male,2.0,3,Mobile,4,Married,2,0,12.0,0.0,1.0,7.0,136.92,Retained,No Complaint
52247,0,21.0,Phone,1,14.0,Cash on Delivery,Male,3.0,1,Mobile,4,Single,6,0,11.0,0.0,1.0,0.0,125.59,Retained,No Complaint
52248,0,0.0,Phone,1,14.0,Debit Card,Male,3.0,3,Mobile,3,Married,2,0,11.0,1.0,1.0,3.0,125.16999999999999,Retained,No Complaint
52249,0,2.0,Mobile Phone,1,13.0,Debit Card,Male,2.0,3,Laptop & Accessory,1,Married,2,1,11.0,1.0,1.0,0.0,166.23,Retained,Filed Complaint
52250,0,21.0,Mobile Phone,1,7.0,Debit Card,Male,3.0,4,Others,1,Single,7,0,12.0,1.0,1.0,0.0,282.65,Retained,No Complaint
52251,0,2.0,Mobile Phone,1,7.0,Debit Card,Female,2.0,4,Grocery,1,Married,4,0,14.0,1.0,1.0,7.0,261.24,Retained,No Complaint
52252,0,7.0,Phone,1,14.0,Cash on Delivery,Female,2.0,1,Mobile,3,Married,1,0,17.0,1.0,1.0,0.0,125.85,Retained,No Complaint
52253,0,17.0,Mobile Phone,3,11.0,E wallet,Male,2.0,3,Others,4,Married,8,0,11.0,1.0,3.0,10.0,282.13,Retained,No Complaint
52254,0,6.0,Mobile Phone,3,16.0,E wallet,Male,2.0,1,Fashion,3,Married,1,1,14.0,0.0,1.0,8.0,183.8,Retained,Filed Complaint
52255,0,0.0,Phone,1,31.0,Debit Card,Female,3.0,1,Mobile,1,Single,2,1,12.0,0.0,1.0,1.0,129.94,Retained,Filed Complaint
52256,0,9.0,Mobile Phone,1,7.0,Debit Card,Male,2.0,3,Mobile,3,Married,2,0,22.0,1.0,1.0,1.0,112.22999999999999,Retained,No Complaint
52257,1,0.0,Computer,3,30.0,Debit Card,Male,3.0,5,Mobile,1,Single,2,1,14.0,1.0,1.0,0.0,111.18,Churned,Filed Complaint
52258,0,0.0,Phone,1,10.0,Debit Card,Male,3.0,3,Mobile,1,Single,2,1,20.0,2.0,2.0,2.0,128.75,Retained,Filed Complaint
52259,1,8.0,Mobile Phone,3,8.0,E wallet,Female,3.0,5,Others,4,Single,3,1,16.0,1.0,1.0,11.0,288.24,Churned,Filed Complaint
52260,0,28.0,Computer,1,14.0,Credit Card,Male,2.0,4,Grocery,4,Married,2,1,15.0,2.0,2.0,0.0,235.76999999999998,Retained,Filed Complaint
52261,1,0.0,Computer,1,14.0,Debit Card,Female,2.0,4,Mobile,3,Single,2,0,20.0,1.0,2.0,2.0,126.25,Churned,No Complaint
52262,0,19.0,Mobile Phone,3,10.0,E wallet,Female,2.0,4,Others,4,Married,3,0,14.0,1.0,1.0,8.0,287.89,Retained,No Complaint
52263,0,7.0,Phone,3,8.0,E wallet,Female,2.0,3,Laptop & Accessory,5,Single,1,1,12.0,1.0,1.0,2.0,145.38,Retained,Filed Complaint
52264,0,24.0,Computer,3,15.0,Debit Card,Male,2.0,3,Others,4,Married,5,1,15.0,6.0,11.0,10.0,298.47,Retained,Filed Complaint
52265,0,30.0,Mobile Phone,1,24.0,Credit Card,Male,3.0,3,Fashion,1,Single,7,0,12.0,3.0,5.0,4.0,205.12,Retained,No Complaint
52266,0,7.0,Computer,1,25.0,Credit Card,Female,2.0,3,Laptop & Accessory,4,Married,5,0,13.0,0.0,5.0,10.0,144.44,Retained,No Complaint
52267,0,9.0,Computer,1,7.0,Credit Card,Male,2.0,3,Mobile,3,Single,1,1,11.0,1.0,1.0,2.0,121.53999999999999,Retained,Filed Complaint
52268,0,17.0,Mobile Phone,1,10.0,Debit Card,Male,3.0,1,Others,5,Married,2,0,14.0,2.0,14.0,13.0,291.9,Retained,No Complaint
52269,0,7.0,Computer,2,17.0,Debit Card,Male,2.0,4,Laptop & Accessory,4,Married,5,0,11.0,0.0,1.0,8.0,144.9,Retained,No Complaint
52270,0,8.0,Phone,1,12.0,Debit Card,Male,3.0,3,Mobile,3,Married,1,1,14.0,1.0,2.0,2.0,135.06,Retained,Filed Complaint
52271,0,15.0,Phone,1,14.0,Credit Card,Female,3.0,1,Laptop & Accessory,4,Married,7,1,16.0,0.0,1.0,0.0,123.72,Retained,Filed Complaint
52272,0,16.0,Mobile Phone,3,10.0,E wallet,Female,2.0,4,Fashion,1,Single,4,0,14.0,10.0,15.0,17.0,202.31,Retained,No Complaint
52273,0,9.0,Mobile Phone,1,8.0,Debit Card,Female,2.0,3,Laptop & Accessory,4,Single,10,1,11.0,4.0,5.0,12.0,154.1,Retained,Filed Complaint
52274,1,7.0,Mobile Phone,1,21.0,Credit Card,Female,3.0,3,Fashion,1,Married,2,0,11.0,0.0,1.0,5.0,179.78,Churned,No Complaint
52275,0,1.0,Computer,1,8.0,Debit Card,Male,2.0,4,Mobile,1,Married,2,1,12.0,0.0,2.0,2.0,138.67,Retained,Filed Complaint
52276,0,24.0,Computer,1,12.0,Credit Card,Female,3.0,4,Mobile,3,Single,1,0,14.0,3.0,7.0,7.0,128.38,Retained,No Complaint
52277,0,3.0,Computer,1,15.0,Credit Card,Female,3.0,3,Laptop & Accessory,3,Single,8,1,18.0,0.0,1.0,7.0,146.95,Retained,Filed Complaint
52278,1,0.0,Phone,1,13.0,Cash on Delivery,Female,2.0,3,Mobile,3,Married,4,1,13.0,4.0,7.0,7.0,133.39,Churned,Filed Complaint
52279,0,9.0,Phone,1,7.0,Cash on Delivery,Male,2.0,3,Mobile,5,Single,3,0,11.0,1.0,1.0,2.0,120.80000000000001,Retained,No Complaint
52280,0,9.0,Phone,1,7.0,Credit Card,Female,2.0,3,Mobile,4,Single,2,0,18.0,1.0,2.0,1.0,120.96000000000001,Retained,No Complaint
52281,0,5.0,Mobile Phone,3,14.0,Credit Card,Male,2.0,1,Laptop & Accessory,1,Married,2,0,15.0,0.0,1.0,8.0,162.09,Retained,No Complaint
52282,0,18.0,Computer,1,31.0,Credit Card,Female,2.0,3,Others,4,Single,4,0,22.0,1.0,1.0,0.0,280.61,Retained,No Complaint
52283,0,12.0,Mobile Phone,1,19.0,Credit Card,Female,3.0,4,Grocery,4,Married,7,1,13.0,1.0,15.0,2.0,271.23,Retained,Filed Complaint
52284,0,30.0,Phone,1,14.0,Debit Card,Male,2.0,3,Mobile,3,Married,2,0,12.0,1.0,2.0,2.0,123.72,Retained,No Complaint
52285,1,0.0,Phone,1,13.0,Debit Card,Male,3.0,3,Laptop & Accessory,3,Married,2,0,18.0,0.0,1.0,1.0,148.83,Churned,No Complaint
52286,1,2.0,Phone,1,29.0,Credit Card,Male,3.0,3,Mobile,5,Single,1,0,13.0,0.0,1.0,3.0,139.04,Churned,No Complaint
52287,0,3.0,Phone,1,12.0,Cash on Delivery,Female,2.0,4,Laptop & Accessory,1,Married,1,0,12.0,5.0,6.0,7.0,146.27,Retained,No Complaint
52288,0,9.0,Mobile Phone,1,16.0,Cash on Delivery,Female,3.0,3,Fashion,3,Married,4,0,12.0,1.0,1.0,7.0,170.94,Retained,No Complaint
52289,0,19.0,Phone,2,7.0,Debit Card,Female,2.0,3,Mobile,5,Single,7,0,12.0,2.0,5.0,7.0,134.23,Retained,No Complaint
52290,0,1.0,Computer,1,7.0,Debit Card,Female,2.0,5,Laptop & Accessory,1,Married,1,0,11.0,7.0,7.0,5.0,166.74,Retained,No Complaint
52291,0,23.0,Mobile Phone,1,34.0,Debit Card,Female,2.0,3,Grocery,5,Married,5,1,11.0,1.0,1.0,2.0,268.8,Retained,Filed Complaint
52292,1,3.0,Mobile Phone,3,31.0,E wallet,Male,2.0,4,Fashion,4,Single,3,1,12.0,1.0,1.0,0.0,190.94,Churned,Filed Complaint
52293,1,15.0,Mobile Phone,3,11.0,Debit Card,Male,3.0,3,Fashion,4,Single,10,1,19.0,7.0,7.0,7.0,184.46,Churned,Filed Complaint
52294,0,3.0,Mobile Phone,1,23.0,Credit Card,Female,3.0,3,Fashion,5,Married,2,1,23.0,1.0,1.0,3.0,219.16000000000003,Retained,Filed Complaint
52295,0,12.0,Phone,1,24.0,Debit Card,Male,2.0,3,Laptop & Accessory,3,Single,1,0,11.0,1.0,1.0,7.0,145.34,Retained,No Complaint
52296,0,4.0,Computer,3,8.0,Debit Card,Female,2.0,3,Fashion,3,Married,2,1,19.0,8.0,9.0,6.0,198.52,Retained,Filed Complaint
52297,0,14.0,Computer,3,16.0,Credit Card,Male,2.0,5,Laptop & Accessory,4,Single,2,0,13.0,3.0,11.0,9.0,161.51,Retained,No Complaint
52298,1,9.0,Computer,3,7.0,Debit Card,Female,2.0,3,Mobile,4,Single,2,1,11.0,2.0,2.0,2.0,123.02000000000001,Churned,Filed Complaint
52299,1,7.0,Phone,1,14.0,Debit Card,Male,2.0,3,Mobile,5,Married,5,0,12.0,1.0,1.0,2.0,123.62,Churned,No Complaint
52300,0,15.0,Computer,1,8.0,Debit Card,Male,2.0,3,Grocery,3,Married,1,1,13.0,1.0,2.0,10.0,278.61,Retained,Filed Complaint
52301,0,28.0,Mobile Phone,1,8.0,Credit Card,Female,2.0,5,Others,3,Married,5,0,14.0,1.0,9.0,11.0,291.87,Retained,No Complaint
52302,0,29.0,Mobile Phone,2,14.0,Debit Card,Male,3.0,3,Others,4,Single,7,0,15.0,2.0,7.0,7.0,297.17,Retained,No Complaint
52303,0,13.0,Computer,1,22.0,Debit Card,Male,3.0,3,Mobile,3,Married,10,0,16.0,1.0,1.0,0.0,135.44,Retained,No Complaint
52304,0,7.0,Mobile Phone,1,15.0,Debit Card,Male,2.0,3,Fashion,1,Married,1,0,11.0,0.0,1.0,6.0,185.0,Retained,No Complaint
52305,0,13.0,Phone,1,8.0,Debit Card,Male,3.0,3,Laptop & Accessory,1,Single,2,0,13.0,3.0,8.0,8.0,146.61,Retained,No Complaint
52306,0,14.0,Computer,3,7.0,E wallet,Female,3.0,3,Laptop & Accessory,5,Married,1,0,17.0,0.0,1.0,7.0,141.03,Retained,No Complaint
52307,0,8.0,Computer,1,10.0,Debit Card,Male,2.0,3,Laptop & Accessory,3,Single,2,1,11.0,1.0,1.0,1.0,142.49,Retained,Filed Complaint
52308,0,24.0,Mobile Phone,2,11.0,Debit Card,Male,2.0,3,Grocery,4,Married,2,1,11.0,0.0,2.0,10.0,240.26,Retained,Filed Complaint
52309,0,11.0,Mobile Phone,3,8.0,Debit Card,Female,2.0,3,Laptop & Accessory,5,Married,4,0,15.0,0.0,1.0,7.0,168.93,Retained,No Complaint
52310,0,7.0,Mobile Phone,3,21.0,Credit Card,Female,3.0,3,Laptop & Accessory,5,Single,2,0,12.0,4.0,9.0,6.0,161.25,Retained,No Complaint
52311,0,0.0,Phone,1,25.0,Credit Card,Male,3.0,3,Mobile,1,Married,4,0,11.0,0.0,1.0,2.0,136.69,Retained,No Complaint
52312,1,20.0,Mobile Phone,1,13.0,Credit Card,Female,2.0,4,Fashion,5,Married,8,1,14.0,1.0,5.0,9.0,200.08,Churned,Filed Complaint
52313,0,13.0,Phone,1,14.0,Debit Card,Male,2.0,3,Mobile,4,Married,4,0,22.0,1.0,1.0,3.0,123.87,Retained,No Complaint
52314,0,9.0,Computer,3,13.0,E wallet,Female,2.0,1,Laptop & Accessory,5,Married,3,0,16.0,5.0,6.0,13.0,146.39,Retained,No Complaint
52315,0,21.0,Mobile Phone,1,10.0,Debit Card,Male,2.0,3,Fashion,1,Single,2,0,11.0,1.0,1.0,8.0,178.98,Retained,No Complaint
52316,0,0.0,Phone,3,14.0,Credit Card,Female,3.0,1,Mobile,1,Married,9,0,14.0,0.0,1.0,0.0,125.34,Retained,No Complaint
52317,0,24.0,Mobile Phone,1,17.0,Cash on Delivery,Female,2.0,4,Grocery,4,Single,4,0,16.0,0.0,1.0,3.0,231.42000000000002,Retained,No Complaint
52318,0,9.0,Computer,1,7.0,Debit Card,Female,3.0,3,Mobile,1,Single,2,0,15.0,1.0,1.0,0.0,116.11000000000001,Retained,No Complaint
52319,0,8.0,Mobile Phone,1,7.0,Credit Card,Female,2.0,4,Laptop & Accessory,1,Married,1,0,12.0,0.0,1.0,0.0,153.63,Retained,No Complaint
52320,0,0.0,Computer,3,8.0,Debit Card,Male,2.0,5,Laptop & Accessory,1,Single,4,0,20.0,0.0,1.0,0.0,150.71,Retained,No Complaint
52321,1,18.0,Mobile Phone,3,19.0,E wallet,Male,2.0,1,Grocery,3,Single,7,1,17.0,1.0,2.0,8.0,236.95,Churned,Filed Complaint
52322,0,29.0,Mobile Phone,1,29.0,Debit Card,Male,3.0,3,Grocery,4,Married,5,1,12.0,13.0,2.0,9.0,234.01999999999998,Retained,Filed Complaint
52323,0,9.0,Computer,1,32.0,Cash on Delivery,Female,3.0,4,Mobile,3,Married,2,0,20.0,1.0,1.0,0.0,120.28999999999999,Retained,No Complaint
52324,0,13.0,Mobile Phone,1,8.0,Credit Card,Female,2.0,1,Laptop & Accessory,3,Married,6,0,20.0,6.0,11.0,8.0,163.77,Retained,No Complaint
52325,0,7.0,Mobile Phone,1,35.0,Credit Card,Male,2.0,3,Laptop & Accessory,3,Married,5,0,13.0,5.0,7.0,7.0,154.29,Retained,No Complaint
52326,1,0.0,Computer,3,8.0,Debit Card,Female,3.0,4,Mobile,1,Single,8,0,14.0,0.0,1.0,0.0,127.85,Churned,No Complaint
52327,1,0.0,Computer,3,24.0,E wallet,Female,3.0,3,Laptop & Accessory,3,Married,1,1,18.0,0.0,3.0,2.0,146.14,Churned,Filed Complaint
52328,0,11.0,Computer,1,14.0,Debit Card,Male,2.0,1,Mobile,3,Married,2,0,11.0,0.0,1.0,3.0,126.1,Retained,No Complaint
52329,0,7.0,Mobile Phone,1,8.0,Cash on Delivery,Female,3.0,3,Laptop & Accessory,1,Single,2,0,11.0,4.0,4.0,11.0,166.87,Retained,No Complaint
52330,0,1.0,Phone,3,32.0,Debit Card,Male,2.0,4,Laptop & Accessory,5,Married,2,0,11.0,1.0,1.0,4.0,147.24,Retained,No Complaint
52331,1,0.0,Mobile Phone,1,28.0,Credit Card,Male,3.0,3,Laptop & Accessory,3,Married,2,1,15.0,5.0,6.0,7.0,161.79,Churned,Filed Complaint
52332,0,12.0,Mobile Phone,3,27.0,Debit Card,Male,2.0,4,Laptop & Accessory,1,Married,4,1,12.0,0.0,1.0,4.0,161.2,Retained,Filed Complaint
52333,0,24.0,Computer,3,8.0,E wallet,Male,2.0,3,Fashion,4,Married,3,0,11.0,3.0,3.0,2.0,205.96,Retained,No Complaint
52334,0,14.0,Computer,1,28.0,Debit Card,Female,3.0,3,Laptop & Accessory,1,Married,4,1,14.0,2.0,3.0,3.0,154.67,Retained,Filed Complaint
52335,0,10.0,Phone,1,10.0,Debit Card,Male,3.0,3,Mobile,3,Married,8,1,15.0,1.0,1.0,3.0,129.96,Retained,Filed Complaint
52336,0,6.0,Computer,3,11.0,Debit Card,Male,3.0,3,Laptop & Accessory,1,Married,7,0,13.0,1.0,1.0,2.0,199.98,Retained,No Complaint
52337,0,5.0,Phone,3,8.0,E wallet,Male,2.0,3,Laptop & Accessory,4,Married,1,1,13.0,1.0,1.0,2.0,140.78,Retained,Filed Complaint
52338,0,12.0,Computer,1,31.0,Debit Card,Male,3.0,3,Fashion,3,Married,4,0,21.0,0.0,1.0,3.0,209.2,Retained,No Complaint
52339,0,0.0,Mobile Phone,3,24.0,Debit Card,Male,3.0,1,Laptop & Accessory,3,Married,3,0,11.0,1.0,1.0,2.0,162.32,Retained,No Complaint
52340,0,25.0,Computer,1,34.0,Credit Card,Female,2.0,1,Grocery,3,Married,3,1,11.0,1.0,2.0,2.0,232.47000000000003,Retained,Filed Complaint
52341,0,16.0,Phone,1,12.0,Credit Card,Female,3.0,4,Laptop & Accessory,3,Single,2,1,14.0,0.0,1.0,8.0,140.81,Retained,Filed Complaint
52342,0,0.0,Mobile Phone,3,16.0,E wallet,Female,3.0,4,Laptop & Accessory,1,Married,2,1,11.0,1.0,4.0,4.0,157.69,Retained,Filed Complaint
52343,1,0.0,Phone,1,14.0,Debit Card,Female,2.0,3,Mobile,3,Single,2,1,13.0,4.0,7.0,7.0,123.94,Churned,Filed Complaint
52344,0,0.0,Phone,1,8.0,Credit Card,Male,2.0,4,Mobile,1,Single,1,0,12.0,1.0,1.0,1.0,139.04,Retained,No Complaint
52345,0,15.0,Mobile Phone,2,16.0,UPI,Female,2.0,3,Grocery,5,Married,1,0,14.0,1.0,1.0,9.0,267.99,Retained,No Complaint
52346,0,25.0,Phone,1,14.0,UPI,Female,3.0,3,Mobile,5,Married,10,0,13.0,1.0,1.0,4.0,129.5,Retained,No Complaint
52347,0,10.0,Phone,1,17.0,Credit Card,Female,3.0,3,Mobile,3,Single,5,0,18.0,1.0,1.0,2.0,136.29,Retained,No Complaint
52348,0,8.0,Computer,1,24.0,Debit Card,Male,2.0,3,Fashion,1,Single,3,0,11.0,2.0,2.0,2.0,193.62,Retained,No Complaint
52349,0,0.0,Phone,1,7.0,Cash on Delivery,Male,2.0,3,Mobile,1,Married,5,0,11.0,0.0,1.0,2.0,132.29,Retained,No Complaint
52350,0,0.0,Phone,1,13.0,UPI,Male,3.0,1,Mobile,5,Single,1,0,12.0,0.0,1.0,7.0,135.78,Retained,No Complaint
52351,0,2.0,Mobile Phone,2,23.0,UPI,Male,2.0,4,Fashion,5,Single,2,0,13.0,0.0,1.0,9.0,179.88,Retained,No Complaint
52352,1,12.0,Computer,1,34.0,Debit Card,Male,3.0,4,Laptop & Accessory,5,Single,4,0,20.0,0.0,1.0,3.0,142.84,Churned,No Complaint
52353,1,0.0,Computer,1,20.0,UPI,Female,2.0,3,Fashion,1,Single,1,1,12.0,4.0,7.0,7.0,175.53,Churned,Filed Complaint
52354,0,27.0,Mobile Phone,1,7.0,Credit Card,Female,2.0,3,Grocery,1,Single,7,0,19.0,1.0,12.0,7.0,273.28,Retained,No Complaint
52355,0,30.0,Mobile Phone,1,7.0,Credit Card,Female,3.0,3,Others,5,Married,4,1,15.0,1.0,1.0,5.0,297.01,Retained,Filed Complaint
52356,0,28.0,Mobile Phone,1,7.0,Credit Card,Male,2.0,1,Grocery,1,Married,3,0,13.0,0.0,2.0,0.0,247.32,Retained,No Complaint
52357,0,9.0,Mobile Phone,3,9.0,E wallet,Female,3.0,3,Laptop & Accessory,4,Single,4,1,16.0,0.0,1.0,1.0,192.78,Retained,Filed Complaint
52358,1,9.0,Computer,3,7.0,Debit Card,Female,2.0,5,Mobile,3,Single,2,0,12.0,0.0,1.0,0.0,113.59,Churned,No Complaint
52359,0,3.0,Phone,3,13.0,E wallet,Female,3.0,3,Laptop & Accessory,5,Married,8,0,14.0,1.0,1.0,2.0,147.79,Retained,No Complaint
52360,0,4.0,Mobile Phone,1,14.0,Debit Card,Female,3.0,3,Grocery,4,Single,4,0,11.0,1.0,1.0,0.0,264.22,Retained,No Complaint
52361,0,7.0,Computer,1,7.0,UPI,Male,3.0,3,Mobile,5,Married,6,0,14.0,1.0,1.0,3.0,129.96,Retained,No Complaint
52362,1,9.0,Mobile Phone,1,14.0,Debit Card,Female,2.0,4,Mobile,4,Single,2,0,12.0,0.0,1.0,0.0,112.61000000000001,Churned,No Complaint
52363,0,9.0,Phone,1,17.0,Debit Card,Male,3.0,3,Mobile,5,Married,1,0,14.0,1.0,1.0,4.0,120.99000000000001,Retained,No Complaint
52364,0,9.0,Mobile Phone,1,10.0,Debit Card,Male,2.0,4,Laptop & Accessory,1,Single,2,0,16.0,0.0,1.0,8.0,158.1,Retained,No Complaint
52365,0,9.0,Mobile Phone,3,22.0,E wallet,Female,3.0,4,Laptop & Accessory,5,Married,5,0,13.0,1.0,1.0,2.0,156.47,Retained,No Complaint
52366,0,20.0,Phone,1,7.0,Cash on Delivery,Male,3.0,3,Mobile,1,Married,8,0,12.0,1.0,1.0,2.0,134.2,Retained,No Complaint
52367,1,0.0,Phone,3,15.0,Debit Card,Male,3.0,4,Mobile,5,Married,4,0,12.0,2.0,2.0,2.0,144.0,Churned,No Complaint
52368,0,10.0,Computer,1,11.0,Cash on Delivery,Male,2.0,1,Mobile,3,Single,1,0,14.0,0.0,1.0,3.0,135.0,Retained,No Complaint
52369,0,9.0,Phone,1,7.0,Debit Card,Female,2.0,3,Mobile,5,Married,3,0,22.0,0.0,1.0,0.0,120.66,Retained,No Complaint
52370,0,20.0,Mobile Phone,1,8.0,Credit Card,Female,2.0,3,Grocery,3,Married,4,0,19.0,1.0,5.0,6.0,271.69,Retained,No Complaint
52371,0,0.0,Phone,3,10.0,Credit Card,Female,2.0,3,Laptop & Accessory,3,Married,2,1,12.0,1.0,1.0,3.0,141.62,Retained,Filed Complaint
52372,0,5.0,Mobile Phone,3,13.0,E wallet,Male,3.0,3,Laptop & Accessory,1,Married,5,0,12.0,0.0,1.0,3.0,192.04,Retained,No Complaint
52373,0,7.0,Phone,1,7.0,Debit Card,Female,2.0,4,Mobile,4,Married,6,0,17.0,1.0,1.0,2.0,132.94,Retained,No Complaint
52374,0,9.0,Phone,1,11.0,Credit Card,Male,2.0,1,Mobile,3,Married,3,1,12.0,0.0,1.0,3.0,121.27000000000001,Retained,Filed Complaint
52375,0,13.0,Computer,1,15.0,UPI,Male,2.0,3,Laptop & Accessory,3,Married,4,0,11.0,0.0,1.0,7.0,139.75,Retained,No Complaint
52376,0,4.0,Mobile Phone,3,14.0,Debit Card,Male,2.0,3,Fashion,1,Married,2,0,18.0,2.0,9.0,9.0,207.93,Retained,No Complaint
52377,1,9.0,Mobile Phone,3,15.0,E wallet,Male,2.0,3,Fashion,1,Married,5,0,11.0,4.0,4.0,3.0,200.96,Churned,No Complaint
52378,1,2.0,Computer,1,8.0,Debit Card,Female,2.0,4,Mobile,5,Single,3,1,23.0,0.0,1.0,0.0,136.46,Churned,Filed Complaint
52379,1,0.0,Computer,1,7.0,Debit Card,Female,3.0,1,Fashion,4,Single,2,0,11.0,1.0,4.0,7.0,174.46,Churned,No Complaint
52380,0,18.0,Mobile Phone,1,26.0,Credit Card,Male,3.0,5,Fashion,5,Married,3,1,18.0,1.0,1.0,7.0,208.51,Retained,Filed Complaint
52381,0,9.0,Phone,2,14.0,Credit Card,Female,3.0,1,Mobile,4,Single,10,0,18.0,1.0,1.0,2.0,121.09,Retained,No Complaint
52382,1,0.0,Computer,1,8.0,Debit Card,Male,3.0,3,Mobile,1,Married,7,1,13.0,0.0,2.0,2.0,137.22,Churned,Filed Complaint
52383,0,18.0,Mobile Phone,1,35.0,Cash on Delivery,Male,2.0,3,Fashion,1,Married,5,1,18.0,1.0,1.0,2.0,193.8,Retained,Filed Complaint
52384,0,21.0,Mobile Phone,3,13.0,E wallet,Male,3.0,3,Laptop & Accessory,5,Married,5,0,11.0,0.0,2.0,2.0,154.86,Retained,No Complaint
52385,1,0.0,Phone,2,15.0,Cash on Delivery,Female,3.0,3,Mobile,3,Married,2,0,15.0,2.0,2.0,2.0,127.41999999999999,Churned,No Complaint
52386,0,13.0,Computer,1,14.0,Credit Card,Male,2.0,4,Fashion,4,Married,3,0,11.0,4.0,2.0,8.0,237.57,Retained,No Complaint
52387,0,1.0,Mobile Phone,3,11.0,Credit Card,Male,2.0,3,Laptop & Accessory,5,Single,1,0,18.0,0.0,1.0,3.0,184.63,Retained,No Complaint
52388,0,17.0,Computer,1,11.0,Debit Card,Male,2.0,4,Mobile,3,Single,4,0,14.0,0.0,1.0,3.0,131.62,Retained,No Complaint
52389,0,26.0,Mobile Phone,1,8.0,Credit Card,Male,2.0,1,Grocery,4,Single,5,0,12.0,1.0,8.0,8.0,265.98,Retained,No Complaint
52390,0,22.0,Mobile Phone,1,11.0,Cash on Delivery,Male,3.0,3,Laptop & Accessory,3,Married,3,0,14.0,0.0,1.0,2.0,166.51,Retained,No Complaint
52391,0,13.0,Phone,1,14.0,Credit Card,Male,3.0,3,Mobile,3,Married,3,0,14.0,1.0,1.0,2.0,123.44999999999999,Retained,No Complaint
52392,0,17.0,Phone,1,26.0,Debit Card,Male,2.0,3,Mobile,4,Single,2,0,13.0,1.0,1.0,3.0,134.2,Retained,No Complaint
52393,0,6.0,Computer,3,13.0,Credit Card,Male,2.0,3,Laptop & Accessory,5,Married,1,0,14.0,1.0,1.0,3.0,143.73,Retained,No Complaint
52394,0,7.0,Phone,3,9.0,UPI,Male,2.0,5,Laptop & Accessory,5,Single,4,0,18.0,2.0,3.0,12.0,147.59,Retained,No Complaint
52395,0,3.0,Mobile Phone,3,22.0,Debit Card,Male,3.0,3,Laptop & Accessory,3,Married,9,0,15.0,1.0,2.0,2.0,153.01,Retained,No Complaint
52396,0,15.0,Computer,1,15.0,Credit Card,Female,3.0,3,Mobile,1,Single,2,0,13.0,0.0,5.0,8.0,136.73,Retained,No Complaint
52397,0,17.0,Computer,3,7.0,E wallet,Female,3.0,3,Laptop & Accessory,3,Married,8,0,12.0,0.0,1.0,0.0,147.68,Retained,No Complaint
52398,0,9.0,Computer,1,13.0,Cash on Delivery,Male,3.0,3,Mobile,3,Married,2,0,13.0,0.0,1.0,0.0,112.74000000000001,Retained,No Complaint
52399,0,30.0,Phone,1,7.0,Debit Card,Male,3.0,1,Laptop & Accessory,3,Married,1,0,24.0,1.0,2.0,8.0,149.0,Retained,No Complaint
52400,0,22.0,Mobile Phone,1,13.0,Debit Card,Male,2.0,3,Fashion,4,Married,4,0,14.0,0.0,1.0,7.0,204.66,Retained,No Complaint
52401,0,7.0,Computer,1,21.0,Credit Card,Male,3.0,3,Grocery,5,Married,8,0,14.0,1.0,6.0,9.0,270.07,Retained,No Complaint
52402,1,0.0,Computer,3,7.0,Cash on Delivery,Male,3.0,3,Mobile,3,Married,4,0,15.0,1.0,1.0,2.0,129.09,Churned,No Complaint
52403,1,0.0,Computer,3,19.0,Cash on Delivery,Female,2.0,3,Laptop & Accessory,4,Single,6,0,11.0,1.0,1.0,0.0,157.65,Churned,No Complaint
52404,1,0.0,Phone,3,30.0,Credit Card,Female,2.0,4,Laptop & Accessory,4,Single,1,1,23.0,4.0,10.0,10.0,145.99,Churned,Filed Complaint
52405,0,8.0,Phone,3,14.0,Debit Card,Male,3.0,3,Mobile,3,Married,2,0,13.0,0.0,1.0,0.0,124.03999999999999,Retained,No Complaint
52406,1,0.0,Computer,1,15.0,Credit Card,Male,2.0,3,Mobile,5,Single,3,1,11.0,0.0,1.0,0.0,131.72,Churned,Filed Complaint
52407,0,9.0,Computer,3,19.0,Debit Card,Female,3.0,3,Mobile,4,Married,2,0,13.0,0.0,1.0,0.0,120.33000000000001,Retained,No Complaint
52408,0,17.0,Computer,1,8.0,Credit Card,Male,2.0,3,Fashion,3,Single,6,1,18.0,2.0,2.0,2.0,202.09,Retained,Filed Complaint
52409,0,2.0,Mobile Phone,3,25.0,Debit Card,Male,3.0,4,Laptop & Accessory,3,Married,2,0,14.0,1.0,1.0,4.0,186.2,Retained,No Complaint
52410,0,9.0,Phone,2,7.0,Debit Card,Male,2.0,3,Mobile,3,Married,1,0,21.0,0.0,1.0,3.0,120.63999999999999,Retained,No Complaint
52411,0,28.0,Phone,1,10.0,Debit Card,Male,1.0,3,Laptop & Accessory,3,Married,1,1,16.0,1.0,1.0,2.0,140.35,Retained,Filed Complaint
52412,0,6.0,Phone,1,10.0,Credit Card,Female,2.0,4,Mobile,4,Married,9,0,11.0,1.0,1.0,2.0,138.38,Retained,No Complaint
52413,0,20.0,Phone,3,20.0,Credit Card,Female,3.0,3,Laptop & Accessory,3,Married,4,1,17.0,1.0,1.0,2.0,145.91,Retained,Filed Complaint
52414,1,0.0,Computer,1,14.0,Credit Card,Male,2.0,4,Mobile,5,Single,8,0,11.0,1.0,1.0,0.0,125.61000000000001,Churned,No Complaint
52415,0,9.0,Mobile Phone,1,7.0,Debit Card,Male,3.0,4,Mobile,3,Married,2,0,14.0,0.0,1.0,0.0,115.63,Retained,No Complaint
52416,0,1.0,Computer,3,13.0,Debit Card,Male,2.0,3,Laptop & Accessory,5,Single,1,0,14.0,1.0,1.0,3.0,148.98,Retained,No Complaint
52417,0,22.0,Phone,1,9.0,Credit Card,Female,2.0,4,Laptop & Accessory,5,Married,5,0,25.0,0.0,1.0,2.0,147.89,Retained,No Complaint
52418,0,2.0,Computer,1,8.0,Debit Card,Female,3.0,3,Mobile,4,Married,1,0,13.0,1.0,1.0,2.0,131.8,Retained,No Complaint
52419,0,1.0,Mobile Phone,1,35.0,Debit Card,Male,3.0,5,Laptop & Accessory,4,Married,2,0,14.0,0.0,1.0,7.0,165.49,Retained,No Complaint
52420,0,6.0,Mobile Phone,1,14.0,Debit Card,Male,3.0,3,Laptop & Accessory,3,Single,3,1,17.0,1.0,1.0,0.0,163.88,Retained,Filed Complaint
52421,0,5.0,Mobile Phone,1,16.0,Credit Card,Male,3.0,3,Fashion,1,Single,3,0,25.0,0.0,1.0,3.0,212.44,Retained,No Complaint
52422,0,27.0,Computer,1,17.0,Credit Card,Female,2.0,3,Grocery,1,Married,4,0,20.0,0.0,2.0,12.0,260.32,Retained,No Complaint
52423,1,0.0,Phone,1,14.0,Cash on Delivery,Male,3.0,4,Mobile,5,Single,7,0,13.0,1.0,1.0,7.0,123.62,Churned,No Complaint
52424,0,17.0,Mobile Phone,1,34.0,Debit Card,Male,2.0,3,Grocery,5,Married,4,0,13.0,1.0,14.0,17.0,263.28,Retained,No Complaint
52425,0,12.0,Mobile Phone,1,12.0,Debit Card,Female,2.0,3,Fashion,4,Single,5,0,18.0,2.0,2.0,2.0,183.76,Retained,No Complaint
52426,0,19.0,Mobile Phone,3,9.0,Debit Card,Female,2.0,3,Grocery,4,Married,9,0,12.0,1.0,5.0,1.0,266.06,Retained,No Complaint
52427,0,8.0,Mobile Phone,1,22.0,Debit Card,Female,3.0,4,Fashion,4,Single,2,0,19.0,3.0,3.0,3.0,186.06,Retained,No Complaint
52428,0,9.0,Phone,1,26.0,Debit Card,Male,3.0,3,Laptop & Accessory,3,Single,1,0,14.0,1.0,1.0,2.0,122.72,Retained,No Complaint
52429,1,9.0,Mobile Phone,1,15.0,Debit Card,Male,2.0,3,Mobile,5,Single,4,0,14.0,1.0,1.0,0.0,120.18,Churned,No Complaint
52430,0,7.0,Mobile Phone,3,7.0,Cash on Delivery,Male,3.0,4,Fashion,3,Married,2,1,14.0,7.0,8.0,6.0,170.83,Retained,Filed Complaint
52431,1,0.0,Computer,1,9.0,Debit Card,Female,2.0,3,Mobile,3,Single,2,0,12.0,2.0,7.0,7.0,140.84,Churned,No Complaint
52432,0,23.0,Computer,1,28.0,Credit Card,Male,2.0,5,Grocery,1,Single,2,1,13.0,1.0,2.0,9.0,244.11,Retained,Filed Complaint
52433,0,9.0,Phone,3,13.0,Cash on Delivery,Male,2.0,3,Mobile,3,Married,1,1,25.0,3.0,5.0,7.0,123.08000000000001,Retained,Filed Complaint
52434,0,15.0,Phone,1,8.0,Credit Card,Male,3.0,4,Mobile,4,Married,5,0,14.0,0.0,1.0,0.0,148.41,Retained,No Complaint
52435,0,10.0,Phone,1,19.0,Credit Card,Male,2.0,3,Laptop & Accessory,1,Married,2,0,17.0,2.0,3.0,7.0,142.85,Retained,No Complaint
52436,0,2.0,Mobile Phone,1,14.0,UPI,Female,2.0,5,Laptop & Accessory,5,Married,4,0,13.0,1.0,1.0,7.0,197.15,Retained,No Complaint
52437,0,6.0,Phone,1,31.0,Debit Card,Male,2.0,4,Laptop & Accessory,4,Single,2,0,13.0,1.0,1.0,2.0,143.2,Retained,No Complaint
52438,0,9.0,Phone,1,34.0,Cash on Delivery,Male,3.0,3,Mobile,1,Married,5,0,20.0,1.0,1.0,3.0,121.32,Retained,No Complaint
52439,0,15.0,Computer,1,8.0,Debit Card,Male,2.0,3,Fashion,1,Married,3,1,14.0,4.0,13.0,9.0,201.24,Retained,Filed Complaint
52440,0,13.0,Mobile Phone,3,15.0,Credit Card,Male,2.0,3,Laptop & Accessory,5,Married,1,0,12.0,7.0,7.0,1.0,154.73,Retained,No Complaint
52441,0,6.0,Mobile Phone,1,34.0,Debit Card,Male,3.0,3,Laptop & Accessory,3,Married,2,1,12.0,4.0,5.0,7.0,152.07,Retained,Filed Complaint
52442,0,13.0,Mobile Phone,2,12.0,Credit Card,Male,2.0,3,Grocery,1,Single,2,1,21.0,1.0,7.0,7.0,264.37,Retained,Filed Complaint
52443,0,9.0,Phone,1,27.0,Cash on Delivery,Male,2.0,4,Mobile,5,Married,1,0,14.0,0.0,1.0,0.0,122.96000000000001,Retained,No Complaint
52444,0,13.0,Computer,1,14.0,Debit Card,Male,3.0,3,Laptop & Accessory,1,Married,4,1,18.0,1.0,2.0,2.0,140.69,Retained,Filed Complaint
52445,0,18.0,Mobile Phone,1,7.0,Cash on Delivery,Male,3.0,3,Fashion,4,Married,2,0,12.0,3.0,7.0,7.0,174.41,Retained,No Complaint
52446,0,8.0,Phone,3,14.0,Debit Card,Female,3.0,4,Mobile,3,Married,1,0,23.0,2.0,4.0,2.0,124.30000000000001,Retained,No Complaint
52447,0,5.0,Mobile Phone,1,11.0,Debit Card,Female,3.0,4,Laptop & Accessory,4,Married,4,0,12.0,1.0,2.0,5.0,158.78,Retained,No Complaint
52448,0,9.0,Phone,3,14.0,Debit Card,Male,3.0,3,Mobile,1,Single,4,1,21.0,1.0,1.0,2.0,126.44,Retained,Filed Complaint
52449,0,21.0,Mobile Phone,3,22.0,Debit Card,Female,3.0,3,Laptop & Accessory,3,Married,9,0,14.0,7.0,7.0,7.0,164.39,Retained,No Complaint
52450,0,2.0,Phone,1,14.0,Debit Card,Male,3.0,1,Mobile,3,Married,7,0,18.0,0.0,1.0,0.0,124.50999999999999,Retained,No Complaint
52451,0,6.0,Mobile Phone,3,14.0,Debit Card,Male,2.0,3,Laptop & Accessory,5,Married,3,0,13.0,2.0,2.0,2.0,163.92,Retained,No Complaint
52452,1,0.0,Mobile Phone,3,7.0,Debit Card,Male,3.0,4,Laptop & Accessory,5,Married,2,0,11.0,1.0,6.0,7.0,197.14,Churned,No Complaint
52453,0,11.0,Computer,2,16.0,UPI,Male,3.0,3,Laptop & Accessory,3,Married,4,0,11.0,0.0,1.0,2.0,160.77,Retained,No Complaint
52454,0,8.0,Phone,1,14.0,Credit Card,Male,3.0,4,Mobile,5,Single,2,0,19.0,1.0,1.0,2.0,124.5,Retained,No Complaint
52455,0,7.0,Mobile Phone,3,35.0,Cash on Delivery,Male,2.0,3,Fashion,4,Married,4,0,12.0,1.0,1.0,3.0,192.5,Retained,No Complaint
52456,1,9.0,Phone,1,8.0,Debit Card,Female,3.0,3,Mobile,5,Married,2,1,12.0,1.0,1.0,0.0,120.74000000000001,Churned,Filed Complaint
52457,1,16.0,Mobile Phone,1,8.0,Cash on Delivery,Female,3.0,4,Fashion,1,Married,1,0,16.0,0.0,1.0,9.0,201.69,Churned,No Complaint
52458,1,1.0,Phone,1,8.0,Credit Card,Male,2.0,3,Laptop & Accessory,4,Married,5,0,11.0,1.0,1.0,4.0,148.55,Churned,No Complaint
52459,0,5.0,Computer,1,7.0,Cash on Delivery,Male,3.0,3,Laptop & Accessory,5,Married,5,0,14.0,0.0,1.0,2.0,140.87,Retained,No Complaint
52460,0,21.0,Phone,1,14.0,UPI,Female,3.0,3,Mobile,5,Married,9,0,12.0,6.0,7.0,6.0,123.66999999999999,Retained,No Complaint
52461,0,7.0,Phone,1,13.0,Credit Card,Male,3.0,3,Mobile,1,Single,2,0,13.0,0.0,1.0,0.0,129.72,Retained,No Complaint
52462,0,28.0,Mobile Phone,3,32.0,E wallet,Male,2.0,4,Others,1,Married,2,0,15.0,0.0,2.0,13.0,295.86,Retained,No Complaint
52463,0,7.0,Mobile Phone,1,7.0,Debit Card,Male,2.0,3,Laptop & Accessory,1,Married,10,0,17.0,0.0,2.0,1.0,154.84,Retained,No Complaint
52464,0,9.0,Phone,1,9.0,Debit Card,Female,2.0,3,Mobile,1,Married,2,0,21.0,1.0,1.0,0.0,120.61000000000001,Retained,No Complaint
52465,0,11.0,Mobile Phone,3,20.0,Debit Card,Male,3.0,3,Laptop & Accessory,4,Married,1,0,11.0,3.0,7.0,7.0,199.24,Retained,No Complaint
52466,0,11.0,Phone,3,22.0,Debit Card,Female,2.0,3,Laptop & Accessory,4,Single,3,0,12.0,1.0,1.0,2.0,141.98,Retained,No Complaint
52467,0,9.0,Mobile Phone,3,7.0,Debit Card,Female,3.0,3,Laptop & Accessory,3,Single,7,0,13.0,1.0,1.0,0.0,168.15,Retained,No Complaint
52468,0,2.0,Phone,1,9.0,Credit Card,Male,2.0,3,Mobile,5,Single,2,1,18.0,0.0,1.0,5.0,147.23,Retained,Filed Complaint
52469,0,8.0,Mobile Phone,1,16.0,Credit Card,Female,2.0,3,Laptop & Accessory,3,Single,4,1,16.0,0.0,1.0,4.0,161.42,Retained,Filed Complaint
52470,0,12.0,Mobile Phone,3,12.0,Credit Card,Male,2.0,1,Fashion,3,Married,3,0,11.0,3.0,7.0,6.0,182.37,Retained,No Complaint
52471,0,2.0,Computer,1,8.0,Debit Card,Male,2.0,3,Laptop & Accessory,1,Married,2,0,19.0,1.0,1.0,3.0,188.53,Retained,No Complaint
52472,0,23.0,Mobile Phone,3,15.0,E wallet,Male,2.0,3,Others,3,Married,5,1,15.0,0.0,1.0,0.0,293.31,Retained,Filed Complaint
52473,0,9.0,Phone,1,16.0,Cash on Delivery,Male,2.0,1,Mobile,3,Married,3,0,16.0,0.0,2.0,2.0,120.72999999999999,Retained,No Complaint
52474,0,9.0,Computer,1,12.0,Debit Card,Male,3.0,1,Laptop & Accessory,5,Married,4,1,13.0,0.0,1.0,2.0,155.62,Retained,Filed Complaint
52475,0,15.0,Mobile Phone,1,15.0,UPI,Male,3.0,4,Others,1,Single,9,0,15.0,1.0,1.0,1.0,296.13,Retained,No Complaint
52476,0,8.0,Phone,1,34.0,Debit Card,Male,2.0,1,Laptop & Accessory,3,Married,2,0,17.0,6.0,6.0,8.0,134.07,Retained,No Complaint
52477,0,7.0,Computer,1,16.0,Cash on Delivery,Male,3.0,4,Laptop & Accessory,3,Married,2,0,14.0,1.0,7.0,7.0,150.63,Retained,No Complaint
52478,0,13.0,Phone,3,20.0,Debit Card,Female,2.0,3,Laptop & Accessory,5,Married,2,0,15.0,0.0,1.0,2.0,146.39,Retained,No Complaint
52479,0,16.0,Phone,1,33.0,Cash on Delivery,Male,2.0,1,Mobile,4,Married,6,0,12.0,1.0,1.0,2.0,148.76,Retained,No Complaint
52480,0,8.0,Phone,1,13.0,Debit Card,Male,3.0,4,Mobile,1,Married,2,0,18.0,1.0,1.0,1.0,126.9,Retained,No Complaint
52481,0,19.0,Mobile Phone,3,7.0,Debit Card,Male,2.0,1,Grocery,5,Single,2,0,15.0,1.0,1.0,12.0,275.67,Retained,No Complaint
52482,1,0.0,Phone,1,14.0,Credit Card,Male,2.0,3,Mobile,4,Married,2,1,17.0,0.0,1.0,0.0,124.08000000000001,Churned,Filed Complaint
52483,0,0.0,Computer,1,32.0,UPI,Female,3.0,4,Mobile,3,Married,2,1,14.0,1.0,1.0,3.0,128.14,Retained,Filed Complaint
52484,0,23.0,Computer,1,26.0,Credit Card,Male,2.0,3,Grocery,3,Married,3,1,15.0,0.0,12.0,3.0,212.45,Retained,Filed Complaint
52485,0,5.0,Phone,1,11.0,UPI,Female,2.0,1,Mobile,1,Married,4,0,17.0,1.0,1.0,2.0,133.12,Retained,No Complaint
52486,0,17.0,Mobile Phone,1,13.0,Credit Card,Female,2.0,3,Others,1,Married,1,1,14.0,1.0,1.0,10.0,290.49,Retained,Filed Complaint
52487,0,9.0,Phone,1,13.0,Credit Card,Male,2.0,4,Mobile,4,Married,2,0,12.0,1.0,1.0,1.0,121.41,Retained,No Complaint
52488,0,18.0,Mobile Phone,1,11.0,Credit Card,Female,2.0,5,Laptop & Accessory,5,Single,2,1,14.0,0.0,1.0,4.0,157.69,Retained,Filed Complaint
52489,0,18.0,Computer,3,32.0,E wallet,Male,2.0,4,Laptop & Accessory,5,Married,2,0,15.0,3.0,4.0,5.0,143.85,Retained,No Complaint
52490,0,4.0,Computer,3,8.0,UPI,Male,2.0,3,Laptop & Accessory,5,Single,8,0,13.0,1.0,1.0,3.0,153.32,Retained,No Complaint
52491,0,9.0,Phone,1,18.0,Debit Card,Female,3.0,3,Laptop & Accessory,3,Married,10,1,12.0,0.0,1.0,1.0,146.63,Retained,Filed Complaint
52492,0,7.0,Computer,1,16.0,Debit Card,Male,2.0,1,Laptop & Accessory,1,Married,2,0,13.0,3.0,7.0,2.0,147.24,Retained,No Complaint
52493,0,22.0,Phone,1,31.0,Debit Card,Female,2.0,3,Mobile,5,Married,2,0,14.0,1.0,1.0,4.0,132.11,Retained,No Complaint
52494,0,12.0,Mobile Phone,1,16.0,Credit Card,Male,3.0,3,Laptop & Accessory,5,Married,3,0,13.0,3.0,7.0,7.0,153.77,Retained,No Complaint
52495,0,0.0,Phone,1,25.0,UPI,Male,3.0,4,Mobile,5,Married,2,0,11.0,0.0,1.0,7.0,140.66,Retained,No Complaint
52496,0,8.0,Mobile Phone,1,24.0,Debit Card,Male,2.0,1,Laptop & Accessory,5,Married,2,0,11.0,1.0,1.0,10.0,152.08,Retained,No Complaint
52497,0,1.0,Phone,1,33.0,Credit Card,Female,2.0,5,Laptop & Accessory,5,Married,1,0,21.0,1.0,1.0,0.0,148.77,Retained,No Complaint
52498,0,0.0,Phone,1,11.0,Credit Card,Male,3.0,3,Mobile,1,Single,2,0,18.0,0.0,2.0,2.0,131.17,Retained,No Complaint
52499,1,9.0,Computer,3,9.0,Credit Card,Female,3.0,3,Mobile,1,Single,2,1,12.0,1.0,1.0,0.0,115.69,Churned,Filed Complaint
52500,0,20.0,Mobile Phone,2,32.0,Debit Card,Female,3.0,3,Others,3,Married,4,0,15.0,1.0,1.0,0.0,296.58,Retained,No Complaint
52501,0,12.0,Phone,1,9.0,Credit Card,Male,3.0,4,Laptop & Accessory,3,Married,1,0,15.0,0.0,1.0,7.0,130.69,Retained,No Complaint
52502,0,13.0,Mobile Phone,1,21.0,Debit Card,Female,3.0,4,Fashion,3,Married,2,0,13.0,6.0,14.0,12.0,204.35,Retained,No Complaint
52503,0,8.0,Computer,1,14.0,Debit Card,Female,2.0,3,Laptop & Accessory,3,Married,2,0,12.0,0.0,2.0,9.0,141.48,Retained,No Complaint
52504,0,10.0,Mobile Phone,1,25.0,Debit Card,Male,2.0,3,Laptop & Accessory,3,Married,4,0,17.0,0.0,1.0,2.0,157.68,Retained,No Complaint
52505,0,12.0,Computer,1,10.0,Credit Card,Female,2.0,3,Laptop & Accessory,3,Single,1,0,13.0,3.0,3.0,8.0,150.42,Retained,No Complaint
52506,0,18.0,Mobile Phone,1,8.0,UPI,Female,2.0,4,Laptop & Accessory,1,Married,2,0,19.0,3.0,3.0,9.0,157.7,Retained,No Complaint
52507,0,11.0,Mobile Phone,1,8.0,Credit Card,Female,2.0,4,Fashion,3,Married,4,1,19.0,0.0,1.0,2.0,177.56,Retained,Filed Complaint
52508,1,0.0,Mobile Phone,3,16.0,Credit Card,Male,2.0,4,Fashion,5,Married,10,0,17.0,0.0,6.0,0.0,203.06,Churned,No Complaint
52509,0,10.0,Phone,1,16.0,Credit Card,Female,3.0,3,Mobile,4,Married,2,0,11.0,4.0,7.0,7.0,139.36,Retained,No Complaint
52510,0,13.0,Mobile Phone,1,22.0,Debit Card,Female,2.0,3,Fashion,1,Single,7,1,15.0,3.0,3.0,3.0,179.45,Retained,Filed Complaint
52511,0,17.0,Computer,2,7.0,UPI,Male,2.0,3,Laptop & Accessory,1,Married,5,1,11.0,1.0,1.0,2.0,157.43,Retained,Filed Complaint
52512,0,21.0,Computer,1,10.0,Credit Card,Male,2.0,4,Grocery,1,Married,3,0,25.0,0.0,2.0,2.0,252.01999999999998,Retained,No Complaint
52513,1,0.0,Mobile Phone,3,21.0,Credit Card,Male,2.0,5,Laptop & Accessory,1,Married,7,1,14.0,0.0,2.0,2.0,154.4,Churned,Filed Complaint
52514,0,0.0,Computer,1,8.0,Cash on Delivery,Female,2.0,3,Mobile,1,Single,2,1,13.0,0.0,1.0,3.0,137.6,Retained,Filed Complaint
52515,0,0.0,Phone,1,14.0,Credit Card,Female,2.0,1,Mobile,3,Married,8,0,17.0,0.0,1.0,2.0,135.17,Retained,No Complaint
52516,0,0.0,Computer,1,14.0,Credit Card,Male,2.0,3,Mobile,1,Single,3,0,13.0,0.0,1.0,2.0,125.80000000000001,Retained,No Complaint
52517,1,9.0,Phone,1,13.0,Debit Card,Male,3.0,3,Mobile,5,Single,4,1,14.0,0.0,1.0,3.0,121.66,Churned,Filed Complaint
52518,0,2.0,Mobile Phone,3,16.0,Credit Card,Male,2.0,4,Laptop & Accessory,3,Single,10,0,11.0,1.0,1.0,4.0,158.69,Retained,No Complaint
52519,0,9.0,Mobile Phone,1,11.0,Debit Card,Female,2.0,3,Fashion,5,Married,5,0,12.0,1.0,1.0,2.0,180.08,Retained,No Complaint
52520,0,0.0,Computer,1,8.0,Debit Card,Male,3.0,1,Laptop & Accessory,3,Married,2,0,17.0,1.0,1.0,7.0,152.06,Retained,No Complaint
52521,0,12.0,Mobile Phone,1,18.0,Credit Card,Male,3.0,3,Laptop & Accessory,4,Married,5,0,21.0,1.0,1.0,0.0,152.95,Retained,No Complaint
52522,0,22.0,Mobile Phone,1,28.0,UPI,Female,3.0,3,Grocery,4,Married,4,0,16.0,1.0,1.0,2.0,264.13,Retained,No Complaint
52523,0,23.0,Mobile Phone,1,23.0,Debit Card,Female,2.0,4,Fashion,5,Married,6,0,15.0,0.0,2.0,11.0,232.69,Retained,No Complaint
52524,0,0.0,Phone,3,8.0,Credit Card,Female,3.0,3,Mobile,3,Single,2,0,19.0,0.0,2.0,2.0,127.83000000000001,Retained,No Complaint
52525,0,7.0,Mobile Phone,1,9.0,Debit Card,Female,3.0,3,Laptop & Accessory,4,Married,2,0,12.0,1.0,7.0,9.0,154.33,Retained,No Complaint
52526,0,9.0,Mobile Phone,1,13.0,Debit Card,Male,3.0,3,Mobile,4,Single,3,0,11.0,0.0,1.0,3.0,120.13,Retained,No Complaint
52527,0,22.0,Mobile Phone,1,12.0,Debit Card,Female,2.0,4,Grocery,3,Married,3,1,19.0,2.0,2.0,12.0,239.66000000000003,Retained,Filed Complaint
52528,0,9.0,Computer,1,7.0,Credit Card,Female,2.0,4,Laptop & Accessory,3,Married,1,0,15.0,0.0,1.0,2.0,143.74,Retained,No Complaint
52529,0,9.0,Mobile Phone,1,9.0,Debit Card,Male,3.0,1,Laptop & Accessory,5,Married,7,0,20.0,0.0,1.0,4.0,168.42,Retained,No Complaint
52530,0,27.0,Mobile Phone,1,28.0,Credit Card,Female,3.0,3,Grocery,3,Married,4,0,25.0,1.0,4.0,7.0,274.26,Retained,No Complaint
52531,0,16.0,Mobile Phone,1,21.0,Debit Card,Male,3.0,4,Grocery,3,Married,2,0,24.0,1.0,6.0,11.0,276.03,Retained,No Complaint
52532,1,0.0,Computer,3,18.0,UPI,Male,2.0,3,Laptop & Accessory,1,Single,4,1,24.0,5.0,6.0,7.0,145.81,Churned,Filed Complaint
52533,0,11.0,Computer,1,7.0,Debit Card,Male,2.0,3,Laptop & Accessory,1,Married,8,0,15.0,1.0,2.0,9.0,147.35,Retained,No Complaint
52534,0,2.0,Phone,3,11.0,Credit Card,Male,2.0,4,Laptop & Accessory,4,Married,2,1,13.0,0.0,1.0,9.0,141.87,Retained,Filed Complaint
52535,0,6.0,Mobile Phone,3,8.0,Credit Card,Male,3.0,3,Laptop & Accessory,1,Married,2,0,14.0,1.0,1.0,4.0,155.05,Retained,No Complaint
52536,0,5.0,Mobile Phone,1,8.0,Credit Card,Male,2.0,3,Laptop & Accessory,4,Married,1,0,13.0,1.0,1.0,6.0,154.7,Retained,No Complaint
52537,0,4.0,Mobile Phone,3,11.0,Debit Card,Female,3.0,3,Laptop & Accessory,1,Married,2,0,11.0,0.0,1.0,2.0,154.76,Retained,No Complaint
52538,0,22.0,Phone,1,14.0,Credit Card,Female,3.0,3,Mobile,5,Married,5,1,16.0,0.0,2.0,2.0,125.87,Retained,Filed Complaint
52539,0,11.0,Computer,1,14.0,Credit Card,Female,2.0,4,Mobile,4,Single,2,0,22.0,0.0,3.0,3.0,124.4,Retained,No Complaint
52540,0,20.0,Mobile Phone,3,8.0,Debit Card,Female,2.0,1,Grocery,4,Married,7,0,14.0,1.0,2.0,2.0,259.72,Retained,No Complaint
52541,0,22.0,Mobile Phone,1,7.0,Debit Card,Male,2.0,3,Grocery,3,Single,5,0,14.0,1.0,2.0,0.0,253.79000000000002,Retained,No Complaint
52542,0,14.0,Mobile Phone,3,29.0,Debit Card,Male,3.0,3,Fashion,3,Single,4,1,16.0,0.0,1.0,2.0,170.82,Retained,Filed Complaint
52543,0,0.0,Phone,3,15.0,Debit Card,Male,3.0,3,Mobile,5,Single,2,0,11.0,0.0,1.0,2.0,127.28,Retained,No Complaint
52544,0,6.0,Computer,3,22.0,Debit Card,Female,2.0,3,Laptop & Accessory,1,Married,2,1,25.0,0.0,1.0,2.0,153.68,Retained,Filed Complaint
52545,0,9.0,Mobile Phone,1,32.0,Debit Card,Male,3.0,3,Laptop & Accessory,3,Married,7,0,14.0,1.0,1.0,2.0,153.47,Retained,No Complaint
52546,0,17.0,Phone,2,7.0,Debit Card,Female,2.0,3,Mobile,1,Married,5,1,18.0,2.0,2.0,2.0,131.95,Retained,Filed Complaint
52547,1,0.0,Phone,1,14.0,Credit Card,Male,3.0,4,Mobile,3,Single,2,1,11.0,1.0,1.0,2.0,139.89,Churned,Filed Complaint
52548,0,11.0,Phone,1,10.0,Credit Card,Female,2.0,3,Mobile,3,Married,8,0,19.0,0.0,1.0,0.0,133.06,Retained,No Complaint
52549,0,26.0,Mobile Phone,1,30.0,Credit Card,Male,2.0,1,Fashion,1,Married,4,0,15.0,0.0,1.0,2.0,170.05,Retained,No Complaint
52550,1,11.0,Computer,3,14.0,Credit Card,Female,3.0,3,Mobile,3,Married,3,1,11.0,1.0,7.0,7.0,126.55000000000001,Churned,Filed Complaint
52551,1,9.0,Mobile Phone,1,8.0,Debit Card,Male,3.0,3,Mobile,4,Single,2,0,12.0,0.0,1.0,0.0,113.93,Churned,No Complaint
52552,0,0.0,Computer,1,14.0,Credit Card,Male,3.0,3,Mobile,1,Single,2,0,20.0,0.0,5.0,7.0,125.69999999999999,Retained,No Complaint
52553,0,28.0,Phone,1,28.0,Cash on Delivery,Male,3.0,4,Mobile,4,Married,6,0,12.0,1.0,1.0,2.0,135.37,Retained,No Complaint
52554,0,7.0,Phone,1,11.0,Credit Card,Male,2.0,4,Laptop & Accessory,1,Married,2,0,14.0,0.0,4.0,13.0,139.86,Retained,No Complaint
52555,0,30.0,Mobile Phone,1,7.0,Credit Card,Male,3.0,5,Fashion,1,Married,4,0,20.0,1.0,1.0,0.0,208.82999999999998,Retained,No Complaint
52556,0,9.0,Phone,1,27.0,Credit Card,Male,3.0,1,Mobile,4,Married,2,0,18.0,0.0,2.0,13.0,120.28,Retained,No Complaint
52557,0,10.0,Computer,3,7.0,Credit Card,Male,2.0,5,Laptop & Accessory,1,Married,2,0,14.0,1.0,1.0,3.0,195.25,Retained,No Complaint
52558,0,7.0,Phone,1,25.0,Debit Card,Female,3.0,4,Mobile,1,Married,2,0,12.0,1.0,8.0,7.0,129.29,Retained,No Complaint
52559,1,9.0,Phone,3,13.0,Debit Card,Male,3.0,3,Mobile,1,Married,2,1,21.0,1.0,1.0,2.0,122.75,Churned,Filed Complaint
52560,0,17.0,Mobile Phone,1,8.0,Debit Card,Female,3.0,1,Fashion,1,Married,2,1,19.0,1.0,6.0,7.0,178.79,Retained,Filed Complaint
52561,0,8.0,Computer,1,8.0,Credit Card,Male,3.0,4,Mobile,1,Single,1,1,14.0,1.0,1.0,4.0,149.3,Retained,Filed Complaint
52562,0,16.0,Mobile Phone,3,8.0,Credit Card,Male,3.0,3,Laptop & Accessory,1,Married,2,1,17.0,3.0,8.0,8.0,178.47,Retained,Filed Complaint
52563,0,0.0,Phone,1,15.0,Credit Card,Male,3.0,1,Mobile,3,Married,2,0,16.0,0.0,1.0,4.0,144.01,Retained,No Complaint
52564,0,14.0,Mobile Phone,3,12.0,E wallet,Male,2.0,3,Fashion,3,Single,2,0,12.0,3.0,8.0,7.0,192.41,Retained,No Complaint
52565,0,2.0,Phone,1,15.0,Credit Card,Female,3.0,3,Mobile,3,Married,10,0,17.0,0.0,1.0,2.0,129.74,Retained,No Complaint
52566,0,9.0,Phone,3,8.0,Debit Card,Female,2.0,3,Laptop & Accessory,1,Single,4,0,15.0,6.0,6.0,7.0,145.02,Retained,No Complaint
52567,0,18.0,Computer,1,7.0,Debit Card,Male,3.0,4,Fashion,3,Married,4,0,23.0,4.0,14.0,4.0,207.48000000000002,Retained,No Complaint
52568,1,9.0,Mobile Phone,2,28.0,UPI,Male,2.0,5,Mobile,3,Married,2,0,11.0,0.0,1.0,0.0,115.55000000000001,Churned,No Complaint
52569,1,10.0,Computer,3,15.0,Debit Card,Male,2.0,5,Grocery,3,Married,8,0,11.0,6.0,14.0,3.0,229.36,Churned,No Complaint
52570,0,9.0,Phone,1,23.0,Credit Card,Male,3.0,5,Mobile,3,Married,2,0,15.0,1.0,1.0,2.0,123.05000000000001,Retained,No Complaint
52571,0,18.0,Mobile Phone,1,34.0,Cash on Delivery,Female,2.0,4,Grocery,4,Single,2,0,11.0,1.0,8.0,6.0,267.04,Retained,No Complaint
52572,0,5.0,Computer,1,16.0,Debit Card,Male,2.0,3,Mobile,3,Married,7,0,13.0,0.0,1.0,3.0,134.33,Retained,No Complaint
52573,0,4.0,Phone,1,8.0,Debit Card,Male,3.0,3,Mobile,3,Married,2,0,14.0,1.0,1.0,3.0,134.77,Retained,No Complaint
52574,0,14.0,Computer,2,10.0,UPI,Male,2.0,5,Laptop & Accessory,4,Married,7,0,19.0,0.0,1.0,2.0,164.3,Retained,No Complaint
52575,0,13.0,Mobile Phone,1,14.0,Debit Card,Female,3.0,3,Laptop & Accessory,5,Married,3,1,16.0,1.0,1.0,0.0,165.16,Retained,Filed Complaint
52576,0,0.0,Phone,1,35.0,Credit Card,Male,3.0,3,Mobile,5,Married,2,0,13.0,1.0,1.0,2.0,139.07,Retained,No Complaint
52577,0,19.0,Mobile Phone,1,19.0,Debit Card,Male,2.0,3,Laptop & Accessory,4,Single,7,0,14.0,1.0,1.0,9.0,155.62,Retained,No Complaint
52578,0,8.0,Mobile Phone,1,33.0,Debit Card,Male,2.0,3,Laptop & Accessory,3,Married,3,0,16.0,1.0,1.0,7.0,168.83,Retained,No Complaint
52579,0,3.0,Phone,1,22.0,Debit Card,Male,3.0,3,Mobile,1,Married,2,0,12.0,0.0,1.0,8.0,128.62,Retained,No Complaint
52580,0,20.0,Computer,3,8.0,E wallet,Male,2.0,3,Laptop & Accessory,4,Married,8,0,11.0,0.0,1.0,0.0,149.78,Retained,No Complaint
52581,0,19.0,Mobile Phone,3,8.0,Debit Card,Male,3.0,3,Fashion,1,Married,5,1,12.0,0.0,1.0,3.0,203.68,Retained,Filed Complaint
52582,1,0.0,Mobile Phone,3,19.0,E wallet,Male,3.0,4,Laptop & Accessory,5,Married,6,1,13.0,1.0,2.0,2.0,161.34,Churned,Filed Complaint
52583,1,0.0,Mobile Phone,3,7.0,Debit Card,Male,2.0,5,Laptop & Accessory,4,Single,7,0,15.0,0.0,1.0,0.0,167.35,Churned,No Complaint
52584,0,0.0,Phone,1,10.0,Credit Card,Female,2.0,3,Mobile,4,Single,2,0,13.0,0.0,1.0,2.0,132.95,Retained,No Complaint
52585,0,4.0,Computer,1,30.0,Cash on Delivery,Female,1.0,3,Laptop & Accessory,1,Single,3,0,20.0,0.0,1.0,4.0,152.38,Retained,No Complaint
52586,0,12.0,Computer,1,7.0,Debit Card,Male,3.0,3,Laptop & Accessory,1,Married,2,1,15.0,0.0,5.0,8.0,164.72,Retained,Filed Complaint
52587,0,5.0,Mobile Phone,3,25.0,Debit Card,Male,3.0,5,Fashion,3,Married,4,0,13.0,0.0,1.0,2.0,196.1,Retained,No Complaint
52588,0,13.0,Mobile Phone,3,13.0,Credit Card,Male,2.0,3,Others,4,Single,2,0,15.0,12.0,12.0,8.0,298.33,Retained,No Complaint
52589,0,18.0,Mobile Phone,2,10.0,Debit Card,Female,2.0,5,Fashion,3,Married,5,0,21.0,1.0,1.0,3.0,197.56,Retained,No Complaint
52590,0,3.0,Computer,1,8.0,Cash on Delivery,Female,3.0,4,Mobile,5,Single,1,0,16.0,0.0,1.0,7.0,149.68,Retained,No Complaint
52591,0,9.0,Computer,2,16.0,Credit Card,Male,2.0,3,Mobile,1,Married,1,0,14.0,0.0,2.0,1.0,121.44999999999999,Retained,No Complaint
52592,1,9.0,Computer,2,14.0,UPI,Female,3.0,4,Mobile,1,Married,7,0,11.0,1.0,1.0,2.0,121.80000000000001,Churned,No Complaint
52593,0,4.0,Mobile Phone,3,11.0,Cash on Delivery,Male,2.0,3,Laptop & Accessory,3,Married,2,0,19.0,1.0,1.0,2.0,183.46,Retained,No Complaint
52594,0,0.0,Phone,1,14.0,Credit Card,Female,3.0,3,Mobile,1,Single,2,0,11.0,0.0,1.0,4.0,134.45,Retained,No Complaint
52595,1,0.0,Phone,3,15.0,E wallet,Female,3.0,5,Mobile,4,Single,2,0,13.0,2.0,2.0,2.0,127.6,Churned,No Complaint
52596,0,2.0,Computer,1,7.0,Debit Card,Male,3.0,1,Laptop & Accessory,3,Single,9,1,12.0,1.0,1.0,2.0,162.94,Retained,Filed Complaint
52597,0,3.0,Mobile Phone,3,21.0,E wallet,Male,3.0,4,Fashion,5,Married,3,0,11.0,1.0,1.0,7.0,171.4,Retained,No Complaint
52598,0,7.0,Phone,1,8.0,Credit Card,Male,3.0,1,Mobile,1,Married,1,1,14.0,1.0,1.0,2.0,129.32,Retained,Filed Complaint
52599,0,6.0,Computer,3,8.0,E wallet,Female,3.0,3,Laptop & Accessory,4,Single,9,0,15.0,1.0,1.0,7.0,151.47,Retained,No Complaint
52600,0,22.0,Phone,3,17.0,E wallet,Female,3.0,3,Laptop & Accessory,1,Single,4,0,12.0,0.0,1.0,4.0,145.07,Retained,No Complaint
52601,1,0.0,Mobile Phone,3,22.0,Debit Card,Female,3.0,3,Fashion,5,Single,3,1,20.0,1.0,1.0,0.0,185.64,Churned,Filed Complaint
52602,0,11.0,Computer,1,14.0,Credit Card,Female,3.0,4,Mobile,4,Married,5,0,14.0,0.0,1.0,5.0,124.68,Retained,No Complaint
52603,1,0.0,Mobile Phone,3,22.0,E wallet,Male,3.0,3,Fashion,3,Married,3,0,13.0,0.0,1.0,0.0,181.61,Churned,No Complaint
52604,0,9.0,Phone,1,10.0,Cash on Delivery,Female,3.0,4,Mobile,5,Married,2,0,13.0,0.0,1.0,0.0,121.09,Retained,No Complaint
52605,0,3.0,Mobile Phone,1,22.0,Debit Card,Male,2.0,1,Laptop & Accessory,3,Married,4,0,16.0,1.0,1.0,7.0,152.94,Retained,No Complaint
52606,0,5.0,Computer,1,11.0,Cash on Delivery,Male,3.0,3,Mobile,4,Single,3,0,14.0,1.0,1.0,7.0,127.18,Retained,No Complaint
52607,0,11.0,Mobile Phone,1,24.0,Credit Card,Male,2.0,5,Laptop & Accessory,1,Married,4,1,16.0,0.0,1.0,0.0,158.11,Retained,Filed Complaint
52608,1,6.0,Computer,1,14.0,Cash on Delivery,Male,2.0,4,Mobile,3,Married,10,1,16.0,1.0,1.0,0.0,124.37,Churned,Filed Complaint
52609,0,15.0,Phone,1,18.0,Credit Card,Male,3.0,3,Mobile,4,Married,9,0,22.0,1.0,1.0,4.0,127.66,Retained,No Complaint
52610,0,28.0,Mobile Phone,1,8.0,Credit Card,Male,2.0,4,Others,5,Married,9,0,12.0,1.0,1.0,0.0,290.38,Retained,No Complaint
52611,0,6.0,Computer,1,10.0,Cash on Delivery,Male,3.0,3,Laptop & Accessory,4,Married,6,0,15.0,0.0,1.0,7.0,130.55,Retained,No Complaint
52612,0,9.0,Phone,1,15.0,Debit Card,Male,3.0,3,Mobile,5,Married,2,0,20.0,0.0,1.0,4.0,122.88999999999999,Retained,No Complaint
52613,0,7.0,Computer,3,16.0,Debit Card,Male,2.0,3,Laptop & Accessory,3,Married,2,1,14.0,1.0,1.0,7.0,140.01,Retained,Filed Complaint
52614,0,26.0,Computer,1,7.0,Credit Card,Female,2.0,4,Grocery,3,Married,5,1,20.0,1.0,1.0,3.0,229.64999999999998,Retained,Filed Complaint
52615,0,16.0,Phone,2,8.0,Debit Card,Male,3.0,3,Mobile,1,Single,1,0,13.0,1.0,1.0,8.0,135.39,Retained,No Complaint
52616,0,7.0,Mobile Phone,3,9.0,Debit Card,Female,2.0,5,Laptop & Accessory,1,Single,6,0,12.0,2.0,2.0,2.0,160.29,Retained,No Complaint
52617,1,0.0,Phone,3,13.0,E wallet,Male,3.0,3,Mobile,4,Single,2,0,13.0,0.0,1.0,0.0,126.78999999999999,Churned,No Complaint
52618,0,11.0,Phone,1,12.0,UPI,Female,2.0,4,Mobile,3,Married,2,0,11.0,1.0,1.0,4.0,137.02,Retained,No Complaint
52619,1,0.0,Phone,1,14.0,Credit Card,Female,3.0,3,Mobile,5,Married,2,1,17.0,0.0,1.0,0.0,123.97999999999999,Churned,Filed Complaint
52620,0,4.0,Mobile Phone,3,35.0,E wallet,Female,3.0,4,Laptop & Accessory,1,Married,2,0,14.0,0.0,5.0,7.0,154.68,Retained,No Complaint
52621,0,24.0,Mobile Phone,1,9.0,Cash on Delivery,Female,2.0,3,Fashion,3,Married,3,0,11.0,2.0,2.0,3.0,231.16000000000003,Retained,No Complaint
52622,0,10.0,Phone,3,15.0,E wallet,Male,2.0,4,Laptop & Accessory,4,Married,2,0,14.0,1.0,1.0,3.0,141.89,Retained,No Complaint
52623,0,19.0,Mobile Phone,1,8.0,Credit Card,Male,2.0,3,Others,1,Married,8,1,15.0,2.0,2.0,2.0,293.28,Retained,Filed Complaint
52624,0,9.0,Mobile Phone,1,16.0,Debit Card,Male,2.0,3,Fashion,5,Married,8,1,13.0,2.0,5.0,7.0,183.21,Retained,Filed Complaint
52625,1,7.0,Computer,1,14.0,Credit Card,Male,3.0,3,Mobile,4,Married,2,1,12.0,2.0,2.0,3.0,123.41999999999999,Churned,Filed Complaint
52626,0,10.0,Phone,2,14.0,UPI,Male,2.0,3,Laptop & Accessory,4,Married,3,0,13.0,3.0,4.0,7.0,140.71,Retained,No Complaint
52627,1,0.0,Mobile Phone,3,33.0,Debit Card,Male,2.0,3,Laptop & Accessory,1,Single,2,1,18.0,3.0,7.0,7.0,158.13,Churned,Filed Complaint
52628,0,6.0,Phone,1,14.0,Debit Card,Male,3.0,1,Mobile,5,Married,7,0,19.0,3.0,7.0,6.0,131.43,Retained,No Complaint
52629,0,9.0,Phone,1,7.0,Debit Card,Male,2.0,3,Mobile,1,Married,2,0,11.0,0.0,1.0,3.0,120.44,Retained,No Complaint
52630,0,12.0,Mobile Phone,1,16.0,Credit Card,Male,3.0,3,Fashion,3,Single,8,0,21.0,2.0,2.0,2.0,234.64,Retained,No Complaint
52631,0,19.0,Computer,3,32.0,Debit Card,Male,3.0,4,Laptop & Accessory,4,Single,9,0,15.0,1.0,2.0,2.0,179.91,Retained,No Complaint
52632,0,13.0,Phone,1,8.0,Debit Card,Female,3.0,3,Mobile,5,Married,5,0,17.0,1.0,1.0,2.0,133.77,Retained,No Complaint
52633,0,15.0,Mobile Phone,1,19.0,Credit Card,Male,3.0,1,Laptop & Accessory,5,Married,6,0,18.0,1.0,1.0,0.0,155.38,Retained,No Complaint
52634,0,8.0,Computer,1,8.0,Credit Card,Male,2.0,3,Laptop & Accessory,1,Married,3,0,14.0,1.0,1.0,7.0,157.62,Retained,No Complaint
52635,0,11.0,Computer,2,14.0,UPI,Male,3.0,3,Mobile,4,Married,6,0,13.0,2.0,3.0,8.0,125.91999999999999,Retained,No Complaint
52636,1,0.0,Computer,1,15.0,Debit Card,Male,3.0,3,Laptop & Accessory,5,Married,5,0,17.0,0.0,1.0,7.0,153.46,Churned,No Complaint
52637,1,0.0,Phone,1,16.0,Credit Card,Male,2.0,3,Laptop & Accessory,5,Single,2,0,15.0,0.0,1.0,8.0,142.13,Churned,No Complaint
52638,0,12.0,Computer,3,26.0,Debit Card,Male,2.0,3,Laptop & Accessory,1,Married,3,0,18.0,1.0,2.0,2.0,141.27,Retained,No Complaint
52639,0,16.0,Computer,1,14.0,Debit Card,Male,2.0,3,Mobile,3,Single,5,0,13.0,1.0,1.0,2.0,124.38,Retained,No Complaint
52640,0,14.0,Mobile Phone,1,11.0,Debit Card,Male,2.0,1,Laptop & Accessory,4,Single,4,0,12.0,0.0,1.0,2.0,168.7,Retained,No Complaint
52641,0,14.0,Mobile Phone,3,10.0,E wallet,Female,2.0,3,Fashion,3,Married,1,1,13.0,5.0,13.0,5.0,204.47,Retained,Filed Complaint
52642,0,3.0,Mobile Phone,1,16.0,Credit Card,Female,3.0,3,Fashion,3,Single,10,0,14.0,0.0,1.0,2.0,196.67,Retained,No Complaint
52643,1,9.0,Phone,2,26.0,Credit Card,Female,3.0,3,Mobile,4,Married,1,1,11.0,0.0,1.0,4.0,121.47999999999999,Churned,Filed Complaint
52644,1,9.0,Mobile Phone,1,27.0,Credit Card,Female,3.0,3,Laptop & Accessory,4,Married,5,0,22.0,3.0,3.0,7.0,189.26,Churned,No Complaint
52645,0,13.0,Mobile Phone,1,7.0,Debit Card,Female,2.0,3,Laptop & Accessory,1,Married,5,0,17.0,0.0,1.0,3.0,165.13,Retained,No Complaint
52646,0,7.0,Mobile Phone,3,14.0,Cash on Delivery,Male,3.0,1,Laptop & Accessory,3,Married,2,0,21.0,2.0,4.0,8.0,167.99,Retained,No Complaint
52647,0,30.0,Computer,3,8.0,Credit Card,Male,2.0,3,Grocery,4,Married,5,0,22.0,1.0,14.0,14.0,262.91,Retained,No Complaint
52648,0,8.0,Phone,1,29.0,Credit Card,Male,3.0,5,Mobile,3,Married,1,0,16.0,0.0,1.0,3.0,127.05000000000001,Retained,No Complaint
52649,0,20.0,Mobile Phone,1,10.0,Debit Card,Female,3.0,4,Fashion,4,Married,9,1,12.0,5.0,14.0,10.0,203.33,Retained,Filed Complaint
52650,0,13.0,Phone,1,18.0,Debit Card,Female,2.0,3,Laptop & Accessory,5,Married,3,0,12.0,1.0,7.0,7.0,144.48,Retained,No Complaint
52651,0,27.0,Mobile Phone,1,13.0,Credit Card,Female,3.0,3,Laptop & Accessory,1,Married,5,0,15.0,1.0,1.0,7.0,168.54,Retained,No Complaint
52652,0,4.0,Computer,3,13.0,E wallet,Female,3.0,3,Fashion,5,Married,3,0,14.0,2.0,2.0,2.0,196.37,Retained,No Complaint
52653,0,1.0,Phone,1,7.0,Credit Card,Female,3.0,3,Mobile,5,Married,2,0,25.0,1.0,1.0,2.0,135.91,Retained,No Complaint
52654,0,11.0,Mobile Phone,3,8.0,E wallet,Female,3.0,5,Laptop & Accessory,1,Married,3,1,20.0,0.0,1.0,3.0,154.05,Retained,Filed Complaint
52655,0,0.0,Phone,3,16.0,Credit Card,Male,2.0,3,Laptop & Accessory,1,Single,2,0,13.0,1.0,1.0,2.0,146.84,Retained,No Complaint
52656,0,30.0,Computer,1,21.0,Debit Card,Male,2.0,3,Grocery,3,Married,3,1,14.0,2.0,2.0,2.0,257.87,Retained,Filed Complaint
52657,0,9.0,Computer,1,20.0,Credit Card,Female,2.0,3,Mobile,3,Single,2,0,16.0,1.0,1.0,0.0,115.13999999999999,Retained,No Complaint
52658,1,0.0,Phone,2,24.0,UPI,Male,3.0,1,Mobile,5,Married,1,0,17.0,1.0,1.0,0.0,129.56,Churned,No Complaint
52659,1,0.0,Phone,2,14.0,UPI,Male,2.0,4,Mobile,5,Married,5,1,15.0,2.0,2.0,0.0,123.35,Churned,Filed Complaint
52660,0,18.0,Computer,3,8.0,Debit Card,Female,3.0,3,Laptop & Accessory,3,Married,5,0,22.0,3.0,5.0,7.0,151.54,Retained,No Complaint
52661,0,9.0,Mobile Phone,1,8.0,UPI,Female,3.0,3,Laptop & Accessory,4,Married,5,1,22.0,1.0,1.0,0.0,169.62,Retained,Filed Complaint
52662,0,16.0,Computer,3,8.0,Debit Card,Male,3.0,3,Laptop & Accessory,1,Married,2,0,20.0,7.0,7.0,7.0,156.75,Retained,No Complaint
52663,0,0.0,Computer,1,14.0,Debit Card,Female,2.0,3,Mobile,1,Single,1,1,14.0,1.0,1.0,2.0,123.78999999999999,Retained,Filed Complaint
52664,0,2.0,Computer,1,26.0,Credit Card,Male,2.0,3,Mobile,1,Married,2,0,13.0,1.0,3.0,10.0,138.12,Retained,No Complaint
52665,0,5.0,Computer,3,16.0,E wallet,Male,3.0,3,Laptop & Accessory,1,Single,9,0,13.0,0.0,1.0,0.0,146.48,Retained,No Complaint
52666,0,15.0,Computer,1,16.0,Cash on Delivery,Male,3.0,3,Mobile,3,Married,4,0,22.0,3.0,3.0,3.0,129.36,Retained,No Complaint
52667,0,9.0,Phone,1,15.0,Debit Card,Female,3.0,3,Mobile,3,Single,5,0,12.0,0.0,2.0,0.0,121.05000000000001,Retained,No Complaint
52668,0,19.0,Mobile Phone,1,8.0,Debit Card,Male,2.0,3,Fashion,1,Married,4,0,14.0,0.0,4.0,7.0,185.78,Retained,No Complaint
52669,0,1.0,Computer,2,7.0,Debit Card,Male,3.0,3,Mobile,1,Married,2,0,15.0,1.0,2.0,2.0,127.06,Retained,No Complaint
52670,0,2.0,Mobile Phone,1,35.0,Debit Card,Male,3.0,5,Laptop & Accessory,3,Married,9,0,17.0,0.0,1.0,6.0,163.84,Retained,No Complaint
52671,0,15.0,Phone,1,14.0,Debit Card,Male,2.0,3,Mobile,3,Single,5,0,13.0,1.0,1.0,0.0,139.68,Retained,No Complaint
52672,1,0.0,Mobile Phone,3,8.0,E wallet,Male,2.0,4,Laptop & Accessory,4,Single,8,1,12.0,1.0,2.0,2.0,199.07,Churned,Filed Complaint
52673,0,19.0,Mobile Phone,3,9.0,Cash on Delivery,Female,2.0,1,Grocery,5,Married,3,0,12.0,2.0,2.0,8.0,232.25,Retained,No Complaint
52674,0,0.0,Phone,3,29.0,Credit Card,Female,2.0,4,Laptop & Accessory,3,Married,2,0,21.0,3.0,5.0,8.0,135.4,Retained,No Complaint
52675,0,2.0,Phone,2,12.0,Credit Card,Male,3.0,4,Mobile,4,Married,2,0,11.0,1.0,1.0,0.0,128.04,Retained,No Complaint
52676,0,16.0,Mobile Phone,1,12.0,Credit Card,Female,2.0,4,Others,3,Married,8,0,15.0,6.0,6.0,14.0,293.92,Retained,No Complaint
52677,0,21.0,Mobile Phone,1,16.0,Debit Card,Male,3.0,4,Others,4,Married,5,0,15.0,3.0,12.0,9.0,296.65,Retained,No Complaint
52678,1,0.0,Computer,1,14.0,Debit Card,Male,3.0,4,Mobile,1,Single,2,1,24.0,1.0,1.0,0.0,124.38999999999999,Churned,Filed Complaint
52679,1,9.0,Mobile Phone,3,16.0,Debit Card,Female,3.0,3,Fashion,4,Married,6,0,21.0,1.0,1.0,7.0,173.14,Churned,No Complaint
52680,0,0.0,Computer,1,21.0,Debit Card,Female,3.0,4,Mobile,5,Married,1,0,19.0,0.0,7.0,3.0,147.74,Retained,No Complaint
52681,0,12.0,Phone,1,25.0,UPI,Male,2.0,3,Laptop & Accessory,1,Married,9,0,14.0,0.0,2.0,2.0,139.02,Retained,No Complaint
52682,0,28.0,Phone,1,8.0,Cash on Delivery,Male,3.0,4,Mobile,1,Married,9,0,20.0,1.0,1.0,4.0,126.62,Retained,No Complaint
52683,0,1.0,Phone,3,9.0,Credit Card,Female,3.0,3,Mobile,4,Married,2,0,19.0,1.0,1.0,0.0,128.56,Retained,No Complaint
52684,1,0.0,Mobile Phone,3,15.0,Credit Card,Male,2.0,3,Mobile,1,Single,2,0,13.0,0.0,1.0,0.0,110.81,Churned,No Complaint
52685,1,0.0,Phone,1,14.0,Debit Card,Male,3.0,3,Mobile,4,Single,2,1,23.0,1.0,1.0,0.0,124.72,Churned,Filed Complaint
52686,0,9.0,Mobile Phone,3,16.0,Cash on Delivery,Female,3.0,4,Laptop & Accessory,3,Married,2,1,13.0,0.0,1.0,7.0,156.73,Retained,Filed Complaint
52687,0,4.0,Phone,1,26.0,Debit Card,Male,2.0,3,Laptop & Accessory,3,Married,2,0,11.0,0.0,1.0,2.0,141.97,Retained,No Complaint
52688,0,7.0,Mobile Phone,3,10.0,Debit Card,Male,3.0,3,Fashion,1,Married,3,1,13.0,0.0,1.0,0.0,197.13,Retained,Filed Complaint
52689,0,9.0,Phone,1,13.0,Debit Card,Male,2.0,3,Mobile,5,Single,4,0,14.0,0.0,1.0,2.0,120.62,Retained,No Complaint
52690,0,10.0,Phone,1,13.0,Credit Card,Male,3.0,3,Laptop & Accessory,5,Married,6,1,22.0,0.0,1.0,4.0,142.84,Retained,Filed Complaint
52691,0,8.0,Phone,1,22.0,UPI,Female,2.0,4,Laptop & Accessory,4,Married,1,1,11.0,0.0,1.0,2.0,147.88,Retained,Filed Complaint
52692,0,18.0,Mobile Phone,1,31.0,Debit Card,Female,3.0,4,Laptop & Accessory,1,Married,1,0,13.0,0.0,3.0,8.0,159.06,Retained,No Complaint
52693,0,9.0,Computer,2,8.0,UPI,Male,3.0,4,Laptop & Accessory,1,Single,2,0,21.0,1.0,1.0,8.0,138.86,Retained,No Complaint
52694,0,13.0,Mobile Phone,1,7.0,Debit Card,Male,3.0,3,Grocery,5,Married,3,0,11.0,1.0,11.0,16.0,268.23,Retained,No Complaint
52695,0,0.0,Phone,1,7.0,Debit Card,Female,3.0,4,Mobile,3,Married,2,1,13.0,0.0,1.0,0.0,129.33,Retained,Filed Complaint
52696,0,0.0,Mobile Phone,3,8.0,Credit Card,Female,2.0,1,Laptop & Accessory,3,Single,1,0,14.0,0.0,1.0,7.0,165.0,Retained,No Complaint
52697,0,21.0,Computer,1,28.0,Credit Card,Female,2.0,3,Grocery,1,Married,4,0,11.0,1.0,4.0,7.0,271.74,Retained,No Complaint
52698,0,17.0,Mobile Phone,1,7.0,Debit Card,Male,3.0,1,Laptop & Accessory,5,Married,3,0,15.0,1.0,2.0,2.0,150.33,Retained,No Complaint
52699,1,9.0,Computer,1,22.0,Cash on Delivery,Male,2.0,5,Mobile,5,Married,2,1,23.0,0.0,3.0,0.0,123.07,Churned,Filed Complaint
52700,1,19.0,Phone,1,14.0,Debit Card,Male,3.0,3,Mobile,1,Single,2,0,16.0,0.0,1.0,0.0,125.87,Churned,No Complaint
52701,0,9.0,Mobile Phone,3,23.0,E wallet,Male,2.0,4,Laptop & Accessory,4,Married,3,0,16.0,1.0,1.0,3.0,155.07,Retained,No Complaint
52702,0,14.0,Phone,3,14.0,E wallet,Female,2.0,3,Laptop & Accessory,4,Married,6,0,21.0,0.0,1.0,4.0,143.93,Retained,No Complaint
52703,0,15.0,Mobile Phone,1,12.0,Credit Card,Male,2.0,3,Fashion,5,Married,10,0,13.0,5.0,2.0,7.0,233.48000000000002,Retained,No Complaint
52704,0,4.0,Mobile Phone,3,16.0,Credit Card,Female,2.0,3,Laptop & Accessory,1,Married,3,1,11.0,1.0,1.0,4.0,165.83,Retained,Filed Complaint
52705,0,7.0,Mobile Phone,3,9.0,Credit Card,Female,3.0,4,Laptop & Accessory,1,Married,4,1,12.0,0.0,1.0,1.0,181.03,Retained,Filed Complaint
52706,0,4.0,Phone,1,10.0,Credit Card,Female,3.0,1,Mobile,3,Married,9,0,12.0,1.0,2.0,2.0,139.78,Retained,No Complaint
52707,0,0.0,Computer,1,14.0,UPI,Male,3.0,1,Mobile,1,Married,1,0,18.0,2.0,7.0,7.0,125.44,Retained,No Complaint
52708,0,18.0,Computer,1,7.0,Credit Card,Male,2.0,3,Laptop & Accessory,3,Single,5,0,12.0,0.0,1.0,3.0,153.99,Retained,No Complaint
52709,0,6.0,Mobile Phone,3,16.0,E wallet,Male,2.0,3,Laptop & Accessory,3,Single,2,0,14.0,0.0,1.0,9.0,154.87,Retained,No Complaint
52710,0,1.0,Computer,3,7.0,Debit Card,Male,2.0,4,Laptop & Accessory,1,Married,2,1,12.0,1.0,1.0,7.0,168.34,Retained,Filed Complaint
52711,1,0.0,Computer,3,30.0,Cash on Delivery,Male,2.0,1,Mobile,5,Single,2,0,17.0,0.0,1.0,0.0,110.91,Churned,No Complaint
52712,0,12.0,Computer,3,27.0,Debit Card,Female,2.0,5,Laptop & Accessory,3,Married,7,0,19.0,0.0,1.0,2.0,157.36,Retained,No Complaint
52713,0,9.0,Phone,1,8.0,Cash on Delivery,Male,2.0,3,Mobile,4,Married,2,0,11.0,0.0,1.0,2.0,122.25999999999999,Retained,No Complaint
52714,0,7.0,Computer,1,28.0,UPI,Male,2.0,4,Laptop & Accessory,1,Married,2,1,15.0,3.0,6.0,11.0,157.47,Retained,Filed Complaint
52715,1,0.0,Mobile Phone,3,19.0,E wallet,Female,2.0,3,Laptop & Accessory,3,Single,4,1,11.0,0.0,2.0,2.0,198.54,Churned,Filed Complaint
52716,0,20.0,Computer,1,20.0,Cash on Delivery,Male,3.0,3,Laptop & Accessory,4,Married,9,0,18.0,0.0,1.0,7.0,154.67,Retained,No Complaint
52717,0,29.0,Mobile Phone,3,17.0,E wallet,Female,2.0,4,Laptop & Accessory,5,Married,5,0,16.0,0.0,1.0,0.0,153.8,Retained,No Complaint
52718,0,12.0,Mobile Phone,1,15.0,Credit Card,Male,2.0,3,Laptop & Accessory,5,Married,2,0,25.0,0.0,7.0,9.0,151.51,Retained,No Complaint
52719,0,9.0,Computer,1,14.0,Credit Card,Female,2.0,4,Laptop & Accessory,4,Married,2,1,16.0,1.0,1.0,7.0,121.33000000000001,Retained,Filed Complaint
52720,0,60.0,Mobile Phone,3,27.0,Debit Card,Female,3.0,3,Grocery,1,Married,5,1,13.0,1.0,1.0,0.0,278.75,Retained,Filed Complaint
52721,1,0.0,Computer,1,14.0,Debit Card,Female,2.0,1,Mobile,3,Single,4,1,14.0,0.0,1.0,3.0,124.32,Churned,Filed Complaint
52722,0,11.0,Phone,1,15.0,Debit Card,Male,3.0,3,Mobile,1,Married,3,0,19.0,0.0,1.0,3.0,147.71,Retained,No Complaint
52723,0,22.0,Computer,1,8.0,Debit Card,Male,2.0,3,Others,1,Married,4,0,15.0,1.0,4.0,3.0,291.61,Retained,No Complaint
52724,0,15.0,Mobile Phone,3,18.0,E wallet,Male,3.0,3,Laptop & Accessory,1,Married,4,1,12.0,1.0,1.0,0.0,150.87,Retained,Filed Complaint
52725,1,0.0,Computer,2,28.0,UPI,Female,3.0,4,Mobile,4,Married,2,0,12.0,1.0,1.0,0.0,128.63,Churned,No Complaint
52726,0,8.0,Mobile Phone,3,24.0,Credit Card,Male,3.0,3,Laptop & Accessory,5,Married,1,0,16.0,1.0,1.0,4.0,155.61,Retained,No Complaint
52727,0,9.0,Computer,1,22.0,Credit Card,Male,2.0,3,Mobile,3,Single,2,0,14.0,0.0,1.0,4.0,121.44,Retained,No Complaint
52728,0,4.0,Computer,1,9.0,Credit Card,Male,3.0,3,Mobile,5,Married,2,1,13.0,2.0,2.0,3.0,130.65,Retained,Filed Complaint
52729,0,9.0,Computer,1,15.0,Debit Card,Male,3.0,1,Mobile,4,Married,2,0,22.0,1.0,1.0,2.0,128.1,Retained,No Complaint
52730,0,7.0,Mobile Phone,3,7.0,E wallet,Male,2.0,3,Fashion,1,Single,2,0,21.0,2.0,2.0,1.0,198.88,Retained,No Complaint
52731,0,7.0,Mobile Phone,3,19.0,Credit Card,Male,2.0,3,Fashion,3,Married,2,0,18.0,0.0,1.0,1.0,186.28,Retained,No Complaint
52732,0,0.0,Phone,1,7.0,Credit Card,Male,3.0,3,Mobile,5,Single,1,0,13.0,7.0,7.0,6.0,128.67,Retained,No Complaint
52733,0,2.0,Mobile Phone,1,7.0,Debit Card,Male,2.0,3,Laptop & Accessory,5,Married,1,0,12.0,0.0,1.0,2.0,153.73,Retained,No Complaint
52734,0,5.0,Computer,1,21.0,Credit Card,Female,2.0,3,Laptop & Accessory,1,Married,6,0,18.0,0.0,1.0,2.0,166.67,Retained,No Complaint
52735,0,4.0,Computer,1,7.0,Debit Card,Male,2.0,5,Laptop & Accessory,5,Married,2,0,21.0,6.0,8.0,7.0,150.03,Retained,No Complaint
52736,1,0.0,Phone,1,14.0,Cash on Delivery,Male,2.0,4,Mobile,1,Married,6,0,12.0,1.0,1.0,3.0,123.66999999999999,Churned,No Complaint
52737,0,11.0,Phone,3,7.0,Debit Card,Male,3.0,4,Mobile,5,Single,5,0,14.0,1.0,1.0,0.0,128.58,Retained,No Complaint
52738,0,8.0,Mobile Phone,3,13.0,Debit Card,Female,2.0,3,Laptop & Accessory,1,Married,2,1,11.0,1.0,1.0,9.0,152.04,Retained,Filed Complaint
52739,0,0.0,Phone,3,15.0,E wallet,Male,2.0,3,Laptop & Accessory,1,Single,2,0,14.0,1.0,1.0,7.0,141.05,Retained,No Complaint
52740,0,5.0,Mobile Phone,1,11.0,Debit Card,Male,2.0,4,Laptop & Accessory,1,Single,9,0,24.0,1.0,1.0,0.0,196.79,Retained,No Complaint
52741,1,0.0,Computer,3,32.0,E wallet,Male,3.0,3,Laptop & Accessory,1,Married,2,1,11.0,0.0,1.0,8.0,156.17,Churned,Filed Complaint
52742,1,16.0,Mobile Phone,3,30.0,Debit Card,Male,3.0,3,Fashion,5,Single,7,1,13.0,0.0,2.0,2.0,204.48,Churned,Filed Complaint
52743,0,27.0,Phone,1,15.0,Debit Card,Female,3.0,3,Laptop & Accessory,3,Married,4,0,11.0,1.0,2.0,3.0,128.97,Retained,No Complaint
52744,0,6.0,Computer,1,13.0,Debit Card,Male,2.0,3,Laptop & Accessory,3,Married,2,0,20.0,0.0,2.0,8.0,159.68,Retained,No Complaint
52745,0,16.0,Mobile Phone,1,17.0,Debit Card,Male,1.0,3,Fashion,3,Married,2,0,17.0,1.0,1.0,9.0,175.1,Retained,No Complaint
52746,0,11.0,Computer,2,7.0,UPI,Male,3.0,3,Mobile,4,Married,1,1,11.0,0.0,1.0,2.0,129.91,Retained,Filed Complaint
52747,0,28.0,Mobile Phone,2,32.0,UPI,Male,3.0,1,Others,4,Married,5,1,15.0,1.0,1.0,4.0,296.36,Retained,Filed Complaint
52748,0,4.0,Mobile Phone,1,8.0,Credit Card,Female,2.0,5,Mobile,1,Married,2,1,11.0,0.0,1.0,0.0,111.28999999999999,Retained,Filed Complaint
52749,0,12.0,Mobile Phone,3,21.0,E wallet,Male,3.0,3,Grocery,5,Single,1,0,12.0,4.0,2.0,10.0,233.41000000000003,Retained,No Complaint
52750,0,15.0,Computer,1,29.0,Debit Card,Male,2.0,4,Laptop & Accessory,3,Single,2,0,12.0,3.0,3.0,7.0,143.32,Retained,No Complaint
52751,0,4.0,Computer,1,16.0,Credit Card,Female,2.0,3,Fashion,3,Married,5,0,20.0,3.0,4.0,3.0,210.31,Retained,No Complaint
52752,0,27.0,Phone,1,16.0,Credit Card,Female,3.0,3,Laptop & Accessory,5,Single,7,1,19.0,0.0,1.0,4.0,144.4,Retained,Filed Complaint
52753,0,0.0,Phone,1,7.0,Debit Card,Male,2.0,4,Laptop & Accessory,3,Single,2,0,12.0,1.0,1.0,2.0,146.17,Retained,No Complaint
52754,0,0.0,Phone,1,14.0,UPI,Male,3.0,3,Mobile,1,Single,2,0,13.0,1.0,1.0,4.0,126.47,Retained,No Complaint
52755,0,13.0,Computer,1,17.0,Cash on Delivery,Female,3.0,3,Laptop & Accessory,3,Married,2,0,11.0,7.0,9.0,4.0,163.23,Retained,No Complaint
52756,0,13.0,Mobile Phone,3,8.0,E wallet,Female,3.0,3,Laptop & Accessory,4,Married,4,0,14.0,1.0,5.0,10.0,156.77,Retained,No Complaint
52757,0,9.0,Phone,2,8.0,UPI,Female,2.0,3,Mobile,4,Married,5,0,14.0,0.0,1.0,2.0,121.87,Retained,No Complaint
52758,0,3.0,Phone,1,7.0,Credit Card,Male,3.0,3,Mobile,4,Married,2,0,13.0,1.0,1.0,7.0,137.48,Retained,No Complaint
52759,0,0.0,Phone,1,8.0,UPI,Male,2.0,3,Mobile,3,Married,7,1,19.0,0.0,1.0,2.0,139.77,Retained,Filed Complaint
52760,0,20.0,Mobile Phone,1,31.0,Credit Card,Male,2.0,3,Fashion,3,Single,3,0,23.0,9.0,12.0,11.0,186.33,Retained,No Complaint
52761,0,9.0,Computer,1,7.0,Credit Card,Male,2.0,4,Mobile,3,Married,2,0,12.0,0.0,1.0,0.0,120.08000000000001,Retained,No Complaint
52762,0,11.0,Phone,3,7.0,Debit Card,Male,2.0,3,Laptop & Accessory,4,Married,1,0,15.0,1.0,5.0,8.0,144.4,Retained,No Complaint
52763,0,4.0,Phone,3,8.0,Debit Card,Male,3.0,3,Mobile,3,Married,1,0,19.0,0.0,1.0,2.0,130.67,Retained,No Complaint
52764,0,11.0,Computer,1,12.0,Debit Card,Male,3.0,4,Laptop & Accessory,3,Married,3,0,11.0,2.0,7.0,7.0,153.21,Retained,No Complaint
52765,0,15.0,Mobile Phone,1,24.0,Debit Card,Male,2.0,3,Laptop & Accessory,5,Married,7,1,17.0,1.0,1.0,2.0,154.1,Retained,Filed Complaint
52766,0,14.0,Phone,1,7.0,Debit Card,Male,3.0,3,Mobile,1,Married,4,0,22.0,0.0,1.0,0.0,127.82,Retained,No Complaint
52767,0,20.0,Computer,1,7.0,Credit Card,Female,3.0,3,Fashion,4,Married,1,0,18.0,0.0,5.0,3.0,219.57,Retained,No Complaint
52768,0,8.0,Phone,1,17.0,Credit Card,Male,2.0,3,Mobile,3,Married,8,1,11.0,2.0,2.0,2.0,126.6,Retained,Filed Complaint
52769,0,0.0,Phone,1,7.0,Debit Card,Male,3.0,3,Mobile,3,Single,1,0,12.0,1.0,1.0,2.0,133.75,Retained,No Complaint
52770,0,8.0,Mobile Phone,1,15.0,Credit Card,Male,2.0,3,Laptop & Accessory,3,Single,2,0,19.0,0.0,1.0,8.0,150.98,Retained,No Complaint
52771,0,6.0,Phone,1,21.0,Credit Card,Female,3.0,3,Laptop & Accessory,1,Married,1,1,13.0,6.0,8.0,1.0,148.78,Retained,Filed Complaint
52772,0,5.0,Phone,1,35.0,Debit Card,Female,3.0,4,Mobile,4,Single,2,0,13.0,0.0,4.0,1.0,128.37,Retained,No Complaint
52773,0,13.0,Phone,1,14.0,Debit Card,Male,2.0,3,Mobile,1,Married,9,0,19.0,1.0,1.0,0.0,124.06,Retained,No Complaint
52774,0,9.0,Phone,3,7.0,Credit Card,Male,3.0,4,Mobile,4,Married,1,0,14.0,2.0,2.0,2.0,122.69,Retained,No Complaint
52775,0,12.0,Phone,1,30.0,Debit Card,Male,2.0,3,Laptop & Accessory,1,Single,8,0,13.0,0.0,1.0,7.0,141.08,Retained,No Complaint
52776,0,11.0,Mobile Phone,1,16.0,Credit Card,Female,3.0,5,Fashion,3,Married,4,0,12.0,0.0,2.0,11.0,232.06,Retained,No Complaint
52777,0,5.0,Mobile Phone,3,7.0,E wallet,Female,2.0,3,Fashion,1,Married,2,0,19.0,0.0,5.0,7.0,204.22,Retained,No Complaint
52778,0,10.0,Mobile Phone,1,16.0,Debit Card,Female,2.0,1,Fashion,1,Married,2,1,25.0,5.0,2.0,8.0,237.44,Retained,Filed Complaint
52779,0,0.0,Phone,3,14.0,UPI,Female,2.0,3,Laptop & Accessory,3,Married,1,1,22.0,0.0,1.0,4.0,149.07,Retained,Filed Complaint
52780,0,25.0,Computer,3,35.0,Debit Card,Male,2.0,3,Mobile,1,Married,3,0,15.0,1.0,1.0,0.0,134.82,Retained,No Complaint
52781,0,17.0,Phone,1,14.0,Credit Card,Male,2.0,3,Mobile,1,Single,7,1,12.0,1.0,1.0,2.0,124.36000000000001,Retained,Filed Complaint
52782,0,0.0,Phone,3,14.0,Credit Card,Male,2.0,3,Mobile,5,Single,2,1,11.0,1.0,1.0,2.0,123.80000000000001,Retained,Filed Complaint
52783,0,12.0,Computer,1,15.0,Debit Card,Male,2.0,3,Others,1,Single,3,0,15.0,1.0,1.0,3.0,294.31,Retained,No Complaint
52784,1,9.0,Computer,3,15.0,E wallet,Male,2.0,3,Mobile,5,Married,2,0,19.0,1.0,1.0,0.0,117.9,Churned,No Complaint
52785,0,9.0,Mobile Phone,3,9.0,Credit Card,Female,3.0,4,Fashion,1,Married,1,0,19.0,0.0,3.0,4.0,176.44,Retained,No Complaint
52786,0,9.0,Computer,1,10.0,Debit Card,Female,3.0,3,Laptop & Accessory,4,Married,8,0,13.0,0.0,1.0,2.0,151.31,Retained,No Complaint
52787,0,29.0,Computer,1,7.0,Debit Card,Male,2.0,3,Laptop & Accessory,3,Married,2,0,21.0,0.0,1.0,9.0,163.06,Retained,No Complaint
52788,1,0.0,Phone,1,7.0,Credit Card,Male,2.0,3,Mobile,1,Married,10,1,14.0,2.0,2.0,2.0,147.87,Churned,Filed Complaint
52789,0,15.0,Mobile Phone,1,8.0,Debit Card,Male,2.0,3,Others,3,Married,6,0,11.0,1.0,4.0,14.0,288.8,Retained,No Complaint
52790,1,19.0,Phone,1,14.0,Cash on Delivery,Male,3.0,3,Mobile,3,Married,9,0,11.0,6.0,9.0,8.0,123.38999999999999,Churned,No Complaint
52791,0,14.0,Mobile Phone,1,34.0,Debit Card,Female,2.0,4,Grocery,4,Married,1,0,23.0,1.0,2.0,10.0,235.7,Retained,No Complaint
52792,0,7.0,Mobile Phone,3,34.0,E wallet,Female,3.0,4,Laptop & Accessory,3,Married,2,0,21.0,1.0,1.0,7.0,167.12,Retained,No Complaint
52793,0,9.0,Computer,3,21.0,E wallet,Male,2.0,5,Laptop & Accessory,1,Married,2,0,24.0,5.0,11.0,11.0,154.06,Retained,No Complaint
52794,0,14.0,Mobile Phone,3,9.0,Debit Card,Male,2.0,4,Laptop & Accessory,4,Married,3,0,11.0,1.0,1.0,4.0,189.38,Retained,No Complaint
52795,0,5.0,Phone,1,14.0,Cash on Delivery,Male,3.0,3,Mobile,5,Single,2,0,14.0,0.0,1.0,2.0,124.38999999999999,Retained,No Complaint
52796,0,8.0,Mobile Phone,2,32.0,Debit Card,Female,2.0,3,Fashion,1,Single,2,1,16.0,1.0,1.0,7.0,188.37,Retained,Filed Complaint
52797,0,11.0,Mobile Phone,3,16.0,Debit Card,Female,3.0,3,Laptop & Accessory,1,Married,2,0,11.0,0.0,1.0,9.0,153.43,Retained,No Complaint
52798,1,13.0,Computer,3,7.0,Debit Card,Male,3.0,3,Laptop & Accessory,3,Married,8,0,12.0,1.0,1.0,1.0,167.28,Churned,No Complaint
52799,0,9.0,Mobile Phone,3,17.0,E wallet,Female,3.0,4,Laptop & Accessory,1,Married,5,0,13.0,1.0,1.0,0.0,166.52,Retained,No Complaint
52800,0,18.0,Phone,3,26.0,Debit Card,Female,2.0,3,Laptop & Accessory,3,Single,9,0,15.0,0.0,1.0,1.0,148.5,Retained,No Complaint
52801,0,13.0,Phone,1,8.0,Debit Card,Male,3.0,4,Mobile,3,Single,3,0,14.0,0.0,2.0,2.0,128.09,Retained,No Complaint
52802,0,8.0,Computer,1,24.0,Debit Card,Male,3.0,3,Laptop & Accessory,3,Married,2,1,14.0,0.0,1.0,2.0,156.89,Retained,Filed Complaint
52803,0,9.0,Mobile Phone,1,8.0,Credit Card,Female,3.0,3,Mobile,3,Married,3,0,14.0,0.0,1.0,2.0,120.00999999999999,Retained,No Complaint
52804,0,8.0,Phone,1,7.0,Debit Card,Female,3.0,5,Mobile,1,Married,2,0,12.0,1.0,1.0,1.0,129.77,Retained,No Complaint
52805,0,2.0,Phone,1,19.0,UPI,Male,2.0,4,Laptop & Accessory,4,Married,5,1,13.0,0.0,1.0,3.0,140.25,Retained,Filed Complaint
52806,0,2.0,Phone,1,34.0,Credit Card,Female,3.0,4,Mobile,5,Single,2,0,14.0,0.0,1.0,4.0,137.85,Retained,No Complaint
52807,1,13.0,Mobile Phone,3,34.0,E wallet,Male,2.0,4,Fashion,5,Married,5,1,13.0,2.0,2.0,0.0,208.54000000000002,Churned,Filed Complaint
52808,0,12.0,Mobile Phone,3,30.0,E wallet,Female,2.0,4,Grocery,1,Married,1,0,11.0,3.0,9.0,3.0,220.31,Retained,No Complaint
52809,0,4.0,Computer,1,11.0,Credit Card,Male,3.0,3,Laptop & Accessory,5,Single,1,0,19.0,1.0,1.0,7.0,199.36,Retained,No Complaint
52810,0,0.0,Phone,3,11.0,UPI,Female,3.0,4,Mobile,3,Single,1,0,18.0,1.0,1.0,0.0,129.66,Retained,No Complaint
52811,0,9.0,Computer,1,14.0,Credit Card,Male,2.0,1,Laptop & Accessory,1,Married,5,0,17.0,0.0,1.0,3.0,125.71000000000001,Retained,No Complaint
52812,0,12.0,Mobile Phone,1,12.0,Credit Card,Male,2.0,4,Fashion,5,Married,5,0,15.0,0.0,1.0,7.0,199.91,Retained,No Complaint
52813,0,0.0,Mobile Phone,1,10.0,Debit Card,Male,2.0,1,Laptop & Accessory,4,Married,2,1,20.0,0.0,1.0,3.0,161.42,Retained,Filed Complaint
52814,0,22.0,Computer,3,8.0,Credit Card,Male,3.0,4,Laptop & Accessory,4,Married,3,0,14.0,1.0,1.0,8.0,153.9,Retained,No Complaint
52815,0,7.0,Phone,1,14.0,Credit Card,Male,2.0,1,Laptop & Accessory,3,Married,3,0,12.0,1.0,1.0,2.0,144.04,Retained,No Complaint
52816,1,5.0,Mobile Phone,3,7.0,Debit Card,Female,4.0,4,Laptop & Accessory,2,Single,10,1,12.0,2.0,2.0,6.0,184.93,Churned,Filed Complaint
52817,1,1.0,Phone,1,9.0,UPI,Male,4.0,5,Mobile,3,Single,8,1,16.0,1.0,2.0,1.0,145.9,Churned,Filed Complaint
52818,1,1.0,Phone,1,31.0,Debit Card,Male,3.0,5,Mobile,3,Single,7,1,15.0,1.0,2.0,4.0,145.28,Churned,Filed Complaint
52819,1,1.0,Mobile Phone,3,16.0,Debit Card,Male,3.0,5,Laptop & Accessory,5,Single,9,0,24.0,1.0,2.0,4.0,159.07,Churned,No Complaint
52820,1,1.0,Mobile Phone,1,13.0,Credit Card,Male,3.0,4,Mobile,5,Single,4,0,12.0,2.0,2.0,4.0,154.6,Churned,No Complaint
52821,1,1.0,Computer,1,23.0,Debit Card,Female,4.0,6,Mobile,5,Single,3,1,23.0,5.0,7.0,8.0,164.19,Churned,Filed Complaint
52822,1,3.0,Phone,3,12.0,Cash on Delivery,Male,3.0,4,Laptop & Accessory,2,Divorced,5,0,15.0,1.0,2.0,1.0,145.86,Churned,No Complaint
52823,1,1.0,Phone,1,7.0,Credit Card,Male,4.0,4,Mobile,2,Divorced,4,1,17.0,3.0,3.0,1.0,147.93,Churned,Filed Complaint
52824,1,14.0,Mobile Phone,3,10.0,E wallet,Male,3.0,5,Mobile,3,Divorced,3,1,15.0,1.0,2.0,3.0,151.83,Churned,Filed Complaint
52825,1,1.0,Phone,1,32.0,Debit Card,Male,3.0,6,Mobile,3,Single,3,0,13.0,2.0,2.0,2.0,147.93,Churned,No Complaint
52826,1,5.0,Mobile Phone,1,19.0,Cash on Delivery,Female,3.0,4,Others,3,Divorced,3,0,15.0,10.0,16.0,9.0,320.45,Churned,No Complaint
52827,1,12.0,Mobile Phone,1,7.0,Debit Card,Male,4.0,5,Fashion,3,Single,11,1,14.0,1.0,2.0,1.0,178.81,Churned,Filed Complaint
52828,1,1.0,Mobile Phone,1,12.0,Cash on Delivery,Male,3.0,4,Mobile,3,Single,3,1,14.0,3.0,3.0,3.0,159.41,Churned,Filed Complaint
52829,1,1.0,Mobile Phone,1,16.0,Credit Card,Male,4.0,5,Mobile,3,Divorced,2,1,18.0,1.0,2.0,1.0,158.88,Churned,Filed Complaint
52830,1,10.0,Mobile Phone,3,16.0,Credit Card,Male,4.0,5,Fashion,2,Single,3,0,17.0,1.0,5.0,3.0,221.19,Churned,No Complaint
52831,1,1.0,Phone,2,13.0,UPI,Male,4.0,4,Mobile,5,Married,6,1,23.0,2.0,2.0,3.0,145.73,Churned,Filed Complaint
52832,1,1.0,Computer,1,13.0,Debit Card,Female,4.0,5,Mobile,2,Single,3,1,19.0,2.0,2.0,1.0,154.26,Churned,Filed Complaint
52833,1,1.0,Mobile Phone,3,12.0,E wallet,Male,3.0,5,Laptop & Accessory,3,Single,3,1,12.0,2.0,2.0,4.0,182.44,Churned,Filed Complaint
52834,1,1.0,Computer,1,14.0,Debit Card,Male,4.0,6,Laptop & Accessory,3,Single,3,1,25.0,2.0,2.0,7.0,185.74,Churned,Filed Complaint
52835,1,20.0,Mobile Phone,1,21.0,Debit Card,Female,4.0,4,Mobile,4,Divorced,11,1,19.0,2.0,5.0,4.0,174.63,Churned,Filed Complaint
52836,1,1.0,Mobile Phone,3,13.0,Debit Card,Male,4.0,6,Laptop & Accessory,3,Divorced,6,1,19.0,7.0,8.0,8.0,186.72,Churned,Filed Complaint
52837,1,21.0,Mobile Phone,1,30.0,Credit Card,Female,4.0,4,Fashion,2,Divorced,3,0,13.0,12.0,16.0,3.0,228.12,Churned,No Complaint
52838,1,1.0,Phone,3,29.0,E wallet,Male,3.0,4,Mobile,3,Single,3,1,20.0,1.0,2.0,1.0,141.75,Churned,Filed Complaint
52839,1,1.0,Mobile Phone,3,27.0,Debit Card,Female,4.0,6,Laptop & Accessory,3,Divorced,5,1,12.0,2.0,3.0,3.0,170.59,Churned,Filed Complaint
52840,1,15.0,Computer,1,15.0,Debit Card,Male,3.0,6,Fashion,2,Single,4,0,16.0,1.0,2.0,4.0,231.5,Churned,No Complaint
52841,1,1.0,Mobile Phone,1,16.0,Credit Card,Female,3.0,4,Mobile,5,Single,9,0,23.0,2.0,2.0,5.0,167.0,Churned,No Complaint
52842,0,9.0,Mobile Phone,3,7.0,E wallet,Male,4.0,4,Fashion,4,Divorced,3,0,14.0,2.0,2.0,7.0,197.95,Retained,No Complaint
52843,0,27.0,Phone,3,13.0,E wallet,Male,3.0,4,Laptop & Accessory,3,Divorced,4,1,21.0,1.0,5.0,6.0,148.06,Retained,Filed Complaint
52844,0,19.0,Phone,1,16.0,Debit Card,Male,3.0,4,Laptop & Accessory,4,Married,10,0,19.0,2.0,2.0,16.0,148.48,Retained,No Complaint
52845,0,6.0,Computer,3,15.0,E wallet,Female,3.0,4,Fashion,2,Single,3,0,15.0,3.0,4.0,3.0,214.98,Retained,No Complaint
52846,0,3.0,Computer,1,7.0,Cash on Delivery,Male,3.0,4,Laptop & Accessory,3,Divorced,3,0,14.0,1.0,2.0,10.0,168.19,Retained,No Complaint
52847,0,1.0,Mobile Phone,1,14.0,Credit Card,Male,3.0,5,Laptop & Accessory,3,Divorced,4,0,18.0,2.0,2.0,1.0,186.32,Retained,No Complaint
52848,0,31.0,Mobile Phone,1,16.0,Credit Card,Female,4.0,5,Mobile,4,Divorced,6,1,21.0,2.0,2.0,1.0,158.46,Retained,Filed Complaint
52849,0,14.0,Mobile Phone,3,11.0,E wallet,Male,4.0,5,Fashion,2,Divorced,9,0,12.0,3.0,2.0,12.0,233.55,Retained,No Complaint
52850,0,8.0,Computer,3,9.0,E wallet,Female,4.0,4,Mobile,3,Divorced,8,0,19.0,2.0,2.0,3.0,147.31,Retained,No Complaint
52851,0,1.0,Phone,1,26.0,Credit Card,Male,4.0,4,Mobile,2,Divorced,3,0,25.0,1.0,3.0,3.0,148.23,Retained,No Complaint
52852,0,1.0,Computer,1,16.0,Credit Card,Male,3.0,4,Mobile,4,Married,8,0,19.0,1.0,3.0,3.0,145.24,Retained,No Complaint
52853,0,2.0,Mobile Phone,1,28.0,Credit Card,Male,3.0,4,Mobile,2,Divorced,3,0,12.0,1.0,2.0,3.0,152.13,Retained,No Complaint
52854,0,31.0,Mobile Phone,1,31.0,Debit Card,Male,3.0,3,Fashion,2,Married,5,1,17.0,2.0,2.0,3.0,219.39,Retained,Filed Complaint
52855,0,1.0,Computer,1,10.0,Credit Card,Male,4.0,5,Mobile,3,Married,3,1,16.0,1.0,2.0,2.0,150.66,Retained,Filed Complaint
52856,0,24.0,Mobile Phone,1,18.0,Debit Card,Female,3.0,4,Others,4,Single,5,0,16.0,3.0,5.0,5.0,324.26,Retained,No Complaint
52857,0,15.0,Phone,1,21.0,Debit Card,Male,3.0,4,Mobile,3,Married,6,0,13.0,2.0,2.0,9.0,149.51,Retained,No Complaint
52858,0,4.0,Mobile Phone,3,12.0,Debit Card,Female,3.0,4,Fashion,2,Divorced,4,0,13.0,3.0,8.0,3.0,219.19,Retained,No Complaint
52859,0,12.0,Mobile Phone,3,7.0,Debit Card,Female,3.0,5,Laptop & Accessory,2,Single,6,0,23.0,2.0,2.0,3.0,211.86,Retained,No Complaint
52860,0,6.0,Mobile Phone,1,13.0,Debit Card,Male,3.0,4,Mobile,3,Single,5,0,21.0,1.0,2.0,5.0,155.38,Retained,No Complaint
52861,0,1.0,Mobile Phone,1,24.0,Cash on Delivery,Male,3.0,4,Mobile,4,Divorced,2,1,17.0,2.0,2.0,2.0,155.58,Retained,Filed Complaint
52862,1,1.0,Computer,3,7.0,Cash on Delivery,Female,4.0,6,Mobile,5,Single,2,0,22.0,2.0,2.0,1.0,148.25,Churned,No Complaint
52863,0,10.0,Computer,1,10.0,Credit Card,Male,2.0,4,Mobile,4,Single,6,0,13.0,5.0,8.0,3.0,145.88,Retained,No Complaint
52864,0,4.0,Computer,1,16.0,Credit Card,Male,4.0,4,Laptop & Accessory,5,Married,3,0,12.0,1.0,7.0,11.0,155.72,Retained,No Complaint
52865,0,19.0,Mobile Phone,3,11.0,Debit Card,Female,2.0,4,Laptop & Accessory,5,Married,6,1,12.0,1.0,2.0,4.0,175.06,Retained,Filed Complaint
52866,0,30.0,Mobile Phone,1,15.0,Debit Card,Female,4.0,4,Mobile,5,Married,6,1,19.0,2.0,3.0,3.0,167.57,Retained,Filed Complaint
52867,0,7.0,Mobile Phone,1,9.0,Debit Card,Male,3.0,4,Mobile,2,Single,2,0,15.0,1.0,2.0,3.0,150.0,Retained,No Complaint
52868,1,1.0,Phone,1,9.0,Debit Card,Male,3.0,5,Mobile,2,Single,3,0,23.0,1.0,2.0,1.0,136.02,Churned,No Complaint
52869,0,20.0,Mobile Phone,3,7.0,E wallet,Female,4.0,4,Fashion,5,Married,3,0,26.0,5.0,16.0,3.0,229.53,Retained,No Complaint
52870,0,12.0,Phone,1,16.0,Debit Card,Female,4.0,4,Mobile,2,Single,3,0,13.0,2.0,3.0,2.0,147.88,Retained,No Complaint
52871,0,5.0,Mobile Phone,1,19.0,Credit Card,Female,4.0,4,Mobile,2,Divorced,10,1,24.0,2.0,2.0,3.0,164.29,Retained,Filed Complaint
52872,0,8.0,Phone,1,34.0,Credit Card,Female,4.0,4,Mobile,4,Single,4,0,16.0,2.0,2.0,3.0,148.11,Retained,No Complaint
52873,1,5.0,Mobile Phone,3,27.0,E wallet,Female,4.0,4,Mobile,4,Single,3,1,23.0,1.0,2.0,3.0,156.4,Churned,Filed Complaint
52874,0,24.0,Mobile Phone,1,7.0,Credit Card,Male,3.0,5,Mobile,3,Divorced,4,0,16.0,1.0,2.0,3.0,161.9,Retained,No Complaint
52875,0,27.0,Mobile Phone,1,20.0,Credit Card,Female,3.0,3,Laptop & Accessory,5,Married,3,0,12.0,2.0,2.0,4.0,169.5,Retained,No Complaint
52876,0,7.0,Mobile Phone,1,21.0,Credit Card,Female,4.0,4,Mobile,4,Divorced,3,0,14.0,1.0,2.0,7.0,152.56,Retained,No Complaint
52877,0,14.0,Mobile Phone,1,11.0,Credit Card,Female,3.0,4,Others,3,Divorced,3,0,15.0,1.0,10.0,10.0,315.33,Retained,No Complaint
52878,0,29.0,Mobile Phone,1,21.0,Credit Card,Male,4.0,3,Others,4,Single,10,0,15.0,1.0,3.0,16.0,312.22,Retained,No Complaint
52879,0,8.0,Computer,1,9.0,Debit Card,Male,3.0,5,Laptop & Accessory,3,Divorced,3,0,18.0,1.0,2.0,3.0,220.47,Retained,No Complaint
52880,0,25.0,Mobile Phone,1,10.0,Credit Card,Female,4.0,4,Grocery,4,Single,5,0,19.0,1.0,2.0,1.0,262.34,Retained,No Complaint
52881,0,26.0,Mobile Phone,1,7.0,Debit Card,Male,4.0,5,Others,3,Divorced,2,0,15.0,2.0,12.0,10.0,324.99,Retained,No Complaint
52882,0,1.0,Phone,1,16.0,Credit Card,Female,3.0,4,Mobile,4,Single,3,0,17.0,2.0,2.0,4.0,147.79,Retained,No Complaint
52883,1,1.0,Mobile Phone,1,30.0,Debit Card,Male,3.0,5,Laptop & Accessory,3,Divorced,5,1,14.0,2.0,2.0,2.0,184.16,Churned,Filed Complaint
52884,0,17.0,Computer,1,14.0,Credit Card,Male,3.0,3,Mobile,2,Married,6,0,15.0,1.0,3.0,3.0,145.89,Retained,No Complaint
52885,0,19.0,Computer,1,9.0,Credit Card,Male,4.0,5,Grocery,2,Divorced,11,0,15.0,10.0,12.0,9.0,292.92,Retained,No Complaint
52886,0,11.0,Mobile Phone,1,28.0,Debit Card,Male,4.0,3,Mobile,5,Divorced,3,1,13.0,1.0,2.0,8.0,160.64,Retained,Filed Complaint
52887,0,9.0,Computer,1,9.0,Credit Card,Female,3.0,4,Laptop & Accessory,4,Single,7,0,12.0,2.0,2.0,3.0,169.25,Retained,No Complaint
52888,0,16.0,Computer,1,28.0,Credit Card,Female,3.0,4,Laptop & Accessory,3,Married,4,0,17.0,1.0,2.0,3.0,177.65,Retained,No Complaint
52889,0,12.0,Mobile Phone,1,9.0,Debit Card,Male,3.0,4,Laptop & Accessory,3,Divorced,11,0,15.0,1.0,2.0,1.0,190.53,Retained,No Complaint
52890,0,12.0,Mobile Phone,1,36.0,Cash on Delivery,Male,3.0,4,Laptop & Accessory,2,Divorced,5,0,19.0,1.0,2.0,8.0,187.61,Retained,No Complaint
52891,0,1.0,Computer,1,7.0,Cash on Delivery,Male,3.0,5,Laptop & Accessory,5,Divorced,7,0,20.0,1.0,3.0,1.0,167.98,Retained,No Complaint
52892,0,23.0,Computer,1,25.0,Debit Card,Male,4.0,4,Laptop & Accessory,2,Married,3,1,16.0,1.0,2.0,8.0,193.04,Retained,Filed Complaint
52893,0,8.0,Computer,1,17.0,Credit Card,Male,3.0,4,Mobile,3,Married,3,1,18.0,3.0,3.0,1.0,163.15,Retained,Filed Complaint
52894,0,14.0,Mobile Phone,1,26.0,Credit Card,Male,3.0,4,Laptop & Accessory,2,Divorced,10,1,16.0,2.0,4.0,8.0,152.41,Retained,Filed Complaint
52895,1,2.0,Mobile Phone,1,36.0,Credit Card,Male,4.0,4,Laptop & Accessory,5,Divorced,9,1,20.0,1.0,2.0,1.0,191.73,Churned,Filed Complaint
52896,1,1.0,Mobile Phone,3,34.0,E wallet,Female,3.0,4,Fashion,2,Divorced,3,0,23.0,2.0,2.0,10.0,201.39,Churned,No Complaint
52897,0,1.0,Phone,1,12.0,Debit Card,Male,3.0,3,Mobile,4,Married,3,1,17.0,1.0,3.0,3.0,148.28,Retained,Filed Complaint
52898,0,10.0,Computer,1,25.0,Credit Card,Female,4.0,4,Mobile,2,Single,3,0,14.0,2.0,2.0,8.0,146.53,Retained,No Complaint
52899,0,14.0,Computer,1,16.0,Debit Card,Male,4.0,5,Laptop & Accessory,2,Divorced,11,0,15.0,2.0,2.0,3.0,173.76,Retained,No Complaint
52900,0,20.0,Mobile Phone,1,7.0,Credit Card,Male,4.0,4,Fashion,5,Married,9,0,17.0,1.0,2.0,3.0,218.96,Retained,No Complaint
52901,1,1.0,Mobile Phone,3,11.0,Credit Card,Male,3.0,6,Fashion,2,Divorced,3,0,12.0,8.0,10.0,3.0,229.0,Churned,No Complaint
52902,0,4.0,Computer,1,7.0,Debit Card,Male,3.0,5,Fashion,3,Single,3,0,23.0,3.0,6.0,3.0,209.74,Retained,No Complaint
52903,0,1.0,Computer,3,27.0,Debit Card,Female,3.0,4,Laptop & Accessory,3,Single,3,0,15.0,2.0,2.0,3.0,224.81,Retained,No Complaint
52904,0,25.0,Mobile Phone,1,15.0,Debit Card,Male,3.0,5,Fashion,4,Divorced,7,0,17.0,2.0,2.0,8.0,249.89999999999998,Retained,No Complaint
52905,1,1.0,Mobile Phone,1,10.0,Cash on Delivery,Female,3.0,4,Mobile,5,Single,7,1,12.0,2.0,2.0,5.0,151.57,Churned,Filed Complaint
52906,0,15.0,Mobile Phone,3,13.0,Debit Card,Female,4.0,4,Fashion,2,Single,5,1,19.0,1.0,2.0,1.0,260.91,Retained,Filed Complaint
52907,1,1.0,Computer,3,33.0,E wallet,Female,3.0,5,Laptop & Accessory,5,Single,7,0,16.0,1.0,2.0,2.0,191.96,Churned,No Complaint
52908,1,1.0,Phone,1,7.0,Cash on Delivery,Male,3.0,4,Mobile,3,Single,2,0,15.0,1.0,2.0,6.0,145.58,Churned,No Complaint
52909,0,19.0,Computer,3,13.0,Credit Card,Female,3.0,5,Fashion,2,Single,8,0,13.0,13.0,13.0,3.0,213.65,Retained,No Complaint
52910,0,28.0,Mobile Phone,3,10.0,E wallet,Female,3.0,4,Laptop & Accessory,5,Divorced,4,0,15.0,2.0,2.0,6.0,184.4,Retained,No Complaint
52911,0,10.0,Mobile Phone,1,12.0,Debit Card,Male,4.0,4,Laptop & Accessory,4,Single,10,0,17.0,1.0,4.0,8.0,184.14,Retained,No Complaint
52912,0,7.0,Mobile Phone,1,11.0,Credit Card,Female,3.0,5,Mobile,4,Divorced,8,0,22.0,1.0,2.0,2.0,151.22,Retained,No Complaint
52913,0,11.0,Computer,1,18.0,UPI,Male,3.0,4,Fashion,2,Married,3,1,15.0,1.0,2.0,8.0,246.85000000000002,Retained,Filed Complaint
52914,0,12.0,Mobile Phone,3,10.0,Debit Card,Male,4.0,4,Fashion,3,Married,2,0,13.0,2.0,6.0,3.0,231.08999999999997,Retained,No Complaint
52915,0,5.0,Computer,1,7.0,Credit Card,Male,3.0,6,Laptop & Accessory,3,Divorced,2,0,13.0,2.0,2.0,5.0,168.45,Retained,No Complaint
52916,0,31.0,Phone,1,10.0,Debit Card,Male,4.0,5,Mobile,2,Divorced,5,0,18.0,1.0,2.0,1.0,146.77,Retained,No Complaint
52917,0,11.0,Computer,3,11.0,E wallet,Male,3.0,4,Mobile,2,Married,6,0,18.0,2.0,6.0,9.0,25.0,Retained,No Complaint
52918,0,3.0,Computer,3,7.0,Credit Card,Female,3.0,4,Fashion,2,Divorced,3,0,15.0,5.0,5.0,2.0,204.18,Retained,No Complaint
52919,0,9.0,Computer,3,7.0,E wallet,Female,4.0,4,Fashion,3,Single,3,0,15.0,2.0,2.0,3.0,212.89,Retained,No Complaint
52920,1,1.0,Phone,1,25.0,Credit Card,Male,3.0,5,Mobile,2,Single,3,1,14.0,1.0,2.0,2.0,148.89,Churned,Filed Complaint
52921,0,26.0,Mobile Phone,1,9.0,Debit Card,Female,3.0,5,Mobile,2,Single,9,0,16.0,1.0,3.0,3.0,157.12,Retained,No Complaint
52922,0,16.0,Mobile Phone,1,11.0,Cash on Delivery,Male,3.0,4,Others,2,Divorced,3,0,15.0,1.0,12.0,16.0,317.32,Retained,No Complaint
52923,0,31.0,Phone,2,13.0,Credit Card,Male,3.0,4,Mobile,3,Divorced,10,0,18.0,3.0,3.0,3.0,147.67,Retained,No Complaint
52924,0,24.0,Mobile Phone,3,7.0,Credit Card,Female,4.0,4,Others,2,Married,5,0,15.0,2.0,2.0,7.0,320.17,Retained,No Complaint
52925,1,1.0,Phone,1,21.0,Credit Card,Male,3.0,4,Mobile,2,Divorced,7,1,14.0,1.0,2.0,5.0,149.36,Churned,Filed Complaint
52926,0,17.0,Mobile Phone,3,23.0,E wallet,Female,4.0,4,Grocery,2,Divorced,7,1,23.0,1.0,2.0,10.0,285.64,Retained,Filed Complaint
52927,1,1.0,Mobile Phone,1,9.0,Debit Card,Female,3.0,4,Mobile,5,Divorced,9,0,21.0,2.0,2.0,8.0,152.07,Churned,No Complaint
52928,0,26.0,Computer,3,9.0,Debit Card,Male,4.0,5,Others,3,Single,3,1,15.0,8.0,16.0,13.0,315.68,Retained,Filed Complaint
52929,0,6.0,Mobile Phone,3,11.0,Debit Card,Female,3.0,4,Mobile,4,Divorced,4,0,12.0,2.0,2.0,3.0,164.31,Retained,No Complaint
52930,1,1.0,Mobile Phone,1,7.0,Debit Card,Male,4.0,5,Mobile,3,Single,2,1,15.0,2.0,2.0,3.0,162.3,Churned,Filed Complaint
52931,0,13.0,Phone,1,7.0,Credit Card,Female,4.0,4,Mobile,3,Married,9,0,15.0,1.0,2.0,3.0,147.32,Retained,No Complaint
52932,0,6.0,Computer,3,33.0,E wallet,Male,4.0,4,Laptop & Accessory,2,Divorced,2,0,19.0,2.0,3.0,3.0,169.65,Retained,No Complaint
52933,0,15.0,Mobile Phone,1,26.0,Debit Card,Male,3.0,4,Laptop & Accessory,5,Married,4,0,17.0,2.0,2.0,1.0,155.72,Retained,No Complaint
52934,0,14.0,Mobile Phone,1,31.0,Cash on Delivery,Male,4.0,4,Laptop & Accessory,2,Married,3,0,18.0,3.0,5.0,8.0,158.19,Retained,No Complaint
52935,0,19.0,Mobile Phone,1,7.0,UPI,Male,4.0,3,Others,2,Divorced,2,0,15.0,2.0,2.0,8.0,317.02,Retained,No Complaint
52936,0,5.0,Computer,1,10.0,Credit Card,Male,4.0,4,Fashion,3,Married,11,0,13.0,1.0,3.0,3.0,261.75,Retained,No Complaint
52937,0,7.0,Mobile Phone,1,12.0,Debit Card,Female,4.0,5,Mobile,2,Divorced,3,0,14.0,1.0,2.0,3.0,154.11,Retained,No Complaint
52938,0,8.0,Mobile Phone,1,9.0,Debit Card,Male,3.0,5,Laptop & Accessory,5,Divorced,8,0,14.0,1.0,6.0,10.0,184.57,Retained,No Complaint
52939,0,11.0,Mobile Phone,1,7.0,Credit Card,Female,3.0,5,Mobile,5,Divorced,4,0,15.0,2.0,2.0,3.0,164.2,Retained,No Complaint
52940,0,19.0,Computer,1,14.0,Debit Card,Male,4.0,3,Laptop & Accessory,3,Divorced,6,0,18.0,1.0,2.0,3.0,189.34,Retained,No Complaint
52941,1,1.0,Computer,1,17.0,Credit Card,Male,4.0,4,Fashion,3,Married,8,0,12.0,2.0,2.0,3.0,225.48,Churned,No Complaint
52942,0,13.0,Computer,1,9.0,Cash on Delivery,Female,4.0,4,Fashion,3,Single,2,0,26.0,11.0,2.0,9.0,234.38,Retained,No Complaint
52943,0,3.0,Phone,1,22.0,Debit Card,Male,3.0,4,Mobile,2,Single,3,0,20.0,1.0,2.0,6.0,148.4,Retained,No Complaint
52944,0,16.0,Mobile Phone,1,24.0,Debit Card,Female,3.0,3,Laptop & Accessory,5,Single,5,1,14.0,1.0,2.0,3.0,190.45,Retained,Filed Complaint
52945,0,3.0,Mobile Phone,3,27.0,E wallet,Male,3.0,4,Laptop & Accessory,2,Married,4,0,15.0,2.0,2.0,3.0,194.31,Retained,No Complaint
52946,0,1.0,Mobile Phone,1,7.0,Debit Card,Female,4.0,4,Laptop & Accessory,3,Divorced,2,0,13.0,2.0,2.0,3.0,173.98,Retained,No Complaint
52947,0,16.0,Mobile Phone,1,9.0,Credit Card,Female,3.0,5,Mobile,5,Married,2,1,12.0,5.0,8.0,9.0,150.93,Retained,Filed Complaint
52948,0,14.0,Mobile Phone,1,9.0,Credit Card,Male,3.0,4,Others,3,Married,2,0,15.0,1.0,4.0,10.0,319.36,Retained,No Complaint
52949,0,25.0,Mobile Phone,1,7.0,Debit Card,Male,4.0,4,Mobile,2,Divorced,3,0,12.0,2.0,2.0,1.0,152.23,Retained,No Complaint
52950,1,1.0,Computer,1,36.0,Credit Card,Male,4.0,5,Mobile,4,Single,2,0,12.0,2.0,2.0,5.0,159.79,Churned,No Complaint
52951,0,6.0,Computer,1,14.0,Debit Card,Male,4.0,3,Mobile,4,Divorced,3,0,21.0,1.0,2.0,4.0,152.94,Retained,No Complaint
52952,0,12.0,Computer,3,9.0,Debit Card,Male,3.0,5,Laptop & Accessory,2,Divorced,5,0,19.0,7.0,8.0,6.0,177.49,Retained,No Complaint
52953,0,6.0,Phone,1,9.0,Cash on Delivery,Male,3.0,5,Laptop & Accessory,5,Single,6,0,14.0,1.0,2.0,5.0,146.76,Retained,No Complaint
52954,0,20.0,Mobile Phone,3,9.0,Cash on Delivery,Female,4.0,6,Grocery,4,Divorced,5,1,15.0,7.0,8.0,8.0,293.72,Retained,Filed Complaint
52955,1,1.0,Mobile Phone,1,9.0,Debit Card,Male,4.0,4,Mobile,3,Single,4,0,12.0,2.0,2.0,1.0,159.85,Churned,No Complaint
52956,0,3.0,Mobile Phone,3,9.0,Credit Card,Male,4.0,5,Laptop & Accessory,4,Divorced,4,0,20.0,1.0,2.0,1.0,191.44,Retained,No Complaint
52957,0,5.0,Mobile Phone,1,30.0,Credit Card,Male,4.0,5,Laptop & Accessory,2,Divorced,2,0,22.0,2.0,8.0,9.0,180.82,Retained,No Complaint
52958,0,1.0,Computer,1,12.0,Debit Card,Male,3.0,3,Laptop & Accessory,5,Married,3,0,13.0,2.0,2.0,6.0,165.0,Retained,No Complaint
52959,0,19.0,Mobile Phone,1,27.0,Credit Card,Male,4.0,4,Grocery,2,Divorced,2,1,15.0,1.0,2.0,11.0,259.96,Retained,Filed Complaint
52960,0,10.0,Mobile Phone,1,13.0,Debit Card,Male,3.0,4,Mobile,2,Divorced,2,0,12.0,5.0,11.0,12.0,157.1,Retained,No Complaint
52961,0,29.0,Mobile Phone,1,7.0,Credit Card,Male,3.0,4,Others,5,Single,2,1,15.0,5.0,5.0,14.0,315.45,Retained,Filed Complaint
52962,1,11.0,Computer,1,36.0,Debit Card,Male,3.0,4,Fashion,4,Divorced,3,1,13.0,6.0,2.0,10.0,243.49,Churned,Filed Complaint
52963,0,2.0,Phone,1,16.0,Credit Card,Male,4.0,4,Mobile,2,Divorced,3,0,24.0,2.0,2.0,5.0,145.7,Retained,No Complaint
52964,0,11.0,Mobile Phone,3,13.0,Credit Card,Male,4.0,4,Laptop & Accessory,2,Divorced,6,0,15.0,1.0,2.0,2.0,190.02,Retained,No Complaint
52965,0,1.0,Mobile Phone,1,10.0,Credit Card,Male,4.0,5,Mobile,3,Single,3,0,18.0,2.0,2.0,1.0,157.3,Retained,No Complaint
52966,0,11.0,Computer,1,7.0,Credit Card,Female,1.0,4,Fashion,2,Married,4,1,19.0,1.0,2.0,3.0,261.03,Retained,Filed Complaint
52967,0,3.0,Mobile Phone,1,29.0,Debit Card,Female,4.0,3,Fashion,4,Married,9,0,19.0,6.0,2.0,3.0,244.95999999999998,Retained,No Complaint
52968,0,12.0,Mobile Phone,3,14.0,Credit Card,Female,3.0,3,Laptop & Accessory,5,Married,3,1,25.0,1.0,8.0,8.0,181.05,Retained,Filed Complaint
52969,0,1.0,Computer,1,7.0,Debit Card,Female,3.0,4,Laptop & Accessory,4,Married,3,0,21.0,1.0,2.0,5.0,188.97,Retained,No Complaint
52970,0,24.0,Mobile Phone,1,11.0,Debit Card,Male,4.0,4,Others,4,Married,5,0,15.0,2.0,2.0,7.0,316.44,Retained,No Complaint
52971,0,27.0,Mobile Phone,1,10.0,Credit Card,Male,3.0,4,Grocery,3,Divorced,5,1,15.0,1.0,2.0,4.0,300.84,Retained,Filed Complaint
52972,0,16.0,Mobile Phone,3,7.0,Debit Card,Male,3.0,4,Laptop & Accessory,3,Divorced,3,0,26.0,5.0,12.0,7.0,174.07,Retained,No Complaint
52973,0,3.0,Computer,3,9.0,Debit Card,Male,3.0,4,Laptop & Accessory,2,Single,3,0,19.0,1.0,2.0,10.0,170.54,Retained,No Complaint
52974,0,29.0,Mobile Phone,1,27.0,Cash on Delivery,Male,3.0,4,Laptop & Accessory,2,Divorced,5,1,20.0,2.0,2.0,9.0,179.15,Retained,Filed Complaint
52975,0,1.0,Computer,1,18.0,Credit Card,Male,3.0,4,Laptop & Accessory,5,Divorced,3,1,14.0,3.0,4.0,4.0,172.41,Retained,Filed Complaint
52976,0,11.0,Phone,1,7.0,Debit Card,Female,3.0,4,Mobile,2,Single,3,0,13.0,2.0,6.0,8.0,146.15,Retained,No Complaint
52977,1,8.0,Computer,1,31.0,Debit Card,Male,3.0,4,Mobile,3,Married,5,1,23.0,1.0,2.0,1.0,156.61,Churned,Filed Complaint
52978,0,12.0,Mobile Phone,1,30.0,Debit Card,Male,3.0,4,Laptop & Accessory,2,Married,11,0,15.0,1.0,2.0,3.0,182.45,Retained,No Complaint
52979,1,1.0,Phone,1,23.0,Credit Card,Male,3.0,4,Mobile,4,Married,4,1,14.0,2.0,2.0,3.0,148.73,Churned,Filed Complaint
52980,0,2.0,Mobile Phone,1,15.0,Debit Card,Female,4.0,4,Mobile,2,Single,3,0,22.0,1.0,2.0,3.0,158.1,Retained,No Complaint
52981,0,23.0,Computer,1,17.0,Debit Card,Female,3.0,4,Others,5,Single,11,1,15.0,1.0,2.0,3.0,311.65,Retained,Filed Complaint
52982,0,10.0,Mobile Phone,1,10.0,Cash on Delivery,Male,2.0,4,Laptop & Accessory,4,Single,6,0,13.0,7.0,8.0,8.0,169.85,Retained,No Complaint
52983,0,5.0,Computer,3,12.0,E wallet,Female,3.0,4,Mobile,4,Married,3,0,12.0,1.0,3.0,3.0,152.89,Retained,No Complaint
52984,1,1.0,Mobile Phone,3,11.0,E wallet,Male,3.0,5,Laptop & Accessory,2,Single,3,1,13.0,8.0,8.0,5.0,183.28,Churned,Filed Complaint
52985,0,11.0,Computer,1,16.0,Credit Card,Male,3.0,4,Mobile,2,Divorced,3,1,13.0,1.0,2.0,3.0,148.26,Retained,Filed Complaint
52986,0,16.0,Computer,3,33.0,E wallet,Female,4.0,4,Grocery,4,Divorced,7,0,15.0,3.0,2.0,9.0,260.25,Retained,No Complaint
52987,1,1.0,Phone,1,10.0,Debit Card,Male,3.0,4,Mobile,3,Single,3,0,14.0,1.0,2.0,1.0,139.2,Churned,No Complaint
52988,0,9.0,Mobile Phone,3,23.0,E wallet,Male,4.0,4,Fashion,4,Divorced,2,0,16.0,4.0,7.0,10.0,205.2,Retained,No Complaint
52989,0,10.0,Computer,1,25.0,Debit Card,Male,3.0,3,Mobile,2,Divorced,6,0,19.0,1.0,2.0,1.0,161.88,Retained,No Complaint
52990,0,25.0,Mobile Phone,1,9.0,Credit Card,Male,3.0,6,Laptop & Accessory,4,Married,7,0,19.0,1.0,2.0,3.0,179.82,Retained,No Complaint
52991,0,15.0,Mobile Phone,3,9.0,Debit Card,Male,3.0,4,Grocery,4,Single,3,0,20.0,1.0,2.0,5.0,285.15,Retained,No Complaint
52992,0,1.0,Phone,3,17.0,Credit Card,Female,4.0,5,Mobile,3,Single,3,0,13.0,2.0,2.0,1.0,137.0,Retained,No Complaint
52993,0,2.0,Mobile Phone,1,23.0,Credit Card,Male,4.0,3,Laptop & Accessory,5,Single,2,0,20.0,1.0,2.0,8.0,181.61,Retained,No Complaint
52994,0,5.0,Mobile Phone,3,14.0,Cash on Delivery,Male,4.0,3,Laptop & Accessory,2,Divorced,6,0,12.0,4.0,8.0,8.0,194.29,Retained,No Complaint
52995,0,13.0,Mobile Phone,1,7.0,Credit Card,Male,3.0,3,Fashion,2,Married,2,0,18.0,4.0,4.0,3.0,221.13,Retained,No Complaint
52996,0,10.0,Computer,1,31.0,Debit Card,Female,3.0,4,Laptop & Accessory,4,Divorced,9,0,16.0,1.0,2.0,9.0,181.74,Retained,No Complaint
52997,0,6.0,Mobile Phone,3,14.0,Debit Card,Male,4.0,5,Laptop & Accessory,3,Divorced,3,0,15.0,2.0,5.0,9.0,179.84,Retained,No Complaint
52998,0,12.0,Mobile Phone,1,32.0,Debit Card,Female,3.0,5,Fashion,4,Divorced,5,0,18.0,2.0,2.0,2.0,245.61,Retained,No Complaint
52999,0,31.0,Computer,1,7.0,Debit Card,Male,3.0,6,Laptop & Accessory,3,Married,4,1,14.0,2.0,2.0,3.0,181.6,Retained,Filed Complaint
53000,0,5.0,Mobile Phone,1,12.0,Cash on Delivery,Male,3.0,4,Mobile,2,Divorced,2,1,13.0,1.0,2.0,4.0,173.21,Retained,Filed Complaint
53001,0,5.0,Mobile Phone,2,9.0,UPI,Male,4.0,5,Laptop & Accessory,5,Divorced,5,0,13.0,1.0,2.0,1.0,189.1,Retained,No Complaint
53002,0,19.0,Computer,1,14.0,Debit Card,Male,4.0,4,Fashion,5,Married,3,0,19.0,6.0,10.0,12.0,177.1,Retained,No Complaint
53003,0,5.0,Mobile Phone,1,9.0,Debit Card,Male,3.0,4,Mobile,2,Married,2,1,19.0,2.0,3.0,3.0,151.95,Retained,Filed Complaint
53004,0,7.0,Computer,1,12.0,Debit Card,Female,4.0,4,Fashion,4,Divorced,8,0,12.0,3.0,2.0,9.0,243.77999999999997,Retained,No Complaint
53005,0,13.0,Mobile Phone,1,17.0,Credit Card,Male,3.0,4,Grocery,5,Divorced,3,1,15.0,12.0,12.0,11.0,295.68,Retained,Filed Complaint
53006,0,17.0,Computer,1,17.0,Debit Card,Female,3.0,4,Mobile,2,Single,2,0,20.0,1.0,2.0,8.0,149.55,Retained,No Complaint
53007,0,23.0,Mobile Phone,1,7.0,Cash on Delivery,Female,3.0,5,Grocery,3,Single,9,1,13.0,1.0,2.0,8.0,264.64,Retained,Filed Complaint
53008,1,16.0,Mobile Phone,1,15.0,Credit Card,Male,3.0,5,Laptop & Accessory,4,Divorced,4,0,16.0,8.0,8.0,8.0,174.41,Churned,No Complaint
53009,0,1.0,Mobile Phone,1,12.0,Debit Card,Female,3.0,4,Mobile,4,Single,3,1,13.0,1.0,2.0,3.0,149.78,Retained,Filed Complaint
53010,0,6.0,Mobile Phone,3,15.0,Cash on Delivery,Female,4.0,5,Laptop & Accessory,4,Divorced,3,1,12.0,7.0,12.0,10.0,177.28,Retained,Filed Complaint
53011,0,1.0,Mobile Phone,3,9.0,Debit Card,Male,4.0,4,Laptop & Accessory,3,Single,3,1,12.0,2.0,2.0,5.0,169.78,Retained,Filed Complaint
53012,0,5.0,Mobile Phone,3,14.0,E wallet,Male,4.0,4,Laptop & Accessory,2,Married,6,0,13.0,1.0,2.0,8.0,200.47,Retained,No Complaint
53013,0,6.0,Mobile Phone,1,9.0,Credit Card,Female,4.0,3,Laptop & Accessory,2,Single,9,0,17.0,2.0,2.0,8.0,175.55,Retained,No Complaint
53014,1,1.0,Mobile Phone,1,9.0,Credit Card,Male,3.0,6,Mobile,2,Divorced,7,1,14.0,3.0,3.0,3.0,159.64,Churned,Filed Complaint
53015,0,4.0,Mobile Phone,1,35.0,Credit Card,Female,4.0,4,Laptop & Accessory,2,Divorced,3,0,14.0,1.0,2.0,10.0,182.75,Retained,No Complaint
53016,0,5.0,Computer,1,14.0,Debit Card,Female,3.0,5,Fashion,3,Divorced,3,0,25.0,4.0,9.0,3.0,214.43,Retained,No Complaint
53017,0,13.0,Computer,1,6.0,Credit Card,Male,3.0,5,Others,2,Divorced,3,0,15.0,10.0,14.0,4.0,317.72,Retained,No Complaint
53018,1,3.0,Mobile Phone,3,10.0,Credit Card,Female,3.0,4,Laptop & Accessory,3,Divorced,6,1,19.0,2.0,2.0,1.0,177.38,Churned,Filed Complaint
53019,0,7.0,Computer,3,17.0,E wallet,Male,3.0,5,Laptop & Accessory,2,Single,5,0,15.0,2.0,2.0,2.0,171.82,Retained,No Complaint
53020,0,21.0,Mobile Phone,1,12.0,Debit Card,Male,3.0,4,Others,3,Divorced,6,0,15.0,1.0,2.0,2.0,308.0,Retained,No Complaint
53021,0,17.0,Computer,1,17.0,Debit Card,Female,3.0,5,Laptop & Accessory,3,Married,3,0,12.0,1.0,2.0,1.0,177.57,Retained,No Complaint
53022,0,1.0,Computer,3,7.0,E wallet,Male,4.0,4,Laptop & Accessory,4,Divorced,2,1,14.0,1.0,2.0,5.0,188.49,Retained,Filed Complaint
53023,0,28.0,Computer,1,27.0,Debit Card,Female,3.0,4,Laptop & Accessory,3,Single,5,0,13.0,2.0,2.0,4.0,173.69,Retained,No Complaint
53024,0,17.0,Mobile Phone,1,14.0,Debit Card,Female,3.0,4,Fashion,5,Divorced,10,0,17.0,2.0,2.0,3.0,224.85,Retained,No Complaint
53025,0,19.0,Mobile Phone,1,15.0,UPI,Male,4.0,4,Laptop & Accessory,2,Divorced,11,0,15.0,8.0,10.0,9.0,161.97,Retained,No Complaint
53026,0,14.0,Mobile Phone,3,7.0,Credit Card,Male,3.0,6,Laptop & Accessory,2,Divorced,4,1,23.0,2.0,2.0,3.0,199.57,Retained,Filed Complaint
53027,1,1.0,Phone,1,15.0,UPI,Male,4.0,6,Mobile,5,Divorced,3,1,12.0,2.0,2.0,8.0,146.19,Churned,Filed Complaint
53028,0,3.0,Mobile Phone,1,16.0,UPI,Male,2.0,5,Mobile,2,Single,2,0,18.0,3.0,3.0,3.0,164.83,Retained,No Complaint
53029,0,4.0,Mobile Phone,3,12.0,E wallet,Female,2.0,5,Laptop & Accessory,3,Married,3,0,14.0,1.0,2.0,3.0,186.18,Retained,No Complaint
53030,0,1.0,Mobile Phone,3,15.0,E wallet,Female,3.0,4,Laptop & Accessory,4,Divorced,3,0,19.0,1.0,2.0,8.0,187.14,Retained,No Complaint
53031,0,11.0,Mobile Phone,1,12.0,Credit Card,Male,4.0,4,Laptop & Accessory,2,Married,9,0,17.0,1.0,2.0,5.0,188.47,Retained,No Complaint
53032,0,12.0,Mobile Phone,1,22.0,Debit Card,Male,4.0,5,Fashion,2,Married,2,1,15.0,2.0,2.0,10.0,240.10000000000002,Retained,Filed Complaint
53033,0,5.0,Mobile Phone,1,14.0,Credit Card,Female,3.0,4,Fashion,2,Single,3,1,15.0,3.0,5.0,11.0,196.43,Retained,Filed Complaint
53034,0,3.0,Mobile Phone,3,17.0,E wallet,Female,3.0,5,Laptop & Accessory,4,Married,3,1,15.0,1.0,2.0,8.0,207.68,Retained,Filed Complaint
53035,0,9.0,Mobile Phone,1,12.0,Cash on Delivery,Male,4.0,4,Fashion,4,Single,2,0,14.0,1.0,2.0,14.0,205.95,Retained,No Complaint
53036,0,1.0,Mobile Phone,1,33.0,Debit Card,Male,3.0,4,Mobile,2,Married,3,0,13.0,2.0,2.0,3.0,154.04,Retained,No Complaint
53037,0,15.0,Mobile Phone,1,13.0,Credit Card,Male,4.0,5,Laptop & Accessory,4,Single,8,1,16.0,2.0,2.0,3.0,185.32,Retained,Filed Complaint
53038,0,21.0,Computer,3,11.0,Credit Card,Male,3.0,4,Laptop & Accessory,3,Single,5,0,20.0,1.0,2.0,1.0,154.76,Retained,No Complaint
53039,0,16.0,Mobile Phone,1,30.0,Debit Card,Female,3.0,4,Grocery,2,Single,4,0,15.0,1.0,2.0,1.0,284.92,Retained,No Complaint
53040,0,3.0,Computer,3,9.0,Debit Card,Male,4.0,4,Laptop & Accessory,3,Divorced,3,0,15.0,2.0,2.0,3.0,171.49,Retained,No Complaint
53041,0,16.0,Mobile Phone,2,9.0,Cash on Delivery,Male,3.0,4,Mobile,3,Married,2,1,12.0,2.0,2.0,1.0,151.96,Retained,Filed Complaint
53042,0,6.0,Phone,1,9.0,Credit Card,Female,4.0,4,Mobile,4,Divorced,3,0,14.0,1.0,2.0,8.0,148.7,Retained,No Complaint
53043,0,22.0,Mobile Phone,3,36.0,Credit Card,Female,4.0,4,Fashion,3,Divorced,5,0,22.0,1.0,2.0,1.0,250.04000000000002,Retained,No Complaint
53044,0,11.0,Mobile Phone,1,13.0,Credit Card,Male,3.0,3,Laptop & Accessory,5,Married,6,1,14.0,3.0,7.0,8.0,184.74,Retained,Filed Complaint
53045,0,4.0,Computer,3,32.0,Cash on Delivery,Female,3.0,4,Laptop & Accessory,3,Divorced,9,1,13.0,2.0,3.0,3.0,172.36,Retained,Filed Complaint
53046,0,1.0,Mobile Phone,3,7.0,Debit Card,Male,3.0,4,Laptop & Accessory,3,Divorced,3,0,18.0,3.0,8.0,8.0,177.96,Retained,No Complaint
53047,0,16.0,Mobile Phone,1,9.0,UPI,Male,4.0,5,Laptop & Accessory,2,Single,5,0,24.0,1.0,2.0,1.0,192.81,Retained,No Complaint
53048,1,1.0,Computer,3,7.0,Cash on Delivery,Female,3.0,5,Mobile,4,Single,3,1,12.0,2.0,2.0,3.0,146.74,Churned,Filed Complaint
53049,0,10.0,Computer,3,7.0,Credit Card,Female,3.0,4,Laptop & Accessory,2,Single,6,0,16.0,2.0,2.0,1.0,191.53,Retained,No Complaint
53050,0,10.0,Computer,3,10.0,Credit Card,Male,3.0,5,Fashion,2,Divorced,6,0,12.0,1.0,2.0,3.0,221.99,Retained,No Complaint
53051,0,31.0,Mobile Phone,1,7.0,Credit Card,Male,3.0,4,Laptop & Accessory,3,Divorced,4,0,12.0,2.0,2.0,3.0,192.55,Retained,No Complaint
53052,0,14.0,Phone,1,17.0,Debit Card,Female,3.0,3,Mobile,3,Divorced,5,1,14.0,1.0,2.0,8.0,147.13,Retained,Filed Complaint
53053,0,1.0,Computer,3,16.0,Credit Card,Male,3.0,4,Mobile,2,Single,3,0,25.0,1.0,3.0,3.0,151.1,Retained,No Complaint
53054,1,1.0,Mobile Phone,3,12.0,E wallet,Female,3.0,4,Mobile,3,Single,3,1,14.0,2.0,2.0,1.0,153.51,Churned,Filed Complaint
53055,0,11.0,Mobile Phone,1,17.0,Credit Card,Female,4.0,4,Mobile,5,Divorced,8,0,21.0,2.0,2.0,4.0,159.52,Retained,No Complaint
53056,0,20.0,Computer,1,14.0,Credit Card,Female,2.0,4,Laptop & Accessory,3,Divorced,4,0,15.0,1.0,2.0,1.0,177.58,Retained,No Complaint
53057,1,5.0,Computer,3,11.0,E wallet,Male,3.0,4,Laptop & Accessory,4,Single,3,0,19.0,8.0,8.0,3.0,218.55,Churned,No Complaint
53058,0,24.0,Mobile Phone,1,17.0,Cash on Delivery,Male,4.0,5,Fashion,2,Single,8,0,16.0,1.0,2.0,3.0,229.96,Retained,No Complaint
53059,1,4.0,Mobile Phone,3,29.0,E wallet,Male,4.0,5,Laptop & Accessory,3,Divorced,4,1,13.0,2.0,2.0,1.0,188.8,Churned,Filed Complaint
53060,0,5.0,Mobile Phone,1,16.0,Debit Card,Male,3.0,5,Mobile,4,Single,2,1,17.0,2.0,3.0,3.0,151.57,Retained,Filed Complaint
53061,1,1.0,Mobile Phone,3,19.0,Debit Card,Female,3.0,3,Mobile,4,Single,3,0,16.0,1.0,2.0,1.0,152.16,Churned,No Complaint
53062,0,3.0,Phone,1,30.0,Debit Card,Male,3.0,4,Mobile,2,Single,11,0,17.0,2.0,2.0,3.0,147.01,Retained,No Complaint
53063,0,9.0,Mobile Phone,1,16.0,Debit Card,Male,4.0,5,Laptop & Accessory,4,Single,11,0,20.0,2.0,2.0,1.0,190.4,Retained,No Complaint
53064,0,1.0,Mobile Phone,1,7.0,Credit Card,Male,3.0,4,Mobile,4,Married,3,0,12.0,1.0,2.0,5.0,163.16,Retained,No Complaint
53065,0,2.0,Mobile Phone,3,16.0,Debit Card,Male,4.0,4,Laptop & Accessory,2,Single,3,0,17.0,2.0,2.0,8.0,177.53,Retained,No Complaint
53066,0,23.0,Mobile Phone,1,14.0,UPI,Male,3.0,5,Fashion,3,Single,10,0,25.0,2.0,2.0,1.0,170.0,Retained,No Complaint
53067,0,25.0,Mobile Phone,3,21.0,Debit Card,Female,3.0,4,Laptop & Accessory,2,Divorced,6,0,12.0,1.0,2.0,8.0,174.36,Retained,No Complaint
53068,0,10.0,Mobile Phone,1,9.0,Debit Card,Female,4.0,4,Mobile,3,Divorced,6,0,14.0,2.0,3.0,3.0,150.43,Retained,No Complaint
53069,1,1.0,Computer,3,26.0,E wallet,Male,4.0,3,Laptop & Accessory,2,Single,10,1,14.0,2.0,2.0,5.0,178.04,Churned,Filed Complaint
53070,0,29.0,Mobile Phone,1,9.0,Debit Card,Female,4.0,4,Grocery,2,Single,4,1,14.0,1.0,2.0,3.0,291.59,Retained,Filed Complaint
53071,0,1.0,Mobile Phone,3,17.0,E wallet,Female,4.0,4,Laptop & Accessory,3,Married,3,1,13.0,1.0,2.0,4.0,167.6,Retained,Filed Complaint
53072,0,4.0,Mobile Phone,3,9.0,Cash on Delivery,Male,4.0,4,Mobile,4,Divorced,3,0,19.0,2.0,2.0,1.0,149.76,Retained,No Complaint
53073,1,1.0,Computer,1,10.0,Cash on Delivery,Male,4.0,4,Mobile,5,Single,2,0,23.0,1.0,2.0,5.0,156.02,Churned,No Complaint
53074,0,1.0,Phone,1,18.0,Credit Card,Female,3.0,4,Mobile,4,Divorced,3,0,14.0,2.0,2.0,3.0,147.44,Retained,No Complaint
53075,0,10.0,Mobile Phone,3,9.0,Credit Card,Male,4.0,5,Fashion,3,Divorced,3,0,14.0,10.0,10.0,1.0,200.96,Retained,No Complaint
53076,1,1.0,Computer,1,11.0,Cash on Delivery,Male,3.0,4,Mobile,2,Single,20,1,24.0,2.0,2.0,1.0,147.85,Churned,Filed Complaint
53077,0,11.0,Mobile Phone,1,21.0,Debit Card,Female,4.0,4,Mobile,5,Married,3,0,13.0,4.0,13.0,18.0,155.34,Retained,No Complaint
53078,0,14.0,Mobile Phone,3,9.0,E wallet,Female,3.0,4,Laptop & Accessory,4,Married,9,0,13.0,1.0,2.0,4.0,182.15,Retained,No Complaint
53079,0,16.0,Mobile Phone,1,7.0,Debit Card,Female,4.0,4,Mobile,5,Married,5,0,17.0,2.0,2.0,3.0,150.76,Retained,No Complaint
53080,0,11.0,Mobile Phone,1,17.0,Debit Card,Male,3.0,4,Laptop & Accessory,4,Single,4,1,13.0,1.0,2.0,2.0,166.97,Retained,Filed Complaint
53081,0,17.0,Mobile Phone,1,19.0,Debit Card,Male,3.0,5,Grocery,4,Married,3,0,12.0,1.0,4.0,10.0,268.36,Retained,No Complaint
53082,0,14.0,Mobile Phone,1,9.0,Credit Card,Female,4.0,5,Laptop & Accessory,3,Divorced,8,0,23.0,2.0,2.0,1.0,159.48,Retained,No Complaint
53083,0,28.0,Mobile Phone,1,12.0,Credit Card,Male,3.0,4,Others,5,Divorced,6,0,15.0,2.0,2.0,3.0,319.06,Retained,No Complaint
53084,0,8.0,Computer,3,11.0,E wallet,Female,4.0,4,Laptop & Accessory,3,Divorced,11,0,16.0,2.0,2.0,3.0,190.38,Retained,No Complaint
53085,0,5.0,Mobile Phone,1,14.0,Credit Card,Female,3.0,4,Laptop & Accessory,5,Divorced,3,0,13.0,4.0,4.0,13.0,168.06,Retained,No Complaint
53086,0,17.0,Computer,1,28.0,Credit Card,Male,4.0,4,Mobile,2,Divorced,9,0,21.0,1.0,2.0,3.0,147.58,Retained,No Complaint
53087,0,17.0,Mobile Phone,1,15.0,UPI,Female,4.0,4,Laptop & Accessory,3,Married,6,1,15.0,1.0,2.0,3.0,170.22,Retained,Filed Complaint
53088,0,1.0,Mobile Phone,3,11.0,Debit Card,Female,3.0,5,Laptop & Accessory,2,Single,3,1,12.0,1.0,2.0,4.0,169.87,Retained,Filed Complaint
53089,0,11.0,Computer,1,32.0,Credit Card,Female,4.0,4,Laptop & Accessory,3,Divorced,5,1,16.0,4.0,11.0,8.0,169.49,Retained,Filed Complaint
53090,0,5.0,Phone,1,7.0,Debit Card,Male,4.0,5,Mobile,5,Divorced,3,0,13.0,1.0,4.0,3.0,147.18,Retained,No Complaint
53091,0,13.0,Computer,1,7.0,Debit Card,Male,3.0,4,Others,3,Married,3,1,15.0,1.0,2.0,7.0,316.97,Retained,Filed Complaint
53092,0,30.0,Computer,3,13.0,Debit Card,Female,3.0,3,Grocery,5,Divorced,11,0,12.0,3.0,2.0,8.0,257.12,Retained,No Complaint
53093,0,4.0,Mobile Phone,3,19.0,Cash on Delivery,Female,3.0,4,Laptop & Accessory,3,Single,2,0,12.0,4.0,5.0,5.0,190.77,Retained,No Complaint
53094,0,15.0,Mobile Phone,3,7.0,E wallet,Male,3.0,3,Fashion,5,Divorced,3,0,17.0,2.0,2.0,8.0,208.92,Retained,No Complaint
53095,0,2.0,Mobile Phone,1,24.0,Credit Card,Male,4.0,4,Laptop & Accessory,5,Married,3,0,13.0,1.0,2.0,9.0,170.58,Retained,No Complaint
53096,1,1.0,Mobile Phone,1,10.0,Credit Card,Male,4.0,4,Mobile,5,Divorced,7,0,14.0,2.0,2.0,3.0,165.31,Churned,No Complaint
53097,0,26.0,Mobile Phone,1,10.0,Credit Card,Male,3.0,5,Fashion,3,Divorced,4,1,15.0,1.0,2.0,5.0,204.69,Retained,Filed Complaint
53098,0,19.0,Mobile Phone,1,17.0,Debit Card,Male,4.0,4,Mobile,2,Divorced,5,0,22.0,2.0,2.0,3.0,151.54,Retained,No Complaint
53099,0,26.0,Mobile Phone,1,11.0,Debit Card,Female,2.0,4,Grocery,2,Divorced,4,0,14.0,1.0,2.0,5.0,290.55,Retained,No Complaint
53100,0,16.0,Computer,1,36.0,Debit Card,Female,4.0,4,Laptop & Accessory,3,Married,4,0,12.0,2.0,2.0,3.0,170.56,Retained,No Complaint
53101,0,4.0,Mobile Phone,1,9.0,Debit Card,Female,3.0,6,Laptop & Accessory,2,Single,4,0,21.0,1.0,2.0,3.0,185.91,Retained,No Complaint
53102,0,31.0,Mobile Phone,1,14.0,Debit Card,Female,3.0,4,Others,5,Divorced,7,0,15.0,1.0,12.0,11.0,320.66,Retained,No Complaint
53103,0,20.0,Mobile Phone,1,25.0,Credit Card,Female,3.0,4,Laptop & Accessory,3,Married,4,0,15.0,1.0,2.0,9.0,173.1,Retained,No Complaint
53104,0,16.0,Computer,1,35.0,Cash on Delivery,Female,3.0,5,Laptop & Accessory,2,Divorced,2,0,12.0,1.0,2.0,5.0,170.23,Retained,No Complaint
53105,1,1.0,Mobile Phone,3,7.0,Cash on Delivery,Female,4.0,4,Mobile,4,Single,3,1,17.0,2.0,2.0,5.0,157.02,Churned,Filed Complaint
53106,1,1.0,Computer,3,13.0,E wallet,Female,3.0,6,Mobile,3,Married,2,0,17.0,2.0,2.0,1.0,148.51,Churned,No Complaint
53107,0,12.0,Computer,1,9.0,Debit Card,Male,3.0,4,Mobile,2,Divorced,3,1,24.0,2.0,2.0,1.0,142.02,Retained,Filed Complaint
53108,0,14.0,Mobile Phone,3,9.0,Debit Card,Female,4.0,4,Others,3,Divorced,2,0,15.0,1.0,2.0,13.0,305.41,Retained,No Complaint
53109,0,1.0,Mobile Phone,1,30.0,Debit Card,Female,3.0,4,Mobile,2,Married,3,0,23.0,2.0,2.0,3.0,153.86,Retained,No Complaint
53110,0,4.0,Computer,1,10.0,Debit Card,Male,3.0,4,Mobile,2,Divorced,6,0,16.0,1.0,2.0,5.0,145.97,Retained,No Complaint
53111,0,3.0,Mobile Phone,1,10.0,Credit Card,Male,4.0,5,Fashion,3,Divorced,3,0,19.0,2.0,2.0,8.0,244.35000000000002,Retained,No Complaint
53112,1,1.0,Mobile Phone,1,32.0,Cash on Delivery,Female,4.0,5,Mobile,4,Divorced,7,0,17.0,1.0,2.0,2.0,150.46,Churned,No Complaint
53113,1,1.0,Mobile Phone,2,9.0,Cash on Delivery,Male,3.0,5,Mobile,2,Single,3,0,13.0,2.0,2.0,1.0,150.64,Churned,No Complaint
53114,0,4.0,Computer,3,29.0,UPI,Female,4.0,4,Fashion,5,Divorced,2,0,12.0,3.0,8.0,9.0,209.12,Retained,No Complaint
53115,0,31.0,Mobile Phone,3,36.0,E wallet,Male,3.0,5,Grocery,2,Married,5,0,13.0,1.0,2.0,1.0,266.18,Retained,No Complaint
53116,0,24.0,Mobile Phone,1,36.0,Debit Card,Male,3.0,5,Grocery,3,Divorced,2,0,15.0,12.0,16.0,8.0,295.46,Retained,No Complaint
53117,0,4.0,Computer,1,9.0,Credit Card,Female,3.0,4,Mobile,2,Single,2,0,15.0,6.0,7.0,8.0,150.64,Retained,No Complaint
53118,0,31.0,Computer,3,35.0,E wallet,Female,4.0,5,Fashion,5,Divorced,6,0,20.0,14.0,14.0,3.0,227.66,Retained,No Complaint
53119,0,21.0,Mobile Phone,1,9.0,Credit Card,Female,4.0,4,Laptop & Accessory,2,Married,7,0,14.0,1.0,2.0,5.0,175.7,Retained,No Complaint
53120,0,20.0,Mobile Phone,1,9.0,Debit Card,Male,3.0,4,Grocery,3,Divorced,8,0,15.0,1.0,2.0,2.0,303.61,Retained,No Complaint
53121,0,9.0,Mobile Phone,1,29.0,Debit Card,Male,3.0,6,Mobile,3,Single,2,0,16.0,3.0,5.0,4.0,167.3,Retained,No Complaint
53122,0,28.0,Mobile Phone,1,15.0,Debit Card,Female,3.0,4,Laptop & Accessory,3,Single,9,0,12.0,2.0,2.0,1.0,162.8,Retained,No Complaint
53123,0,8.0,Mobile Phone,1,9.0,Debit Card,Male,4.0,5,Mobile,3,Married,5,0,13.0,6.0,6.0,8.0,152.68,Retained,No Complaint
53124,0,20.0,Mobile Phone,3,17.0,E wallet,Female,4.0,5,Fashion,2,Divorced,4,1,20.0,2.0,2.0,3.0,215.71,Retained,Filed Complaint
53125,0,5.0,Mobile Phone,1,16.0,Debit Card,Male,3.0,4,Fashion,4,Married,3,0,26.0,2.0,2.0,9.0,231.48000000000002,Retained,No Complaint
53126,1,1.0,Mobile Phone,1,22.0,Credit Card,Male,3.0,4,Fashion,3,Divorced,9,1,13.0,1.0,8.0,8.0,261.1,Churned,Filed Complaint
53127,1,1.0,Mobile Phone,1,17.0,Credit Card,Male,3.0,6,Mobile,2,Married,9,0,14.0,1.0,2.0,4.0,159.08,Churned,No Complaint
53128,0,4.0,Mobile Phone,3,14.0,E wallet,Male,3.0,4,Mobile,4,Single,2,0,15.0,2.0,2.0,3.0,154.83,Retained,No Complaint
53129,0,9.0,Mobile Phone,1,23.0,Debit Card,Male,4.0,4,Fashion,3,Divorced,6,1,13.0,1.0,2.0,1.0,201.32,Retained,Filed Complaint
53130,1,1.0,Computer,1,27.0,Debit Card,Male,4.0,4,Fashion,3,Divorced,5,0,13.0,2.0,2.0,3.0,223.24,Churned,No Complaint
53131,1,1.0,Computer,2,30.0,UPI,Female,3.0,4,Fashion,5,Married,11,1,16.0,2.0,2.0,3.0,224.5,Churned,Filed Complaint
53132,0,16.0,Computer,1,12.0,UPI,Male,4.0,4,Mobile,3,Divorced,6,0,18.0,3.0,3.0,1.0,145.93,Retained,No Complaint
53133,0,10.0,Computer,3,17.0,Credit Card,Male,3.0,4,Fashion,2,Single,3,0,15.0,2.0,10.0,3.0,224.8,Retained,No Complaint
53134,1,1.0,Computer,1,11.0,Cash on Delivery,Male,3.0,5,Mobile,3,Single,7,0,17.0,2.0,2.0,3.0,163.94,Churned,No Complaint
53135,0,22.0,Mobile Phone,3,9.0,E wallet,Female,3.0,4,Laptop & Accessory,2,Divorced,4,0,15.0,5.0,7.0,8.0,165.51,Retained,No Complaint
53136,0,29.0,Mobile Phone,3,25.0,Debit Card,Female,3.0,4,Grocery,4,Single,5,0,15.0,1.0,8.0,8.0,293.35,Retained,No Complaint
53137,0,15.0,Computer,3,17.0,Debit Card,Male,3.0,4,Laptop & Accessory,2,Single,9,0,15.0,1.0,2.0,11.0,187.3,Retained,No Complaint
53138,0,9.0,Mobile Phone,3,7.0,E wallet,Male,3.0,4,Laptop & Accessory,3,Divorced,11,0,12.0,4.0,7.0,10.0,172.17,Retained,No Complaint
53139,0,14.0,Mobile Phone,1,13.0,Debit Card,Female,4.0,4,Grocery,3,Single,9,0,16.0,5.0,2.0,14.0,257.37,Retained,No Complaint
53140,0,13.0,Computer,1,15.0,Debit Card,Female,3.0,4,Mobile,3,Divorced,3,0,12.0,1.0,2.0,8.0,162.55,Retained,No Complaint
53141,0,5.0,Mobile Phone,3,9.0,Debit Card,Male,4.0,4,Laptop & Accessory,2,Single,6,1,14.0,2.0,2.0,6.0,190.82,Retained,Filed Complaint
53142,0,16.0,Mobile Phone,1,31.0,Credit Card,Male,3.0,4,Fashion,5,Divorced,3,1,22.0,5.0,6.0,9.0,199.06,Retained,Filed Complaint
53143,0,19.0,Mobile Phone,3,9.0,UPI,Male,4.0,4,Laptop & Accessory,4,Divorced,2,0,20.0,4.0,4.0,8.0,173.05,Retained,No Complaint
53144,1,1.0,Computer,2,24.0,Debit Card,Female,3.0,4,Mobile,3,Married,2,1,12.0,1.0,2.0,1.0,152.41,Churned,Filed Complaint
53145,0,3.0,Mobile Phone,1,26.0,Cash on Delivery,Male,3.0,4,Laptop & Accessory,2,Married,6,0,13.0,1.0,2.0,3.0,167.62,Retained,No Complaint
53146,0,7.0,Mobile Phone,1,7.0,Credit Card,Female,4.0,3,Grocery,3,Married,6,0,20.0,1.0,2.0,6.0,286.84,Retained,No Complaint
53147,0,1.0,Mobile Phone,3,14.0,Debit Card,Male,3.0,5,Fashion,2,Married,11,0,22.0,2.0,2.0,2.0,240.57,Retained,No Complaint
53148,1,1.0,Computer,3,12.0,E wallet,Male,4.0,4,Mobile,4,Single,3,1,15.0,2.0,2.0,1.0,143.78,Churned,Filed Complaint
53149,0,14.0,Computer,3,35.0,UPI,Male,3.0,6,Fashion,5,Married,5,0,16.0,2.0,2.0,2.0,234.32,Retained,No Complaint
53150,0,15.0,Computer,1,9.0,UPI,Female,4.0,5,Laptop & Accessory,3,Single,4,1,18.0,1.0,2.0,8.0,193.11,Retained,Filed Complaint
53151,0,1.0,Mobile Phone,3,36.0,Credit Card,Male,3.0,4,Laptop & Accessory,3,Married,7,0,13.0,2.0,2.0,1.0,168.06,Retained,No Complaint
53152,0,9.0,Mobile Phone,3,7.0,Credit Card,Female,4.0,4,Laptop & Accessory,3,Single,3,0,17.0,1.0,2.0,4.0,173.59,Retained,No Complaint
53153,0,8.0,Mobile Phone,3,28.0,Debit Card,Male,4.0,3,Laptop & Accessory,2,Single,3,0,13.0,6.0,6.0,8.0,178.37,Retained,No Complaint
53154,1,1.0,Phone,1,31.0,Cash on Delivery,Male,4.0,6,Mobile,2,Single,3,1,19.0,2.0,2.0,1.0,148.4,Churned,Filed Complaint
53155,0,11.0,Mobile Phone,1,7.0,Cash on Delivery,Female,3.0,4,Fashion,2,Single,6,0,18.0,2.0,2.0,3.0,199.91,Retained,No Complaint
53156,0,20.0,Computer,1,25.0,Credit Card,Female,3.0,4,Fashion,3,Divorced,7,0,12.0,2.0,2.0,3.0,230.27,Retained,No Complaint
53157,0,15.0,Mobile Phone,3,9.0,Debit Card,Female,4.0,4,Grocery,5,Divorced,9,0,17.0,1.0,12.0,9.0,290.95,Retained,No Complaint
53158,0,11.0,Computer,3,16.0,Credit Card,Male,4.0,4,Fashion,4,Married,3,0,14.0,7.0,8.0,3.0,213.34,Retained,No Complaint
53159,0,26.0,Mobile Phone,1,13.0,Cash on Delivery,Male,4.0,4,Laptop & Accessory,5,Married,5,1,13.0,3.0,7.0,10.0,180.77,Retained,Filed Complaint
53160,1,1.0,Computer,3,18.0,UPI,Male,3.0,3,Laptop & Accessory,3,Divorced,10,0,13.0,2.0,2.0,3.0,172.07,Churned,No Complaint
53161,0,1.0,Computer,3,31.0,Credit Card,Male,3.0,4,Mobile,2,Divorced,2,0,14.0,1.0,3.0,2.0,149.0,Retained,No Complaint
53162,0,12.0,Mobile Phone,1,17.0,Credit Card,Female,4.0,4,Laptop & Accessory,3,Divorced,5,0,20.0,2.0,2.0,3.0,223.24,Retained,No Complaint
53163,0,11.0,Mobile Phone,1,7.0,Debit Card,Female,4.0,4,Laptop & Accessory,4,Divorced,8,0,13.0,4.0,5.0,4.0,189.47,Retained,No Complaint
53164,0,23.0,Mobile Phone,1,25.0,Debit Card,Male,3.0,5,Others,3,Married,3,1,15.0,1.0,2.0,10.0,320.02,Retained,Filed Complaint
53165,0,1.0,Mobile Phone,1,30.0,Credit Card,Male,3.0,3,Mobile,2,Divorced,3,1,12.0,1.0,2.0,5.0,152.25,Retained,Filed Complaint
53166,0,1.0,Mobile Phone,3,35.0,E wallet,Male,4.0,4,Laptop & Accessory,4,Divorced,3,0,21.0,2.0,2.0,5.0,187.72,Retained,No Complaint
53167,0,1.0,Phone,1,24.0,UPI,Male,4.0,5,Mobile,4,Divorced,3,0,22.0,2.0,2.0,1.0,146.27,Retained,No Complaint
53168,0,24.0,Computer,2,10.0,Credit Card,Male,3.0,4,Others,4,Divorced,3,0,15.0,7.0,11.0,8.0,307.0,Retained,No Complaint
53169,0,1.0,Phone,3,20.0,Credit Card,Male,3.0,4,Mobile,3,Divorced,3,0,12.0,2.0,2.0,7.0,145.96,Retained,No Complaint
53170,1,1.0,Computer,1,14.0,Debit Card,Female,3.0,4,Mobile,3,Divorced,3,1,17.0,1.0,2.0,3.0,153.86,Churned,Filed Complaint
53171,1,1.0,Computer,3,19.0,Debit Card,Male,4.0,5,Mobile,5,Divorced,3,0,19.0,2.0,2.0,1.0,145.33,Churned,No Complaint
53172,0,8.0,Mobile Phone,1,7.0,Debit Card,Male,3.0,5,Mobile,2,Divorced,3,1,14.0,1.0,2.0,4.0,161.22,Retained,Filed Complaint
53173,1,1.0,Mobile Phone,3,20.0,Credit Card,Male,3.0,4,Laptop & Accessory,5,Married,4,0,18.0,1.0,2.0,3.0,167.33,Churned,No Complaint
53174,0,9.0,Mobile Phone,1,32.0,UPI,Male,3.0,5,Laptop & Accessory,2,Single,6,0,15.0,1.0,2.0,3.0,161.81,Retained,No Complaint
53175,0,5.0,Mobile Phone,3,13.0,Credit Card,Male,4.0,3,Laptop & Accessory,2,Married,6,0,23.0,4.0,6.0,8.0,179.6,Retained,No Complaint
53176,0,1.0,Phone,1,13.0,Credit Card,Female,4.0,5,Mobile,3,Married,2,0,13.0,2.0,2.0,4.0,146.87,Retained,No Complaint
53177,0,11.0,Mobile Phone,3,9.0,E wallet,Male,4.0,4,Laptop & Accessory,3,Divorced,6,1,12.0,1.0,2.0,3.0,221.02,Retained,Filed Complaint
53178,0,1.0,Mobile Phone,1,7.0,Debit Card,Female,3.0,5,Mobile,4,Single,3,0,14.0,2.0,2.0,1.0,153.36,Retained,No Complaint
53179,0,16.0,Mobile Phone,1,9.0,Debit Card,Female,3.0,4,Laptop & Accessory,2,Divorced,3,0,14.0,3.0,3.0,3.0,165.89,Retained,No Complaint
53180,0,17.0,Mobile Phone,1,13.0,UPI,Male,3.0,5,Grocery,2,Married,6,1,15.0,1.0,2.0,1.0,291.27,Retained,Filed Complaint
53181,0,12.0,Mobile Phone,1,7.0,Debit Card,Female,3.0,4,Mobile,5,Single,5,0,18.0,2.0,2.0,1.0,151.19,Retained,No Complaint
53182,0,17.0,Computer,1,16.0,Credit Card,Male,4.0,4,Laptop & Accessory,3,Married,5,1,14.0,3.0,5.0,8.0,181.79,Retained,Filed Complaint
53183,0,22.0,Mobile Phone,1,7.0,Debit Card,Female,3.0,5,Grocery,5,Divorced,9,0,12.0,1.0,2.0,3.0,279.02,Retained,No Complaint
53184,0,18.0,Mobile Phone,2,7.0,Debit Card,Female,3.0,5,Laptop & Accessory,3,Single,6,0,12.0,2.0,2.0,3.0,184.85,Retained,No Complaint
53185,0,8.0,Mobile Phone,3,21.0,Cash on Delivery,Female,3.0,4,Mobile,3,Married,3,1,19.0,2.0,2.0,7.0,150.79,Retained,Filed Complaint
53186,1,1.0,Mobile Phone,3,9.0,E wallet,Male,3.0,4,Mobile,5,Married,2,0,12.0,1.0,2.0,3.0,155.41,Churned,No Complaint
53187,0,1.0,Mobile Phone,3,29.0,Cash on Delivery,Male,3.0,4,Mobile,3,Single,3,0,12.0,2.0,2.0,3.0,159.47,Retained,No Complaint
53188,0,18.0,Mobile Phone,1,10.0,UPI,Male,3.0,4,Others,2,Divorced,6,1,15.0,2.0,2.0,2.0,320.13,Retained,Filed Complaint
53189,0,1.0,Mobile Phone,1,13.0,Credit Card,Male,4.0,4,Mobile,3,Divorced,2,0,21.0,3.0,3.0,3.0,152.73,Retained,No Complaint
53190,0,7.0,Mobile Phone,3,15.0,E wallet,Male,3.0,4,Laptop & Accessory,3,Married,2,0,13.0,2.0,2.0,3.0,196.04,Retained,No Complaint
53191,0,6.0,Mobile Phone,1,16.0,Debit Card,Female,4.0,4,Laptop & Accessory,2,Divorced,3,1,13.0,2.0,2.0,6.0,188.22,Retained,Filed Complaint
53192,0,4.0,Computer,1,10.0,Credit Card,Female,4.0,4,Mobile,3,Married,3,0,21.0,2.0,2.0,1.0,145.83,Retained,No Complaint
53193,0,27.0,Mobile Phone,3,7.0,Credit Card,Female,3.0,4,Laptop & Accessory,5,Single,9,0,21.0,7.0,9.0,11.0,208.81,Retained,No Complaint
53194,0,8.0,Mobile Phone,1,7.0,Debit Card,Male,3.0,4,Mobile,2,Divorced,3,0,13.0,7.0,9.0,9.0,151.91,Retained,No Complaint
53195,1,9.0,Computer,3,33.0,Debit Card,Female,4.0,4,Laptop & Accessory,5,Divorced,4,0,15.0,1.0,2.0,1.0,167.86,Churned,No Complaint
53196,0,1.0,Mobile Phone,1,13.0,Debit Card,Female,4.0,4,Mobile,2,Divorced,3,1,14.0,1.0,2.0,3.0,151.59,Retained,Filed Complaint
53197,0,11.0,Mobile Phone,1,10.0,UPI,Male,3.0,4,Fashion,3,Divorced,3,0,16.0,7.0,8.0,3.0,219.34,Retained,No Complaint
53198,0,3.0,Mobile Phone,3,10.0,Credit Card,Female,4.0,4,Laptop & Accessory,3,Divorced,3,0,15.0,1.0,2.0,3.0,180.61,Retained,No Complaint
53199,0,9.0,Mobile Phone,1,13.0,Debit Card,Male,3.0,6,Laptop & Accessory,2,Single,3,0,14.0,12.0,12.0,9.0,191.46,Retained,No Complaint
53200,0,7.0,Computer,1,13.0,Debit Card,Male,2.0,4,Laptop & Accessory,2,Married,5,0,24.0,5.0,5.0,8.0,202.25,Retained,No Complaint
53201,0,28.0,Mobile Phone,2,26.0,Credit Card,Male,3.0,4,Fashion,4,Divorced,4,0,16.0,4.0,2.0,2.0,232.25,Retained,No Complaint
53202,0,10.0,Mobile Phone,1,16.0,Credit Card,Male,3.0,5,Laptop & Accessory,4,Married,4,1,12.0,2.0,2.0,3.0,213.47,Retained,Filed Complaint
53203,0,1.0,Phone,1,10.0,Credit Card,Male,3.0,5,Mobile,2,Single,2,0,14.0,1.0,2.0,2.0,145.45,Retained,No Complaint
53204,1,1.0,Phone,1,17.0,Credit Card,Male,3.0,4,Mobile,3,Single,3,1,12.0,1.0,2.0,2.0,135.09,Churned,Filed Complaint
53205,1,1.0,Computer,1,10.0,Debit Card,Male,4.0,4,Mobile,5,Single,3,1,12.0,10.0,10.0,8.0,158.48,Churned,Filed Complaint
53206,0,9.0,Computer,1,10.0,Debit Card,Male,3.0,5,Mobile,3,Divorced,3,0,19.0,2.0,2.0,1.0,137.81,Retained,No Complaint
53207,0,1.0,Mobile Phone,1,11.0,Credit Card,Male,3.0,3,Mobile,5,Divorced,4,0,17.0,1.0,2.0,3.0,153.19,Retained,No Complaint
53208,0,1.0,Mobile Phone,3,15.0,Debit Card,Male,3.0,3,Laptop & Accessory,4,Divorced,2,0,23.0,1.0,2.0,3.0,173.51,Retained,No Complaint
53209,0,12.0,Mobile Phone,3,14.0,E wallet,Female,3.0,5,Laptop & Accessory,2,Single,2,0,21.0,2.0,2.0,6.0,165.28,Retained,No Complaint
53210,0,3.0,Computer,1,7.0,Debit Card,Male,4.0,6,Mobile,2,Married,3,0,19.0,3.0,3.0,9.0,152.2,Retained,No Complaint
53211,0,22.0,Mobile Phone,3,9.0,E wallet,Male,3.0,3,Laptop & Accessory,4,Divorced,5,0,13.0,3.0,3.0,3.0,206.2,Retained,No Complaint
53212,0,1.0,Computer,3,10.0,Credit Card,Female,4.0,3,Laptop & Accessory,2,Married,3,1,21.0,2.0,2.0,5.0,171.47,Retained,Filed Complaint
53213,0,11.0,Mobile Phone,1,17.0,Debit Card,Male,4.0,3,Mobile,2,Single,5,0,18.0,2.0,2.0,1.0,171.8,Retained,No Complaint
53214,0,24.0,Mobile Phone,1,35.0,Credit Card,Male,4.0,3,Mobile,3,Divorced,3,1,12.0,4.0,4.0,9.0,157.21,Retained,Filed Complaint
53215,0,8.0,Mobile Phone,1,16.0,Credit Card,Female,3.0,5,Fashion,4,Single,3,0,15.0,5.0,8.0,3.0,211.21,Retained,No Complaint
53216,1,1.0,Mobile Phone,3,10.0,Debit Card,Female,4.0,4,Laptop & Accessory,3,Single,11,0,15.0,2.0,3.0,1.0,170.77,Churned,No Complaint
53217,0,13.0,Mobile Phone,1,9.0,Cash on Delivery,Female,4.0,5,Laptop & Accessory,3,Single,3,0,12.0,3.0,12.0,11.0,170.53,Retained,No Complaint
53218,0,6.0,Mobile Phone,3,17.0,E wallet,Male,3.0,4,Laptop & Accessory,2,Single,3,0,13.0,1.0,2.0,9.0,178.96,Retained,No Complaint
53219,1,14.0,Computer,3,15.0,Cash on Delivery,Male,3.0,4,Laptop & Accessory,3,Divorced,5,1,15.0,2.0,2.0,4.0,192.96,Churned,Filed Complaint
53220,0,12.0,Mobile Phone,1,7.0,Debit Card,Female,3.0,3,Laptop & Accessory,2,Single,2,0,14.0,2.0,2.0,9.0,201.25,Retained,No Complaint
53221,0,1.0,Mobile Phone,1,7.0,Debit Card,Female,4.0,4,Fashion,5,Divorced,3,0,12.0,2.0,2.0,8.0,199.12,Retained,No Complaint
53222,0,6.0,Mobile Phone,1,10.0,Debit Card,Female,3.0,4,Fashion,2,Single,5,0,16.0,4.0,2.0,8.0,236.58999999999997,Retained,No Complaint
53223,0,21.0,Mobile Phone,3,21.0,E wallet,Male,3.0,4,Laptop & Accessory,5,Single,4,0,13.0,1.0,2.0,8.0,174.6,Retained,No Complaint
53224,0,14.0,Computer,3,12.0,Debit Card,Male,3.0,5,Fashion,5,Divorced,7,1,22.0,1.0,2.0,3.0,229.75,Retained,Filed Complaint
53225,0,27.0,Mobile Phone,1,14.0,Debit Card,Male,3.0,3,Grocery,3,Divorced,5,0,20.0,1.0,2.0,4.0,273.14,Retained,No Complaint
53226,0,15.0,Mobile Phone,2,17.0,UPI,Male,4.0,5,Others,2,Married,5,0,15.0,13.0,13.0,7.0,316.41,Retained,No Complaint
53227,0,31.0,Mobile Phone,3,23.0,E wallet,Male,3.0,4,Laptop & Accessory,5,Single,10,0,15.0,2.0,3.0,3.0,179.05,Retained,No Complaint
53228,0,1.0,Computer,1,17.0,Debit Card,Male,3.0,4,Fashion,5,Married,3,0,22.0,2.0,2.0,3.0,212.93,Retained,No Complaint
53229,0,15.0,Mobile Phone,2,7.0,UPI,Male,3.0,5,Others,3,Divorced,3,0,15.0,3.0,3.0,11.0,316.89,Retained,No Complaint
53230,0,24.0,Mobile Phone,3,15.0,E wallet,Male,3.0,4,Mobile,4,Divorced,9,0,16.0,2.0,3.0,3.0,163.75,Retained,No Complaint
53231,1,1.0,Phone,1,7.0,Debit Card,Female,4.0,6,Mobile,4,Single,9,1,14.0,2.0,4.0,8.0,147.16,Churned,Filed Complaint
53232,0,10.0,Computer,1,15.0,Debit Card,Female,4.0,3,Fashion,5,Divorced,11,0,15.0,1.0,2.0,6.0,242.13,Retained,No Complaint
53233,0,12.0,Mobile Phone,1,7.0,Debit Card,Female,3.0,4,Fashion,3,Single,6,1,15.0,1.0,2.0,1.0,203.61,Retained,Filed Complaint
53234,0,18.0,Computer,1,31.0,Credit Card,Male,3.0,6,Mobile,3,Single,4,0,15.0,1.0,2.0,5.0,162.08,Retained,No Complaint
53235,0,21.0,Computer,3,10.0,Credit Card,Female,3.0,4,Grocery,3,Married,11,1,13.0,1.0,12.0,14.0,262.7,Retained,Filed Complaint
53236,0,4.0,Mobile Phone,3,34.0,E wallet,Male,3.0,4,Laptop & Accessory,2,Married,9,0,24.0,5.0,8.0,8.0,178.04,Retained,No Complaint
53237,0,3.0,Mobile Phone,3,17.0,Debit Card,Male,3.0,4,Mobile,3,Single,3,0,12.0,1.0,2.0,1.0,151.42,Retained,No Complaint
53238,1,6.0,Computer,1,26.0,Credit Card,Male,3.0,3,Mobile,3,Married,8,1,13.0,3.0,3.0,3.0,152.59,Churned,Filed Complaint
53239,0,17.0,Computer,3,22.0,Debit Card,Male,3.0,5,Laptop & Accessory,2,Divorced,5,0,19.0,1.0,3.0,3.0,193.04,Retained,No Complaint
53240,0,8.0,Mobile Phone,1,15.0,Credit Card,Female,4.0,4,Laptop & Accessory,3,Single,5,0,12.0,2.0,5.0,4.0,186.42,Retained,No Complaint
53241,0,1.0,Mobile Phone,1,16.0,Credit Card,Male,3.0,4,Mobile,5,Divorced,3,0,15.0,1.0,2.0,3.0,150.0,Retained,No Complaint
53242,0,13.0,Mobile Phone,2,10.0,UPI,Female,3.0,3,Laptop & Accessory,4,Divorced,11,0,16.0,4.0,4.0,7.0,188.89,Retained,No Complaint
53243,0,30.0,Mobile Phone,1,16.0,Credit Card,Male,3.0,4,Grocery,2,Divorced,9,0,12.0,1.0,2.0,2.0,236.02999999999997,Retained,No Complaint
53244,0,14.0,Phone,1,9.0,Credit Card,Female,3.0,5,Mobile,2,Single,2,1,21.0,3.0,3.0,4.0,148.42,Retained,Filed Complaint
53245,0,1.0,Mobile Phone,1,14.0,Credit Card,Female,3.0,5,Laptop & Accessory,5,Single,10,0,20.0,2.0,2.0,8.0,193.11,Retained,No Complaint
53246,0,3.0,Phone,3,17.0,E wallet,Male,3.0,4,Mobile,4,Married,3,0,15.0,1.0,3.0,3.0,147.97,Retained,No Complaint
53247,0,27.0,Phone,1,13.0,Debit Card,Male,3.0,4,Laptop & Accessory,2,Single,4,0,18.0,2.0,3.0,3.0,149.5,Retained,No Complaint
53248,0,9.0,Computer,1,9.0,Debit Card,Female,4.0,4,Laptop & Accessory,5,Married,4,0,12.0,1.0,2.0,1.0,175.93,Retained,No Complaint
53249,0,6.0,Computer,1,31.0,Debit Card,Male,4.0,4,Laptop & Accessory,2,Divorced,3,0,16.0,3.0,5.0,8.0,178.09,Retained,No Complaint
53250,0,12.0,Mobile Phone,1,9.0,Credit Card,Male,4.0,4,Mobile,3,Divorced,8,1,14.0,1.0,2.0,2.0,155.57,Retained,Filed Complaint
53251,0,8.0,Mobile Phone,1,15.0,Debit Card,Female,3.0,4,Laptop & Accessory,5,Married,5,0,15.0,2.0,2.0,1.0,176.21,Retained,No Complaint
53252,0,26.0,Mobile Phone,3,10.0,E wallet,Male,3.0,5,Grocery,5,Divorced,3,0,15.0,2.0,2.0,17.0,293.56,Retained,No Complaint
53253,1,1.0,Mobile Phone,1,7.0,UPI,Male,4.0,4,Mobile,2,Single,3,1,14.0,6.0,8.0,9.0,151.86,Churned,Filed Complaint
53254,0,1.0,Mobile Phone,3,33.0,Credit Card,Female,3.0,4,Laptop & Accessory,2,Single,3,0,24.0,1.0,2.0,5.0,186.8,Retained,No Complaint
53255,0,19.0,Mobile Phone,3,9.0,Cash on Delivery,Male,3.0,6,Laptop & Accessory,3,Single,2,0,14.0,1.0,4.0,2.0,191.32,Retained,No Complaint
53256,0,1.0,Mobile Phone,1,17.0,Credit Card,Male,4.0,3,Mobile,3,Single,3,0,19.0,2.0,2.0,3.0,160.05,Retained,No Complaint
53257,1,11.0,Computer,3,34.0,Debit Card,Female,4.0,2,Laptop & Accessory,3,Single,6,1,13.0,2.0,2.0,4.0,188.97,Churned,Filed Complaint
53258,0,8.0,Mobile Phone,3,9.0,UPI,Male,3.0,4,Laptop & Accessory,2,Single,3,0,23.0,1.0,2.0,5.0,187.74,Retained,No Complaint
53259,1,19.0,Mobile Phone,1,9.0,Credit Card,Male,4.0,4,Others,5,Divorced,7,1,14.0,2.0,2.0,5.0,323.59,Churned,Filed Complaint
53260,0,10.0,Computer,3,15.0,Debit Card,Male,4.0,5,Fashion,5,Single,3,0,16.0,1.0,2.0,10.0,200.87,Retained,No Complaint
53261,0,26.0,Computer,1,26.0,Credit Card,Male,3.0,4,Mobile,2,Divorced,2,0,19.0,2.0,2.0,3.0,167.58,Retained,No Complaint
53262,0,1.0,Computer,1,7.0,Debit Card,Female,4.0,6,Mobile,2,Married,5,0,15.0,3.0,3.0,1.0,168.64,Retained,No Complaint
53263,0,3.0,Mobile Phone,1,34.0,Credit Card,Female,4.0,4,Laptop & Accessory,3,Divorced,6,0,13.0,2.0,2.0,2.0,168.35,Retained,No Complaint
53264,1,1.0,Mobile Phone,3,15.0,Cash on Delivery,Male,3.0,5,Laptop & Accessory,5,Single,8,0,18.0,2.0,2.0,3.0,178.26,Churned,No Complaint
53265,0,8.0,Mobile Phone,1,7.0,Debit Card,Female,4.0,2,Mobile,2,Single,4,0,17.0,1.0,2.0,4.0,157.8,Retained,No Complaint
53266,0,28.0,Mobile Phone,1,26.0,Credit Card,Female,4.0,4,Laptop & Accessory,5,Married,11,1,12.0,1.0,2.0,5.0,179.85,Retained,Filed Complaint
53267,0,3.0,Computer,3,6.0,E wallet,Male,3.0,4,Laptop & Accessory,2,Divorced,2,0,20.0,1.0,2.0,2.0,168.42,Retained,No Complaint
53268,0,11.0,Mobile Phone,1,17.0,Debit Card,Female,3.0,4,Mobile,5,Married,2,1,14.0,4.0,5.0,4.0,152.82,Retained,Filed Complaint
53269,0,12.0,Computer,1,9.0,Debit Card,Female,4.0,2,Laptop & Accessory,5,Single,8,1,13.0,5.0,5.0,13.0,184.8,Retained,Filed Complaint
53270,0,8.0,Mobile Phone,1,9.0,Credit Card,Female,3.0,5,Mobile,5,Single,3,0,12.0,2.0,2.0,4.0,168.81,Retained,No Complaint
53271,0,9.0,Mobile Phone,3,15.0,Debit Card,Female,4.0,4,Mobile,2,Divorced,3,0,17.0,1.0,2.0,3.0,150.72,Retained,No Complaint
53272,0,4.0,Mobile Phone,1,7.0,Debit Card,Male,3.0,6,Mobile,3,Divorced,5,0,22.0,2.0,2.0,3.0,163.33,Retained,No Complaint
53273,0,14.0,Computer,1,9.0,Credit Card,Female,3.0,2,Laptop & Accessory,4,Divorced,3,0,25.0,1.0,4.0,8.0,167.44,Retained,No Complaint
53274,0,8.0,Mobile Phone,3,15.0,Debit Card,Female,4.0,4,Laptop & Accessory,5,Divorced,7,0,18.0,2.0,2.0,3.0,190.0,Retained,No Complaint
53275,0,16.0,Computer,1,15.0,Debit Card,Male,4.0,4,Others,2,Married,3,0,15.0,1.0,15.0,10.0,309.3,Retained,No Complaint
53276,1,1.0,Phone,1,13.0,Debit Card,Male,4.0,2,Mobile,5,Divorced,3,1,22.0,2.0,2.0,1.0,141.01,Churned,Filed Complaint
53277,0,1.0,Computer,1,16.0,Debit Card,Male,3.0,5,Mobile,4,Married,3,0,12.0,2.0,2.0,1.0,151.94,Retained,No Complaint
53278,0,26.0,Mobile Phone,1,18.0,Debit Card,Female,3.0,4,Laptop & Accessory,3,Divorced,10,0,21.0,2.0,2.0,5.0,156.49,Retained,No Complaint
53279,0,24.0,Mobile Phone,1,9.0,Credit Card,Male,4.0,4,Grocery,3,Divorced,7,0,15.0,1.0,2.0,4.0,301.39,Retained,No Complaint
53280,1,1.0,Phone,1,7.0,Debit Card,Female,3.0,5,Mobile,5,Divorced,3,1,12.0,1.0,2.0,1.0,148.19,Churned,Filed Complaint
53281,0,7.0,Mobile Phone,1,14.0,Credit Card,Male,3.0,4,Fashion,3,Divorced,2,0,12.0,1.0,2.0,8.0,241.91000000000003,Retained,No Complaint
53282,1,1.0,Mobile Phone,3,23.0,E wallet,Female,4.0,4,Laptop & Accessory,5,Single,7,0,16.0,2.0,2.0,3.0,178.24,Churned,No Complaint
53283,0,21.0,Mobile Phone,1,9.0,UPI,Female,3.0,4,Grocery,2,Divorced,3,1,15.0,4.0,4.0,1.0,292.52,Retained,Filed Complaint
53284,0,10.0,Mobile Phone,1,7.0,UPI,Female,3.0,4,Laptop & Accessory,4,Divorced,2,0,16.0,1.0,2.0,6.0,177.28,Retained,No Complaint
53285,0,3.0,Mobile Phone,1,30.0,Debit Card,Male,3.0,2,Mobile,3,Divorced,3,0,25.0,2.0,2.0,8.0,152.0,Retained,No Complaint
53286,1,21.0,Mobile Phone,1,9.0,Debit Card,Male,3.0,4,Others,4,Single,9,1,15.0,6.0,14.0,9.0,317.46,Churned,Filed Complaint
53287,0,9.0,Mobile Phone,1,7.0,Debit Card,Female,3.0,2,Mobile,3,Single,5,0,14.0,1.0,3.0,3.0,150.06,Retained,No Complaint
53288,0,16.0,Mobile Phone,1,7.0,Debit Card,Female,3.0,5,Laptop & Accessory,2,Divorced,11,1,14.0,1.0,2.0,3.0,185.62,Retained,Filed Complaint
53289,1,1.0,Mobile Phone,1,9.0,Credit Card,Male,3.0,4,Mobile,3,Single,8,0,18.0,1.0,3.0,2.0,168.82,Churned,No Complaint
53290,0,10.0,Phone,2,20.0,UPI,Male,3.0,4,Mobile,4,Divorced,5,0,14.0,2.0,2.0,5.0,146.43,Retained,No Complaint
53291,0,6.0,Mobile Phone,1,11.0,Debit Card,Female,4.0,5,Laptop & Accessory,3,Divorced,3,0,13.0,2.0,7.0,9.0,186.62,Retained,No Complaint
53292,0,14.0,Computer,1,23.0,Credit Card,Male,3.0,5,Laptop & Accessory,3,Single,8,0,15.0,2.0,2.0,1.0,175.94,Retained,No Complaint
53293,0,4.0,Mobile Phone,1,9.0,Credit Card,Female,3.0,5,Laptop & Accessory,2,Single,7,1,25.0,2.0,2.0,1.0,193.77,Retained,Filed Complaint
53294,0,19.0,Phone,1,9.0,Debit Card,Female,4.0,5,Mobile,3,Single,3,0,15.0,2.0,2.0,1.0,147.74,Retained,No Complaint
53295,0,16.0,Mobile Phone,1,36.0,Debit Card,Male,4.0,4,Laptop & Accessory,4,Divorced,3,0,14.0,3.0,8.0,9.0,169.34,Retained,No Complaint
53296,0,12.0,Computer,1,19.0,Debit Card,Male,3.0,5,Laptop & Accessory,5,Married,4,0,16.0,2.0,2.0,3.0,187.88,Retained,No Complaint
53297,0,8.0,Computer,1,23.0,Debit Card,Female,4.0,5,Mobile,2,Single,3,0,17.0,2.0,2.0,4.0,150.53,Retained,No Complaint
53298,1,13.0,Mobile Phone,3,18.0,E wallet,Female,3.0,4,Fashion,2,Divorced,3,0,19.0,1.0,8.0,8.0,201.54,Churned,No Complaint
53299,1,19.0,Mobile Phone,3,9.0,Credit Card,Male,3.0,4,Laptop & Accessory,2,Single,6,0,17.0,1.0,8.0,4.0,176.6,Churned,No Complaint
53300,0,17.0,Mobile Phone,1,21.0,Debit Card,Male,4.0,4,Grocery,5,Divorced,8,0,15.0,2.0,2.0,1.0,296.59,Retained,No Complaint
53301,0,1.0,Mobile Phone,1,12.0,Cash on Delivery,Male,3.0,5,Fashion,2,Married,3,1,17.0,1.0,2.0,9.0,253.07999999999998,Retained,Filed Complaint
53302,0,9.0,Mobile Phone,1,14.0,UPI,Male,3.0,4,Fashion,3,Single,5,0,22.0,1.0,2.0,3.0,227.21,Retained,No Complaint
53303,0,2.0,Mobile Phone,3,9.0,E wallet,Female,3.0,4,Laptop & Accessory,4,Divorced,3,1,21.0,8.0,8.0,6.0,172.79,Retained,Filed Complaint
53304,0,8.0,Mobile Phone,2,10.0,UPI,Male,3.0,4,Mobile,2,Divorced,2,0,20.0,2.0,2.0,3.0,162.37,Retained,No Complaint
53305,1,1.0,Computer,1,12.0,Credit Card,Female,3.0,5,Mobile,3,Divorced,3,1,15.0,1.0,2.0,8.0,148.66,Churned,Filed Complaint
53306,0,1.0,Computer,1,10.0,Credit Card,Male,3.0,4,Mobile,2,Divorced,3,0,12.0,2.0,2.0,1.0,142.06,Retained,No Complaint
53307,0,25.0,Mobile Phone,3,33.0,E wallet,Female,4.0,4,Grocery,3,Divorced,4,0,15.0,1.0,5.0,18.0,288.07,Retained,No Complaint
53308,0,18.0,Mobile Phone,1,11.0,Credit Card,Male,3.0,4,Laptop & Accessory,4,Single,11,0,13.0,2.0,3.0,4.0,184.33,Retained,No Complaint
53309,0,1.0,Mobile Phone,1,9.0,Credit Card,Male,4.0,2,Mobile,5,Single,9,0,14.0,2.0,2.0,2.0,159.24,Retained,No Complaint
53310,0,7.0,Mobile Phone,3,7.0,Credit Card,Male,3.0,2,Laptop & Accessory,5,Married,3,0,23.0,1.0,2.0,9.0,165.37,Retained,No Complaint
53311,0,9.0,Mobile Phone,1,34.0,Credit Card,Female,3.0,5,Mobile,5,Single,3,0,12.0,2.0,2.0,2.0,150.59,Retained,No Complaint
53312,0,10.0,Mobile Phone,3,7.0,Debit Card,Male,3.0,4,Laptop & Accessory,2,Divorced,3,1,15.0,3.0,5.0,12.0,187.01,Retained,Filed Complaint
53313,0,6.0,Mobile Phone,3,20.0,Debit Card,Male,4.0,4,Laptop & Accessory,2,Married,4,0,12.0,1.0,2.0,4.0,169.03,Retained,No Complaint
53314,0,4.0,Computer,1,12.0,Debit Card,Male,4.0,5,Mobile,2,Married,11,0,13.0,1.0,2.0,4.0,162.61,Retained,No Complaint
53315,0,27.0,Mobile Phone,3,14.0,E wallet,Female,4.0,5,Fashion,2,Divorced,9,1,19.0,1.0,2.0,5.0,234.33999999999997,Retained,Filed Complaint
53316,0,19.0,Mobile Phone,3,16.0,E wallet,Male,4.0,4,Fashion,5,Married,6,1,13.0,2.0,2.0,3.0,232.61,Retained,Filed Complaint
53317,0,6.0,Mobile Phone,1,15.0,Credit Card,Female,4.0,2,Laptop & Accessory,3,Divorced,7,0,13.0,2.0,2.0,4.0,176.75,Retained,No Complaint
53318,0,26.0,Computer,1,32.0,Credit Card,Female,3.0,5,Grocery,2,Divorced,5,0,23.0,1.0,2.0,1.0,263.26,Retained,No Complaint
53319,0,11.0,Mobile Phone,3,23.0,E wallet,Male,4.0,5,Laptop & Accessory,3,Married,6,0,20.0,2.0,2.0,1.0,188.34,Retained,No Complaint
53320,0,2.0,Mobile Phone,2,15.0,Credit Card,Male,4.0,5,Mobile,2,Married,3,0,14.0,1.0,2.0,5.0,174.36,Retained,No Complaint
53321,0,1.0,Mobile Phone,1,7.0,Debit Card,Male,3.0,5,Laptop & Accessory,2,Divorced,8,0,23.0,3.0,3.0,3.0,172.75,Retained,No Complaint
53322,0,18.0,Mobile Phone,1,15.0,Debit Card,Male,4.0,2,Mobile,2,Divorced,4,1,25.0,2.0,2.0,3.0,153.18,Retained,Filed Complaint
53323,0,16.0,Computer,1,9.0,Credit Card,Male,3.0,4,Mobile,2,Single,7,1,15.0,1.0,3.0,3.0,150.15,Retained,Filed Complaint
53324,0,10.0,Phone,2,15.0,Debit Card,Male,4.0,5,Mobile,5,Divorced,2,0,22.0,2.0,2.0,4.0,148.42,Retained,No Complaint
53325,0,1.0,Mobile Phone,3,10.0,UPI,Male,4.0,4,Laptop & Accessory,5,Divorced,3,1,19.0,2.0,2.0,4.0,166.94,Retained,Filed Complaint
53326,0,9.0,Mobile Phone,1,16.0,Debit Card,Female,4.0,5,Fashion,3,Divorced,3,1,21.0,3.0,2.0,16.0,231.85000000000002,Retained,Filed Complaint
53327,1,1.0,Computer,1,32.0,Debit Card,Female,4.0,4,Mobile,4,Married,3,1,20.0,1.0,8.0,9.0,145.22,Churned,Filed Complaint
53328,0,6.0,Computer,1,7.0,Debit Card,Male,4.0,4,Mobile,2,Married,2,0,13.0,1.0,2.0,3.0,148.14,Retained,No Complaint
53329,0,1.0,Mobile Phone,3,11.0,E wallet,Male,3.0,5,Laptop & Accessory,5,Divorced,3,0,13.0,2.0,2.0,4.0,167.56,Retained,No Complaint
53330,0,23.0,Mobile Phone,1,7.0,Cash on Delivery,Female,3.0,4,Mobile,5,Divorced,4,0,17.0,2.0,2.0,3.0,160.8,Retained,No Complaint
53331,0,1.0,Computer,1,11.0,Debit Card,Male,3.0,5,Mobile,2,Divorced,2,0,18.0,1.0,4.0,5.0,156.62,Retained,No Complaint
53332,0,6.0,Computer,3,12.0,Debit Card,Male,3.0,4,Laptop & Accessory,4,Divorced,3,0,15.0,3.0,6.0,4.0,190.24,Retained,No Complaint
53333,0,12.0,Mobile Phone,3,16.0,E wallet,Male,4.0,5,Mobile,4,Divorced,2,0,20.0,1.0,2.0,3.0,153.99,Retained,No Complaint
53334,0,16.0,Mobile Phone,1,10.0,Debit Card,Female,4.0,2,Laptop & Accessory,2,Divorced,4,1,14.0,1.0,2.0,4.0,177.31,Retained,Filed Complaint
53335,0,5.0,Phone,1,18.0,Debit Card,Male,3.0,4,Mobile,2,Divorced,5,1,20.0,2.0,2.0,3.0,148.56,Retained,Filed Complaint
53336,1,1.0,Mobile Phone,3,7.0,Credit Card,Female,3.0,5,Mobile,3,Married,8,1,20.0,1.0,2.0,3.0,153.0,Churned,Filed Complaint
53337,0,27.0,Mobile Phone,3,15.0,E wallet,Male,4.0,4,Grocery,2,Divorced,7,0,15.0,1.0,2.0,3.0,243.36,Retained,No Complaint
53338,0,9.0,Mobile Phone,1,32.0,Cash on Delivery,Male,4.0,5,Fashion,4,Divorced,5,0,17.0,4.0,2.0,9.0,234.02999999999997,Retained,No Complaint
53339,0,11.0,Computer,3,28.0,Credit Card,Female,3.0,4,Mobile,2,Divorced,7,0,16.0,2.0,2.0,1.0,154.73,Retained,No Complaint
53340,0,27.0,Mobile Phone,1,30.0,Debit Card,Female,4.0,4,Grocery,2,Single,8,0,19.0,1.0,4.0,9.0,267.75,Retained,No Complaint
53341,0,17.0,Computer,1,7.0,Debit Card,Female,3.0,4,Laptop & Accessory,2,Divorced,6,0,14.0,2.0,3.0,3.0,180.62,Retained,No Complaint
53342,0,21.0,Mobile Phone,3,9.0,E wallet,Female,3.0,4,Laptop & Accessory,2,Divorced,2,1,23.0,6.0,8.0,8.0,170.37,Retained,Filed Complaint
53343,0,11.0,Computer,3,26.0,Credit Card,Male,3.0,4,Fashion,4,Single,3,1,14.0,1.0,2.0,10.0,201.42,Retained,Filed Complaint
53344,0,24.0,Computer,1,9.0,Debit Card,Male,4.0,4,Grocery,5,Married,3,0,15.0,14.0,15.0,8.0,304.24,Retained,No Complaint
53345,0,13.0,Mobile Phone,2,9.0,Debit Card,Female,3.0,5,Laptop & Accessory,2,Divorced,10,0,12.0,1.0,2.0,5.0,177.04,Retained,No Complaint
53346,0,7.0,Phone,2,10.0,UPI,Male,3.0,4,Mobile,4,Married,5,1,12.0,1.0,2.0,4.0,147.77,Retained,Filed Complaint
53347,1,1.0,Mobile Phone,1,32.0,Debit Card,Male,3.0,4,Mobile,2,Single,3,1,25.0,2.0,2.0,2.0,152.95,Churned,Filed Complaint
53348,0,3.0,Mobile Phone,1,14.0,Credit Card,Female,4.0,5,Mobile,2,Married,8,0,15.0,2.0,2.0,4.0,150.32,Retained,No Complaint
53349,0,18.0,Mobile Phone,1,16.0,Debit Card,Male,4.0,4,Mobile,5,Divorced,3,1,14.0,3.0,8.0,2.0,150.59,Retained,Filed Complaint
53350,0,2.0,Mobile Phone,3,12.0,Credit Card,Male,4.0,4,Laptop & Accessory,2,Single,3,0,15.0,2.0,2.0,3.0,174.08,Retained,No Complaint
53351,1,21.0,Computer,1,9.0,Debit Card,Male,3.0,5,Mobile,2,Married,11,1,15.0,1.0,2.0,1.0,148.8,Churned,Filed Complaint
53352,0,17.0,Mobile Phone,1,15.0,Debit Card,Female,3.0,4,Laptop & Accessory,4,Married,6,0,22.0,2.0,2.0,1.0,172.65,Retained,No Complaint
53353,1,1.0,Phone,3,9.0,Credit Card,Female,3.0,5,Mobile,3,Single,3,0,14.0,1.0,2.0,3.0,145.44,Churned,No Complaint
53354,1,1.0,Mobile Phone,1,25.0,UPI,Female,4.0,4,Mobile,2,Single,3,0,20.0,2.0,2.0,1.0,151.93,Churned,No Complaint
53355,0,10.0,Mobile Phone,1,21.0,Debit Card,Male,4.0,4,Laptop & Accessory,2,Divorced,2,1,18.0,5.0,5.0,12.0,190.86,Retained,Filed Complaint
53356,0,21.0,Mobile Phone,3,9.0,Debit Card,Female,4.0,5,Mobile,2,Single,3,1,19.0,2.0,2.0,3.0,157.94,Retained,Filed Complaint
53357,1,1.0,Mobile Phone,1,10.0,Debit Card,Female,3.0,4,Laptop & Accessory,3,Divorced,2,1,20.0,2.0,2.0,3.0,166.71,Churned,Filed Complaint
53358,1,5.0,Mobile Phone,1,9.0,Debit Card,Female,3.0,6,Mobile,2,Married,6,1,14.0,1.0,2.0,1.0,152.78,Churned,Filed Complaint
53359,0,2.0,Phone,1,16.0,Credit Card,Female,4.0,4,Mobile,3,Married,7,0,19.0,3.0,3.0,3.0,148.77,Retained,No Complaint
53360,1,3.0,Phone,1,13.0,Credit Card,Male,4.0,4,Mobile,5,Divorced,9,1,22.0,2.0,3.0,3.0,149.04,Churned,Filed Complaint
53361,0,1.0,Phone,1,11.0,Debit Card,Female,4.0,4,Mobile,3,Single,3,0,20.0,2.0,2.0,1.0,148.18,Retained,No Complaint
53362,0,8.0,Phone,1,17.0,Debit Card,Male,3.0,4,Mobile,4,Married,3,0,15.0,2.0,2.0,1.0,145.08,Retained,No Complaint
53363,0,16.0,Mobile Phone,3,21.0,Credit Card,Female,4.0,5,Laptop & Accessory,3,Single,9,0,18.0,1.0,2.0,4.0,187.44,Retained,No Complaint
53364,0,7.0,Mobile Phone,1,7.0,UPI,Male,4.0,5,Mobile,5,Single,5,1,12.0,1.0,2.0,3.0,152.99,Retained,Filed Complaint
53365,0,31.0,Mobile Phone,1,12.0,Cash on Delivery,Female,3.0,5,Fashion,4,Married,4,1,14.0,2.0,2.0,3.0,230.52,Retained,Filed Complaint
53366,0,5.0,Phone,3,14.0,Debit Card,Male,3.0,5,Mobile,3,Divorced,5,0,16.0,4.0,6.0,3.0,148.29,Retained,No Complaint
53367,0,9.0,Mobile Phone,1,28.0,Debit Card,Female,3.0,4,Laptop & Accessory,2,Divorced,3,1,26.0,1.0,2.0,8.0,165.14,Retained,Filed Complaint
53368,0,23.0,Mobile Phone,1,15.0,UPI,Female,3.0,4,Fashion,4,Divorced,6,0,12.0,1.0,2.0,8.0,199.03,Retained,No Complaint
53369,0,22.0,Phone,1,27.0,Credit Card,Male,3.0,4,Mobile,3,Divorced,6,0,18.0,1.0,2.0,1.0,147.59,Retained,No Complaint
53370,0,5.0,Computer,3,27.0,E wallet,Female,3.0,4,Laptop & Accessory,3,Divorced,3,0,14.0,2.0,2.0,1.0,194.32,Retained,No Complaint
53371,0,10.0,Mobile Phone,1,14.0,UPI,Male,4.0,4,Mobile,2,Single,4,0,19.0,1.0,2.0,2.0,171.78,Retained,No Complaint
53372,0,12.0,Mobile Phone,1,7.0,Cash on Delivery,Female,4.0,4,Fashion,5,Divorced,3,0,14.0,4.0,6.0,12.0,260.82,Retained,No Complaint
53373,0,6.0,Computer,1,7.0,Debit Card,Female,4.0,5,Mobile,4,Divorced,8,0,21.0,2.0,2.0,3.0,148.32,Retained,No Complaint
53374,1,1.0,Phone,3,26.0,E wallet,Male,3.0,5,Mobile,4,Divorced,3,1,19.0,1.0,2.0,1.0,149.13,Churned,Filed Complaint
53375,0,14.0,Mobile Phone,3,17.0,E wallet,Male,4.0,5,Fashion,4,Married,4,0,13.0,2.0,2.0,3.0,222.05,Retained,No Complaint
53376,0,1.0,Computer,3,7.0,Credit Card,Male,3.0,5,Laptop & Accessory,5,Single,3,0,13.0,2.0,2.0,8.0,167.94,Retained,No Complaint
53377,0,15.0,Mobile Phone,1,13.0,Credit Card,Male,3.0,4,Mobile,5,Single,4,1,14.0,2.0,3.0,18.0,172.21,Retained,Filed Complaint
53378,0,10.0,Mobile Phone,1,9.0,Credit Card,Male,4.0,4,Mobile,3,Single,6,0,22.0,3.0,4.0,10.0,150.19,Retained,No Complaint
53379,1,1.0,Phone,3,28.0,UPI,Male,3.0,5,Mobile,4,Single,3,1,14.0,1.0,2.0,1.0,146.21,Churned,Filed Complaint
53380,1,1.0,Mobile Phone,1,11.0,Cash on Delivery,Male,3.0,4,Mobile,5,Single,3,0,20.0,2.0,2.0,1.0,154.73,Churned,No Complaint
53381,0,5.0,Mobile Phone,1,19.0,Credit Card,Female,3.0,4,Laptop & Accessory,2,Divorced,2,1,12.0,1.0,9.0,6.0,183.55,Retained,Filed Complaint
53382,0,14.0,Computer,1,16.0,Credit Card,Male,3.0,4,Mobile,4,Married,10,1,15.0,1.0,2.0,1.0,161.17,Retained,Filed Complaint
53383,0,6.0,Mobile Phone,1,10.0,Credit Card,Female,4.0,4,Laptop & Accessory,5,Divorced,3,0,13.0,7.0,7.0,4.0,192.25,Retained,No Complaint
53384,1,1.0,Mobile Phone,3,10.0,Debit Card,Male,3.0,5,Fashion,2,Divorced,3,1,12.0,4.0,4.0,3.0,228.25,Churned,Filed Complaint
53385,0,7.0,Mobile Phone,1,7.0,Debit Card,Female,3.0,5,Laptop & Accessory,2,Single,2,0,15.0,1.0,2.0,5.0,194.49,Retained,No Complaint
53386,1,1.0,Mobile Phone,3,7.0,Debit Card,Male,3.0,5,Fashion,3,Divorced,7,0,12.0,2.0,12.0,3.0,231.08999999999997,Churned,No Complaint
53387,0,19.0,Computer,1,11.0,Debit Card,Male,3.0,4,Laptop & Accessory,4,Divorced,3,0,13.0,2.0,2.0,9.0,169.47,Retained,No Complaint
53388,0,3.0,Computer,3,27.0,Cash on Delivery,Female,3.0,4,Mobile,2,Divorced,3,0,16.0,1.0,2.0,3.0,146.57,Retained,No Complaint
53389,0,9.0,Mobile Phone,3,25.0,Credit Card,Female,3.0,4,Laptop & Accessory,3,Divorced,3,0,17.0,2.0,2.0,1.0,171.01,Retained,No Complaint
53390,0,26.0,Mobile Phone,1,7.0,Debit Card,Male,4.0,4,Grocery,2,Divorced,4,0,15.0,8.0,8.0,9.0,295.99,Retained,No Complaint
53391,1,21.0,Mobile Phone,1,9.0,Cash on Delivery,Male,3.0,4,Mobile,3,Single,6,0,25.0,2.0,2.0,1.0,149.79,Churned,No Complaint
53392,0,27.0,Mobile Phone,3,9.0,Credit Card,Male,3.0,4,Grocery,3,Married,8,0,14.0,1.0,16.0,3.0,273.52,Retained,No Complaint
53393,0,4.0,Mobile Phone,3,15.0,UPI,Male,4.0,4,Fashion,3,Married,7,0,12.0,5.0,8.0,8.0,197.64,Retained,No Complaint
53394,0,12.0,Computer,3,17.0,Cash on Delivery,Female,3.0,4,Laptop & Accessory,2,Single,3,1,14.0,1.0,2.0,4.0,181.66,Retained,Filed Complaint
53395,0,9.0,Mobile Phone,3,10.0,Debit Card,Male,4.0,4,Fashion,2,Married,8,0,14.0,1.0,2.0,9.0,203.23,Retained,No Complaint
53396,0,13.0,Mobile Phone,3,9.0,Debit Card,Male,3.0,2,Fashion,3,Single,2,0,19.0,2.0,2.0,8.0,203.8,Retained,No Complaint
53397,1,4.0,Computer,3,31.0,Debit Card,Female,4.0,2,Grocery,4,Single,6,1,17.0,2.0,2.0,1.0,256.94,Churned,Filed Complaint
53398,0,21.0,Computer,1,23.0,Credit Card,Male,4.0,2,Laptop & Accessory,3,Married,3,1,20.0,1.0,3.0,8.0,175.67,Retained,Filed Complaint
53399,0,10.0,Computer,3,15.0,Cash on Delivery,Male,3.0,4,Laptop & Accessory,2,Married,6,0,14.0,2.0,2.0,8.0,175.79,Retained,No Complaint
53400,1,1.0,Computer,1,16.0,Credit Card,Male,3.0,5,Mobile,5,Single,2,1,23.0,2.0,2.0,3.0,148.21,Churned,Filed Complaint
53401,0,7.0,Computer,3,24.0,Debit Card,Male,3.0,4,Grocery,3,Single,3,0,15.0,6.0,7.0,1.0,299.44,Retained,No Complaint
53402,1,1.0,Phone,1,17.0,Debit Card,Female,4.0,5,Mobile,5,Single,8,1,21.0,2.0,2.0,1.0,149.04,Churned,Filed Complaint
53403,0,7.0,Mobile Phone,1,20.0,Debit Card,Female,3.0,4,Mobile,2,Single,5,0,19.0,2.0,2.0,3.0,159.52,Retained,No Complaint
53404,0,19.0,Phone,1,7.0,Credit Card,Female,4.0,4,Mobile,2,Married,5,0,15.0,1.0,2.0,3.0,147.7,Retained,No Complaint
53405,0,24.0,Mobile Phone,1,7.0,Credit Card,Male,4.0,4,Grocery,2,Married,11,0,15.0,1.0,2.0,4.0,298.99,Retained,No Complaint
53406,0,7.0,Computer,1,7.0,UPI,Female,3.0,2,Laptop & Accessory,4,Divorced,3,1,14.0,1.0,2.0,3.0,179.88,Retained,Filed Complaint
53407,0,15.0,Computer,1,16.0,Credit Card,Male,4.0,4,Others,3,Married,4,0,15.0,2.0,2.0,12.0,319.19,Retained,No Complaint
53408,0,1.0,Mobile Phone,1,23.0,Cash on Delivery,Female,3.0,4,Mobile,4,Divorced,11,0,15.0,3.0,3.0,3.0,153.11,Retained,No Complaint
53409,0,19.0,Computer,1,30.0,Debit Card,Male,3.0,4,Laptop & Accessory,5,Divorced,3,1,16.0,2.0,2.0,9.0,161.33,Retained,Filed Complaint
53410,0,21.0,Mobile Phone,3,11.0,Debit Card,Female,3.0,4,Laptop & Accessory,2,Single,3,1,18.0,2.0,2.0,8.0,166.63,Retained,Filed Complaint
53411,1,1.0,Phone,1,29.0,Debit Card,Female,3.0,4,Mobile,3,Divorced,6,1,12.0,1.0,2.0,2.0,146.32,Churned,Filed Complaint
53412,0,24.0,Mobile Phone,1,31.0,Debit Card,Male,4.0,4,Grocery,3,Divorced,5,1,19.0,1.0,2.0,6.0,264.73,Retained,Filed Complaint
53413,0,12.0,Computer,1,17.0,Credit Card,Male,4.0,4,Mobile,3,Divorced,2,0,18.0,1.0,2.0,3.0,151.84,Retained,No Complaint
53414,0,20.0,Mobile Phone,1,14.0,Credit Card,Male,4.0,4,Fashion,3,Married,8,0,14.0,1.0,2.0,8.0,233.45,Retained,No Complaint
53415,0,1.0,Mobile Phone,1,24.0,Credit Card,Female,3.0,5,Laptop & Accessory,3,Married,3,0,16.0,3.0,4.0,3.0,168.77,Retained,No Complaint
53416,1,1.0,Mobile Phone,1,21.0,UPI,Male,3.0,5,Mobile,4,Married,3,1,25.0,2.0,2.0,3.0,162.43,Churned,Filed Complaint
53417,0,5.0,Computer,1,7.0,Debit Card,Female,4.0,4,Laptop & Accessory,5,Divorced,3,0,13.0,2.0,2.0,4.0,166.48,Retained,No Complaint
53418,0,1.0,Computer,1,12.0,Debit Card,Male,4.0,4,Mobile,2,Single,3,0,16.0,2.0,2.0,1.0,135.51,Retained,No Complaint
53419,0,28.0,Mobile Phone,1,24.0,Cash on Delivery,Female,3.0,4,Fashion,3,Divorced,10,0,12.0,2.0,2.0,9.0,232.39,Retained,No Complaint
53420,0,9.0,Mobile Phone,1,32.0,Credit Card,Female,3.0,4,Fashion,3,Married,3,1,12.0,3.0,11.0,3.0,228.88,Retained,Filed Complaint
53421,0,4.0,Mobile Phone,1,15.0,Debit Card,Female,4.0,2,Fashion,5,Divorced,2,1,13.0,1.0,2.0,8.0,239.16000000000003,Retained,Filed Complaint
53422,1,1.0,Mobile Phone,1,18.0,Credit Card,Female,4.0,5,Mobile,5,Single,3,1,16.0,1.0,2.0,1.0,151.0,Churned,Filed Complaint
53423,1,1.0,Computer,1,12.0,Credit Card,Female,3.0,4,Mobile,4,Single,2,0,18.0,1.0,2.0,3.0,149.22,Churned,No Complaint
53424,0,1.0,Mobile Phone,1,9.0,Credit Card,Male,3.0,2,Laptop & Accessory,2,Divorced,3,0,13.0,2.0,2.0,4.0,179.72,Retained,No Complaint
53425,0,1.0,Phone,1,15.0,Debit Card,Male,4.0,6,Mobile,5,Divorced,3,0,16.0,2.0,2.0,2.0,149.51,Retained,No Complaint
53426,0,22.0,Mobile Phone,1,13.0,Debit Card,Male,4.0,5,Laptop & Accessory,3,Single,4,0,14.0,1.0,3.0,3.0,167.4,Retained,No Complaint
53427,0,22.0,Mobile Phone,1,11.0,Debit Card,Male,4.0,5,Fashion,3,Single,9,0,15.0,2.0,2.0,9.0,234.99,Retained,No Complaint
53428,0,15.0,Mobile Phone,1,14.0,Credit Card,Female,3.0,4,Laptop & Accessory,3,Single,8,0,15.0,2.0,3.0,2.0,175.03,Retained,No Complaint
53429,0,13.0,Mobile Phone,1,7.0,Debit Card,Female,4.0,5,Grocery,2,Divorced,3,0,17.0,1.0,2.0,9.0,252.42000000000002,Retained,No Complaint
53430,0,1.0,Mobile Phone,1,9.0,Debit Card,Female,3.0,4,Laptop & Accessory,2,Divorced,2,0,19.0,1.0,3.0,3.0,167.27,Retained,No Complaint
53431,0,9.0,Mobile Phone,1,17.0,UPI,Male,3.0,4,Mobile,2,Married,3,0,21.0,2.0,2.0,3.0,164.17,Retained,No Complaint
53432,0,16.0,Mobile Phone,3,12.0,E wallet,Male,3.0,4,Others,3,Divorced,8,0,15.0,1.0,2.0,1.0,308.03,Retained,No Complaint
53433,0,24.0,Phone,1,16.0,Debit Card,Male,4.0,4,Mobile,2,Divorced,6,0,19.0,2.0,2.0,1.0,148.8,Retained,No Complaint
53434,0,31.0,Mobile Phone,1,9.0,Debit Card,Female,4.0,5,Grocery,2,Single,5,1,14.0,1.0,5.0,4.0,262.26,Retained,Filed Complaint
53435,1,1.0,Mobile Phone,1,18.0,Credit Card,Female,4.0,6,Laptop & Accessory,4,Divorced,7,0,16.0,2.0,2.0,1.0,172.77,Churned,No Complaint
53436,0,29.0,Computer,1,25.0,Credit Card,Male,4.0,4,Laptop & Accessory,4,Divorced,5,1,15.0,7.0,7.0,8.0,188.85,Retained,Filed Complaint
53437,0,15.0,Computer,1,14.0,Debit Card,Female,3.0,6,Others,3,Married,3,0,23.0,2.0,6.0,11.0,324.73,Retained,No Complaint
53438,0,12.0,Mobile Phone,3,10.0,Debit Card,Male,3.0,4,Laptop & Accessory,2,Single,10,1,13.0,2.0,2.0,1.0,193.61,Retained,Filed Complaint
53439,1,1.0,Computer,3,36.0,Credit Card,Male,4.0,6,Laptop & Accessory,5,Single,10,0,19.0,1.0,3.0,3.0,174.69,Churned,No Complaint
53440,1,16.0,Mobile Phone,3,9.0,E wallet,Female,3.0,6,Others,2,Divorced,3,0,16.0,6.0,7.0,10.0,323.45,Churned,No Complaint
53441,0,18.0,Mobile Phone,3,35.0,Credit Card,Female,3.0,2,Grocery,2,Divorced,5,1,19.0,2.0,2.0,12.0,258.2,Retained,Filed Complaint
53442,0,24.0,Computer,3,7.0,Debit Card,Female,4.0,4,Laptop & Accessory,3,Divorced,2,0,13.0,2.0,2.0,14.0,188.47,Retained,No Complaint
53443,1,1.0,Mobile Phone,1,23.0,Debit Card,Female,3.0,2,Mobile,5,Single,3,0,17.0,16.0,16.0,15.0,152.43,Churned,No Complaint
53444,0,13.0,Computer,1,29.0,Credit Card,Female,3.0,4,Fashion,5,Single,3,1,14.0,2.0,2.0,9.0,233.8,Retained,Filed Complaint
53445,0,7.0,Computer,3,15.0,Debit Card,Female,3.0,5,Mobile,2,Single,2,0,20.0,3.0,3.0,3.0,148.42,Retained,No Complaint
53446,0,19.0,Mobile Phone,3,18.0,Debit Card,Female,3.0,4,Grocery,2,Divorced,5,0,15.0,2.0,2.0,2.0,301.5,Retained,No Complaint
53447,0,6.0,Computer,1,36.0,Credit Card,Female,4.0,4,Mobile,3,Single,11,0,13.0,6.0,8.0,8.0,165.25,Retained,No Complaint
53448,0,8.0,Mobile Phone,3,7.0,E wallet,Male,4.0,2,Laptop & Accessory,2,Married,2,0,12.0,2.0,2.0,3.0,222.25,Retained,No Complaint
53449,0,31.0,Mobile Phone,3,7.0,Cash on Delivery,Male,4.0,4,Fashion,2,Divorced,5,1,15.0,1.0,2.0,5.0,244.04000000000002,Retained,Filed Complaint
53450,0,19.0,Phone,2,31.0,Credit Card,Male,3.0,4,Mobile,4,Single,3,0,17.0,1.0,2.0,5.0,146.77,Retained,No Complaint
53451,0,27.0,Computer,3,9.0,E wallet,Female,3.0,5,Fashion,4,Divorced,4,0,13.0,1.0,7.0,13.0,200.25,Retained,No Complaint
53452,1,1.0,Mobile Phone,1,22.0,UPI,Male,3.0,4,Laptop & Accessory,3,Married,9,0,15.0,1.0,2.0,1.0,173.34,Churned,No Complaint
53453,1,1.0,Computer,1,9.0,Debit Card,Male,3.0,4,Mobile,5,Divorced,8,1,15.0,2.0,2.0,3.0,145.42,Churned,Filed Complaint
53454,0,8.0,Phone,3,17.0,Debit Card,Female,3.0,4,Mobile,3,Divorced,3,1,20.0,1.0,2.0,1.0,147.2,Retained,Filed Complaint
53455,0,2.0,Phone,3,17.0,Credit Card,Male,4.0,4,Mobile,4,Divorced,3,0,23.0,2.0,2.0,1.0,135.52,Retained,No Complaint
53456,0,12.0,Computer,1,10.0,UPI,Male,3.0,4,Mobile,3,Divorced,5,0,17.0,3.0,3.0,3.0,153.21,Retained,No Complaint
53457,0,24.0,Mobile Phone,1,9.0,Credit Card,Male,4.0,4,Others,3,Divorced,4,1,15.0,8.0,8.0,8.0,317.37,Retained,Filed Complaint
53458,0,11.0,Mobile Phone,1,10.0,UPI,Female,3.0,4,Laptop & Accessory,4,Single,5,0,16.0,2.0,2.0,2.0,166.07,Retained,No Complaint
53459,0,14.0,Mobile Phone,3,33.0,E wallet,Male,4.0,4,Laptop & Accessory,5,Divorced,3,0,15.0,6.0,8.0,6.0,208.96,Retained,No Complaint
53460,0,1.0,Computer,1,7.0,Credit Card,Female,4.0,5,Mobile,3,Married,3,0,14.0,2.0,2.0,4.0,145.07,Retained,No Complaint
53461,0,20.0,Mobile Phone,1,7.0,Credit Card,Male,3.0,4,Others,2,Married,11,0,15.0,2.0,3.0,3.0,321.27,Retained,No Complaint
53462,0,28.0,Mobile Phone,3,9.0,Debit Card,Female,3.0,5,Fashion,3,Divorced,8,0,12.0,7.0,2.0,1.0,231.86,Retained,No Complaint
53463,0,30.0,Computer,1,16.0,Credit Card,Female,4.0,4,Mobile,3,Divorced,4,0,20.0,1.0,2.0,4.0,154.42,Retained,No Complaint
53464,0,10.0,Mobile Phone,1,19.0,Credit Card,Female,3.0,5,Fashion,2,Single,2,0,12.0,6.0,8.0,3.0,213.58,Retained,No Complaint
53465,0,29.0,Computer,1,9.0,Credit Card,Male,3.0,5,Grocery,5,Single,9,0,15.0,4.0,7.0,3.0,292.56,Retained,No Complaint
53466,0,17.0,Mobile Phone,3,32.0,Credit Card,Male,4.0,5,Fashion,2,Married,7,0,14.0,2.0,2.0,1.0,259.0,Retained,No Complaint
53467,1,1.0,Computer,3,16.0,E wallet,Female,3.0,4,Mobile,2,Single,3,1,15.0,1.0,2.0,3.0,148.23,Churned,Filed Complaint
53468,1,1.0,Phone,1,17.0,Debit Card,Female,3.0,5,Mobile,5,Single,3,0,14.0,2.0,2.0,1.0,139.16,Churned,No Complaint
53469,0,20.0,Mobile Phone,1,15.0,Debit Card,Female,4.0,5,Laptop & Accessory,5,Married,10,1,24.0,2.0,2.0,8.0,171.15,Retained,Filed Complaint
53470,1,15.0,Mobile Phone,1,11.0,Debit Card,Male,3.0,4,Mobile,3,Divorced,11,1,13.0,2.0,3.0,8.0,149.61,Churned,Filed Complaint
53471,1,1.0,Computer,1,31.0,Cash on Delivery,Male,4.0,5,Fashion,5,Single,3,0,13.0,1.0,2.0,3.0,212.22,Churned,No Complaint
53472,0,1.0,Mobile Phone,1,7.0,Credit Card,Male,3.0,5,Mobile,5,Divorced,3,0,17.0,1.0,2.0,4.0,164.55,Retained,No Complaint
53473,0,4.0,Mobile Phone,1,27.0,UPI,Male,3.0,4,Laptop & Accessory,5,Divorced,2,0,16.0,2.0,2.0,3.0,224.57,Retained,No Complaint
53474,0,15.0,Mobile Phone,1,14.0,Cash on Delivery,Female,3.0,2,Mobile,3,Divorced,3,0,14.0,2.0,2.0,9.0,158.76,Retained,No Complaint
53475,0,12.0,Mobile Phone,1,24.0,Debit Card,Female,4.0,5,Fashion,3,Divorced,2,0,19.0,1.0,2.0,3.0,213.23,Retained,No Complaint
53476,0,14.0,Mobile Phone,1,27.0,Cash on Delivery,Male,4.0,4,Fashion,2,Divorced,6,0,21.0,5.0,12.0,3.0,228.22,Retained,No Complaint
53477,0,1.0,Computer,1,15.0,Debit Card,Male,3.0,6,Mobile,3,Divorced,3,0,20.0,2.0,2.0,3.0,171.21,Retained,No Complaint
53478,0,29.0,Computer,1,9.0,Debit Card,Male,4.0,4,Fashion,4,Divorced,5,0,19.0,2.0,2.0,3.0,234.76,Retained,No Complaint
53479,0,2.0,Mobile Phone,1,17.0,UPI,Female,3.0,4,Laptop & Accessory,3,Single,5,0,14.0,2.0,2.0,8.0,161.6,Retained,No Complaint
53480,1,8.0,Mobile Phone,2,7.0,Credit Card,Male,4.0,5,Fashion,5,Divorced,11,0,15.0,3.0,4.0,3.0,229.82,Churned,No Complaint
53481,0,7.0,Mobile Phone,1,12.0,Debit Card,Male,3.0,5,Fashion,2,Married,6,0,16.0,1.0,2.0,3.0,196.19,Retained,No Complaint
53482,1,1.0,Mobile Phone,3,11.0,Cash on Delivery,Male,3.0,4,Fashion,5,Single,2,1,23.0,4.0,5.0,3.0,220.82,Churned,Filed Complaint
53483,1,1.0,Computer,1,36.0,Credit Card,Female,3.0,5,Laptop & Accessory,3,Single,3,0,23.0,4.0,4.0,9.0,170.08,Churned,No Complaint
53484,0,2.0,Phone,1,22.0,Debit Card,Male,3.0,4,Mobile,3,Married,3,0,17.0,3.0,3.0,3.0,147.07,Retained,No Complaint
53485,0,8.0,Computer,1,10.0,Debit Card,Male,3.0,4,Laptop & Accessory,2,Single,2,0,18.0,2.0,2.0,5.0,202.56,Retained,No Complaint
53486,0,11.0,Mobile Phone,3,17.0,Debit Card,Female,3.0,5,Laptop & Accessory,2,Married,4,1,15.0,1.0,2.0,1.0,191.94,Retained,Filed Complaint
53487,1,1.0,Mobile Phone,1,11.0,Cash on Delivery,Male,3.0,4,Mobile,2,Divorced,3,1,16.0,6.0,6.0,7.0,161.91,Churned,Filed Complaint
53488,1,1.0,Phone,1,28.0,Credit Card,Male,3.0,4,Mobile,3,Married,3,0,21.0,2.0,2.0,1.0,148.77,Churned,No Complaint
53489,1,1.0,Phone,1,32.0,Credit Card,Male,3.0,5,Mobile,4,Single,6,1,21.0,1.0,3.0,3.0,148.13,Churned,Filed Complaint
53490,0,16.0,Mobile Phone,1,9.0,Credit Card,Male,3.0,4,Grocery,5,Divorced,2,0,15.0,6.0,14.0,8.0,301.65,Retained,No Complaint
53491,1,1.0,Computer,1,5.0,Credit Card,Male,3.0,5,Mobile,4,Married,3,0,16.0,1.0,2.0,1.0,150.96,Churned,No Complaint
53492,1,14.0,Computer,3,7.0,UPI,Male,3.0,4,Laptop & Accessory,3,Single,5,1,15.0,1.0,2.0,1.0,172.28,Churned,Filed Complaint
53493,0,7.0,Computer,3,14.0,Debit Card,Female,2.0,4,Laptop & Accessory,4,Divorced,2,0,18.0,2.0,2.0,3.0,168.02,Retained,No Complaint
53494,0,8.0,Computer,1,10.0,Debit Card,Male,3.0,5,Mobile,2,Divorced,5,0,18.0,2.0,2.0,1.0,154.79,Retained,No Complaint
53495,0,22.0,Computer,1,7.0,Credit Card,Male,3.0,2,Grocery,2,Single,4,0,15.0,1.0,3.0,2.0,293.85,Retained,No Complaint
53496,0,19.0,Computer,3,16.0,Debit Card,Female,4.0,5,Laptop & Accessory,3,Divorced,3,0,14.0,1.0,5.0,13.0,180.93,Retained,No Complaint
53497,0,26.0,Mobile Phone,1,14.0,Debit Card,Male,3.0,4,Fashion,4,Single,9,0,20.0,4.0,5.0,3.0,229.45,Retained,No Complaint
53498,0,12.0,Mobile Phone,3,17.0,E wallet,Male,4.0,5,Fashion,3,Married,2,1,15.0,3.0,3.0,3.0,212.4,Retained,Filed Complaint
53499,0,3.0,Mobile Phone,1,35.0,Debit Card,Female,4.0,4,Mobile,2,Married,6,0,23.0,1.0,2.0,8.0,150.14,Retained,No Complaint
53500,0,2.0,Mobile Phone,1,10.0,Credit Card,Female,4.0,4,Fashion,4,Married,2,0,18.0,1.0,2.0,8.0,201.55,Retained,No Complaint
53501,0,20.0,Mobile Phone,3,10.0,E wallet,Male,3.0,4,Grocery,3,Divorced,5,0,15.0,2.0,5.0,10.0,299.65,Retained,No Complaint
53502,0,12.0,Mobile Phone,3,9.0,E wallet,Male,3.0,4,Fashion,4,Single,9,0,17.0,2.0,2.0,1.0,198.51,Retained,No Complaint
53503,0,17.0,Computer,1,34.0,Debit Card,Female,3.0,4,Fashion,5,Divorced,10,0,12.0,1.0,2.0,2.0,233.2,Retained,No Complaint
53504,1,3.0,Computer,1,9.0,Debit Card,Male,3.0,4,Grocery,2,Married,9,0,12.0,8.0,2.0,6.0,246.69,Churned,No Complaint
53505,0,14.0,Mobile Phone,1,21.0,Credit Card,Male,3.0,5,Others,3,Single,3,0,15.0,5.0,5.0,10.0,321.26,Retained,No Complaint
53506,0,1.0,Phone,1,7.0,Cash on Delivery,Female,4.0,5,Mobile,4,Single,3,1,12.0,1.0,3.0,3.0,145.7,Retained,Filed Complaint
53507,0,13.0,Computer,1,16.0,Debit Card,Male,4.0,4,Laptop & Accessory,4,Single,22,0,16.0,2.0,2.0,4.0,192.82,Retained,No Complaint
53508,0,10.0,Computer,1,25.0,Debit Card,Male,4.0,4,Laptop & Accessory,2,Single,4,0,21.0,2.0,2.0,10.0,202.79,Retained,No Complaint
53509,0,5.0,Computer,3,27.0,Debit Card,Male,4.0,2,Mobile,2,Divorced,2,0,13.0,2.0,3.0,3.0,152.91,Retained,No Complaint
53510,0,2.0,Mobile Phone,1,9.0,Debit Card,Male,4.0,5,Mobile,4,Divorced,2,0,18.0,1.0,2.0,5.0,157.01,Retained,No Complaint
53511,0,9.0,Computer,3,18.0,E wallet,Male,3.0,4,Laptop & Accessory,2,Married,3,0,12.0,1.0,2.0,3.0,174.68,Retained,No Complaint
53512,0,23.0,Mobile Phone,3,15.0,Cash on Delivery,Male,3.0,5,Grocery,4,Divorced,8,0,18.0,2.0,2.0,4.0,256.2,Retained,No Complaint
53513,0,8.0,Computer,1,9.0,Debit Card,Male,4.0,4,Laptop & Accessory,3,Single,4,0,12.0,2.0,2.0,3.0,165.33,Retained,No Complaint
53514,0,3.0,Computer,1,17.0,Debit Card,Female,4.0,4,Mobile,4,Married,2,0,15.0,2.0,2.0,2.0,157.91,Retained,No Complaint
53515,0,16.0,Mobile Phone,1,36.0,Credit Card,Male,3.0,6,Laptop & Accessory,2,Single,6,0,20.0,2.0,2.0,1.0,167.72,Retained,No Complaint
53516,0,3.0,Mobile Phone,1,15.0,Credit Card,Male,4.0,5,Laptop & Accessory,2,Divorced,3,1,14.0,1.0,2.0,3.0,175.56,Retained,Filed Complaint
53517,0,12.0,Mobile Phone,2,7.0,UPI,Male,3.0,2,Mobile,3,Divorced,3,0,14.0,2.0,6.0,1.0,153.44,Retained,No Complaint
53518,0,5.0,Computer,1,13.0,Debit Card,Male,3.0,5,Mobile,3,Married,3,1,15.0,2.0,2.0,3.0,152.03,Retained,Filed Complaint
53519,1,1.0,Computer,1,15.0,Credit Card,Male,4.0,4,Mobile,3,Single,3,0,13.0,1.0,2.0,1.0,144.04,Churned,No Complaint
53520,1,1.0,Mobile Phone,3,16.0,E wallet,Female,4.0,4,Laptop & Accessory,5,Single,2,1,18.0,1.0,2.0,4.0,207.24,Churned,Filed Complaint
53521,0,15.0,Mobile Phone,1,19.0,Debit Card,Male,3.0,4,Mobile,2,Divorced,5,1,12.0,2.0,2.0,1.0,172.66,Retained,Filed Complaint
53522,1,1.0,Computer,1,22.0,Credit Card,Male,4.0,4,Mobile,3,Divorced,3,0,13.0,3.0,3.0,3.0,151.1,Churned,No Complaint
53523,0,11.0,Mobile Phone,1,32.0,Credit Card,Female,3.0,5,Laptop & Accessory,2,Married,9,0,14.0,1.0,2.0,4.0,182.31,Retained,No Complaint
53524,0,1.0,Mobile Phone,1,13.0,Debit Card,Male,3.0,5,Mobile,3,Divorced,3,0,14.0,3.0,3.0,3.0,150.39,Retained,No Complaint
53525,0,8.0,Mobile Phone,3,16.0,Debit Card,Female,4.0,4,Laptop & Accessory,3,Divorced,3,0,21.0,2.0,2.0,4.0,182.14,Retained,No Complaint
53526,0,9.0,Mobile Phone,2,15.0,Cash on Delivery,Male,4.0,4,Mobile,3,Single,3,0,18.0,1.0,2.0,5.0,168.23,Retained,No Complaint
53527,1,1.0,Mobile Phone,3,30.0,Debit Card,Female,3.0,5,Fashion,5,Divorced,3,0,14.0,1.0,4.0,11.0,198.36,Churned,No Complaint
53528,0,14.0,Computer,1,16.0,Credit Card,Female,3.0,4,Fashion,3,Single,11,0,18.0,1.0,2.0,14.0,259.99,Retained,No Complaint
53529,1,6.0,Computer,3,19.0,Debit Card,Male,3.0,4,Grocery,5,Single,2,1,13.0,1.0,14.0,15.0,262.58,Churned,Filed Complaint
53530,0,16.0,Mobile Phone,3,11.0,E wallet,Male,3.0,4,Laptop & Accessory,5,Single,9,0,14.0,2.0,2.0,6.0,176.55,Retained,No Complaint
53531,0,9.0,Phone,1,7.0,Credit Card,Male,3.0,5,Mobile,3,Divorced,8,0,13.0,2.0,2.0,8.0,147.58,Retained,No Complaint
53532,0,1.0,Mobile Phone,1,31.0,Credit Card,Male,3.0,4,Mobile,4,Single,10,0,23.0,2.0,2.0,3.0,160.97,Retained,No Complaint
53533,1,1.0,Mobile Phone,1,19.0,Debit Card,Female,4.0,4,Mobile,2,Divorced,3,1,12.0,2.0,2.0,1.0,150.15,Churned,Filed Complaint
53534,0,1.0,Mobile Phone,1,10.0,Credit Card,Male,3.0,2,Mobile,2,Divorced,3,0,23.0,2.0,2.0,8.0,169.2,Retained,No Complaint
53535,0,4.0,Mobile Phone,3,17.0,E wallet,Male,4.0,5,Laptop & Accessory,3,Divorced,3,0,19.0,2.0,2.0,5.0,190.78,Retained,No Complaint
53536,0,14.0,Computer,1,33.0,Credit Card,Female,4.0,5,Laptop & Accessory,2,Divorced,5,1,14.0,2.0,2.0,1.0,169.22,Retained,Filed Complaint
53537,0,9.0,Mobile Phone,1,9.0,Debit Card,Male,3.0,5,Fashion,4,Married,4,0,19.0,7.0,7.0,3.0,227.74,Retained,No Complaint
53538,0,8.0,Computer,1,7.0,Credit Card,Male,4.0,5,Laptop & Accessory,5,Single,2,0,21.0,2.0,5.0,10.0,178.43,Retained,No Complaint
53539,0,9.0,Computer,1,11.0,UPI,Male,3.0,5,Mobile,2,Divorced,3,0,14.0,3.0,3.0,3.0,148.76,Retained,No Complaint
53540,1,7.0,Mobile Phone,3,16.0,E wallet,Female,3.0,6,Laptop & Accessory,3,Single,10,0,14.0,2.0,2.0,4.0,178.46,Churned,No Complaint
53541,0,6.0,Computer,3,9.0,Debit Card,Female,4.0,4,Mobile,5,Married,3,0,13.0,1.0,2.0,1.0,153.27,Retained,No Complaint
53542,0,30.0,Mobile Phone,1,11.0,Cash on Delivery,Female,4.0,4,Others,5,Married,6,0,14.0,1.0,5.0,3.0,324.43,Retained,No Complaint
53543,0,3.0,Mobile Phone,1,13.0,Credit Card,Female,3.0,4,Mobile,2,Divorced,3,0,14.0,1.0,2.0,9.0,156.31,Retained,No Complaint
53544,0,1.0,Mobile Phone,1,16.0,Debit Card,Male,3.0,4,Mobile,5,Single,3,0,26.0,1.0,2.0,1.0,150.52,Retained,No Complaint
53545,0,19.0,Mobile Phone,1,14.0,Credit Card,Female,3.0,4,Mobile,3,Divorced,6,1,20.0,2.0,2.0,3.0,169.77,Retained,Filed Complaint
53546,0,11.0,Mobile Phone,1,7.0,Debit Card,Female,3.0,5,Laptop & Accessory,2,Divorced,3,0,14.0,4.0,4.0,12.0,189.74,Retained,No Complaint
53547,0,1.0,Mobile Phone,1,10.0,Debit Card,Male,3.0,5,Mobile,3,Single,3,0,13.0,1.0,2.0,3.0,155.33,Retained,No Complaint
53548,1,8.0,Mobile Phone,1,17.0,Debit Card,Male,4.0,4,Mobile,3,Single,3,1,12.0,2.0,2.0,3.0,154.36,Churned,Filed Complaint
53549,0,27.0,Mobile Phone,1,14.0,Credit Card,Female,3.0,4,Others,3,Married,5,0,15.0,5.0,5.0,8.0,311.06,Retained,No Complaint
53550,0,3.0,Phone,1,22.0,Debit Card,Female,4.0,6,Mobile,2,Divorced,2,1,19.0,2.0,2.0,4.0,146.68,Retained,Filed Complaint
53551,1,1.0,Computer,1,10.0,Debit Card,Male,3.0,5,Mobile,2,Divorced,2,1,12.0,1.0,2.0,1.0,153.53,Churned,Filed Complaint
53552,0,20.0,Mobile Phone,3,9.0,E wallet,Female,4.0,4,Grocery,5,Divorced,10,0,15.0,13.0,16.0,10.0,295.48,Retained,No Complaint
53553,0,18.0,Computer,1,24.0,Debit Card,Male,4.0,6,Mobile,3,Single,4,0,14.0,2.0,2.0,1.0,147.9,Retained,No Complaint
53554,0,7.0,Mobile Phone,2,9.0,UPI,Male,3.0,4,Mobile,3,Divorced,3,0,14.0,1.0,2.0,5.0,161.0,Retained,No Complaint
53555,1,5.0,Computer,1,12.0,Debit Card,Male,4.0,5,Mobile,5,Married,8,0,18.0,2.0,2.0,1.0,146.07,Churned,No Complaint
53556,0,4.0,Mobile Phone,3,36.0,Debit Card,Male,4.0,4,Laptop & Accessory,5,Married,10,0,20.0,2.0,2.0,4.0,166.15,Retained,No Complaint
53557,0,14.0,Computer,3,9.0,Credit Card,Male,4.0,4,Laptop & Accessory,4,Divorced,7,0,13.0,2.0,2.0,1.0,168.27,Retained,No Complaint
53558,0,24.0,Computer,1,9.0,Credit Card,Female,2.0,4,Grocery,5,Divorced,4,0,15.0,3.0,3.0,3.0,303.56,Retained,No Complaint
53559,0,2.0,Mobile Phone,1,26.0,Credit Card,Male,4.0,5,Mobile,5,Divorced,3,0,13.0,2.0,4.0,4.0,156.96,Retained,No Complaint
53560,0,20.0,Mobile Phone,1,22.0,Debit Card,Male,3.0,4,Others,4,Divorced,7,0,15.0,2.0,2.0,4.0,315.81,Retained,No Complaint
53561,0,9.0,Mobile Phone,3,24.0,Debit Card,Male,4.0,4,Laptop & Accessory,5,Divorced,5,1,16.0,2.0,2.0,3.0,214.66,Retained,Filed Complaint
53562,1,1.0,Phone,1,24.0,Debit Card,Female,4.0,4,Mobile,4,Divorced,3,0,14.0,1.0,2.0,1.0,147.1,Churned,No Complaint
53563,0,7.0,Computer,3,32.0,Credit Card,Female,3.0,4,Laptop & Accessory,3,Divorced,3,0,13.0,1.0,2.0,2.0,170.39,Retained,No Complaint
53564,0,10.0,Mobile Phone,1,13.0,Debit Card,Male,3.0,6,Mobile,3,Married,3,0,15.0,1.0,2.0,8.0,152.41,Retained,No Complaint
53565,0,4.0,Mobile Phone,1,14.0,Debit Card,Male,3.0,4,Laptop & Accessory,3,Married,3,0,14.0,9.0,9.0,10.0,159.91,Retained,No Complaint
53566,0,18.0,Mobile Phone,1,36.0,UPI,Male,3.0,4,Laptop & Accessory,2,Single,3,0,26.0,2.0,2.0,18.0,170.41,Retained,No Complaint
53567,0,1.0,Mobile Phone,3,28.0,E wallet,Male,3.0,2,Mobile,2,Single,3,0,18.0,1.0,3.0,3.0,151.78,Retained,No Complaint
53568,0,20.0,Mobile Phone,1,9.0,Cash on Delivery,Male,3.0,4,Laptop & Accessory,2,Married,4,0,12.0,2.0,2.0,5.0,198.79,Retained,No Complaint
53569,0,16.0,Computer,2,9.0,Credit Card,Male,4.0,2,Laptop & Accessory,5,Divorced,9,0,17.0,1.0,2.0,4.0,187.72,Retained,No Complaint
53570,0,31.0,Mobile Phone,3,14.0,E wallet,Male,3.0,2,Laptop & Accessory,2,Married,2,1,19.0,1.0,2.0,10.0,177.2,Retained,Filed Complaint
53571,0,6.0,Computer,1,20.0,UPI,Female,4.0,5,Mobile,4,Divorced,3,0,21.0,1.0,3.0,3.0,152.43,Retained,No Complaint
53572,0,6.0,Computer,1,9.0,Debit Card,Female,3.0,4,Laptop & Accessory,3,Single,6,1,15.0,2.0,2.0,8.0,174.98,Retained,Filed Complaint
53573,0,10.0,Mobile Phone,1,7.0,Cash on Delivery,Female,4.0,6,Fashion,5,Married,4,1,22.0,6.0,8.0,3.0,227.52,Retained,Filed Complaint
53574,0,7.0,Mobile Phone,1,16.0,Credit Card,Male,3.0,4,Mobile,2,Divorced,2,0,14.0,2.0,5.0,11.0,152.81,Retained,No Complaint
53575,0,14.0,Mobile Phone,3,17.0,Cash on Delivery,Female,3.0,5,Laptop & Accessory,4,Married,9,0,13.0,2.0,2.0,4.0,193.52,Retained,No Complaint
53576,0,1.0,Mobile Phone,3,17.0,Debit Card,Male,3.0,4,Laptop & Accessory,2,Single,2,0,15.0,1.0,2.0,2.0,174.5,Retained,No Complaint
53577,0,4.0,Mobile Phone,1,7.0,Credit Card,Male,4.0,4,Mobile,4,Divorced,2,1,22.0,2.0,6.0,8.0,160.79,Retained,Filed Complaint
53578,0,16.0,Computer,1,33.0,Credit Card,Female,3.0,4,Fashion,5,Divorced,5,1,18.0,1.0,2.0,1.0,256.91,Retained,Filed Complaint
53579,0,9.0,Computer,3,15.0,E wallet,Female,4.0,5,Fashion,2,Divorced,6,1,12.0,3.0,5.0,3.0,228.77,Retained,Filed Complaint
53580,0,1.0,Phone,1,21.0,Debit Card,Male,3.0,4,Mobile,5,Divorced,3,1,15.0,3.0,7.0,9.0,147.35,Retained,Filed Complaint
53581,0,28.0,Computer,1,7.0,Debit Card,Female,3.0,4,Fashion,3,Married,9,0,18.0,2.0,2.0,3.0,230.02,Retained,No Complaint
53582,0,18.0,Phone,1,9.0,Debit Card,Female,4.0,2,Mobile,2,Divorced,3,0,14.0,7.0,8.0,8.0,145.11,Retained,No Complaint
53583,1,1.0,Computer,1,17.0,Credit Card,Female,4.0,5,Mobile,4,Single,3,1,26.0,2.0,2.0,1.0,143.59,Churned,Filed Complaint
53584,0,3.0,Mobile Phone,1,7.0,Debit Card,Female,4.0,4,Mobile,2,Married,3,0,16.0,1.0,2.0,3.0,162.6,Retained,No Complaint
53585,0,28.0,Mobile Phone,1,10.0,Debit Card,Male,3.0,4,Grocery,2,Divorced,5,0,15.0,2.0,2.0,10.0,302.79,Retained,No Complaint
53586,0,5.0,Mobile Phone,1,18.0,Credit Card,Male,4.0,4,Laptop & Accessory,5,Divorced,3,1,13.0,1.0,2.0,2.0,193.33,Retained,Filed Complaint
53587,0,5.0,Mobile Phone,1,31.0,Credit Card,Female,4.0,5,Laptop & Accessory,5,Single,3,0,20.0,1.0,2.0,9.0,193.12,Retained,No Complaint
53588,0,31.0,Mobile Phone,3,10.0,Debit Card,Female,3.0,5,Laptop & Accessory,2,Single,7,0,18.0,1.0,2.0,6.0,176.71,Retained,No Complaint
53589,0,17.0,Mobile Phone,1,10.0,Debit Card,Male,4.0,6,Others,2,Divorced,5,0,15.0,2.0,2.0,8.0,322.4,Retained,No Complaint
53590,0,23.0,Mobile Phone,1,11.0,Credit Card,Male,3.0,5,Others,3,Divorced,4,0,15.0,1.0,2.0,1.0,312.11,Retained,No Complaint
53591,0,10.0,Computer,1,10.0,Cash on Delivery,Male,3.0,4,Mobile,4,Divorced,3,0,13.0,2.0,2.0,8.0,161.92,Retained,No Complaint
53592,0,22.0,Mobile Phone,1,9.0,Cash on Delivery,Male,4.0,2,Mobile,4,Single,7,0,12.0,1.0,2.0,1.0,150.59,Retained,No Complaint
53593,0,1.0,Mobile Phone,1,11.0,Debit Card,Male,4.0,4,Mobile,3,Married,3,0,12.0,2.0,2.0,4.0,150.17,Retained,No Complaint
53594,0,3.0,Mobile Phone,1,14.0,Debit Card,Male,3.0,4,Laptop & Accessory,2,Married,3,1,12.0,1.0,2.0,1.0,191.23,Retained,Filed Complaint
53595,0,22.0,Mobile Phone,1,7.0,Debit Card,Male,4.0,5,Others,2,Single,8,0,15.0,2.0,2.0,1.0,307.65,Retained,No Complaint
53596,0,3.0,Mobile Phone,1,7.0,Debit Card,Female,3.0,5,Grocery,2,Married,5,0,15.0,1.0,2.0,8.0,286.24,Retained,No Complaint
53597,0,8.0,Mobile Phone,1,27.0,Cash on Delivery,Female,3.0,2,Mobile,3,Divorced,2,0,18.0,2.0,2.0,1.0,150.85,Retained,No Complaint
53598,0,18.0,Mobile Phone,3,12.0,E wallet,Male,3.0,4,Others,4,Divorced,9,0,15.0,2.0,4.0,11.0,307.13,Retained,No Complaint
53599,0,7.0,Mobile Phone,3,17.0,E wallet,Male,3.0,2,Fashion,3,Married,2,1,15.0,2.0,2.0,9.0,208.8,Retained,Filed Complaint
53600,0,1.0,Mobile Phone,1,32.0,Debit Card,Female,3.0,2,Mobile,2,Single,3,1,13.0,2.0,2.0,2.0,154.94,Retained,Filed Complaint
53601,0,1.0,Phone,1,7.0,Debit Card,Male,3.0,4,Mobile,3,Divorced,3,0,23.0,1.0,2.0,2.0,137.23,Retained,No Complaint
53602,1,1.0,Computer,3,31.0,Debit Card,Male,4.0,6,Mobile,2,Single,3,1,15.0,2.0,2.0,1.0,136.18,Churned,Filed Complaint
53603,0,1.0,Mobile Phone,1,11.0,Debit Card,Male,3.0,4,Mobile,2,Single,3,1,21.0,1.0,3.0,3.0,153.75,Retained,Filed Complaint
53604,1,9.0,Mobile Phone,3,9.0,E wallet,Female,4.0,6,Others,4,Single,4,1,15.0,1.0,2.0,12.0,313.24,Churned,Filed Complaint
53605,0,29.0,Computer,1,15.0,Credit Card,Male,3.0,5,Grocery,4,Married,3,1,16.0,4.0,16.0,1.0,260.77,Retained,Filed Complaint
53606,1,1.0,Computer,1,17.0,Debit Card,Female,3.0,5,Mobile,3,Single,3,0,21.0,3.0,3.0,3.0,151.25,Churned,No Complaint
53607,0,20.0,Mobile Phone,3,11.0,E wallet,Female,3.0,5,Others,4,Divorced,4,0,15.0,2.0,2.0,9.0,312.89,Retained,No Complaint
53608,0,8.0,Mobile Phone,3,9.0,E wallet,Female,3.0,4,Laptop & Accessory,5,Single,2,1,13.0,2.0,2.0,3.0,170.38,Retained,Filed Complaint
53609,0,25.0,Computer,3,16.0,Debit Card,Male,3.0,4,Others,4,Married,6,1,25.0,3.0,12.0,11.0,323.47,Retained,Filed Complaint
53610,0,31.0,Mobile Phone,1,25.0,Credit Card,Male,4.0,4,Fashion,2,Single,8,0,13.0,2.0,6.0,3.0,230.12,Retained,No Complaint
53611,0,8.0,Computer,1,26.0,Credit Card,Female,3.0,4,Laptop & Accessory,4,Married,6,0,14.0,4.0,6.0,11.0,169.44,Retained,No Complaint
53612,0,2.0,Computer,1,7.0,Credit Card,Male,3.0,4,Mobile,3,Single,2,1,12.0,1.0,2.0,3.0,146.54,Retained,Filed Complaint
53613,0,18.0,Mobile Phone,1,11.0,Debit Card,Male,4.0,2,Others,5,Married,3,0,15.0,2.0,15.0,14.0,316.9,Retained,No Complaint
53614,0,8.0,Computer,2,18.0,Debit Card,Male,3.0,5,Laptop & Accessory,4,Divorced,6,0,12.0,1.0,2.0,9.0,169.9,Retained,No Complaint
53615,0,9.0,Mobile Phone,1,13.0,Debit Card,Male,4.0,4,Mobile,3,Divorced,2,1,15.0,2.0,3.0,3.0,160.06,Retained,Filed Complaint
53616,0,16.0,Phone,1,14.0,Credit Card,Female,4.0,2,Laptop & Accessory,4,Divorced,8,1,17.0,1.0,2.0,1.0,148.72,Retained,Filed Complaint
53617,0,17.0,Mobile Phone,3,11.0,E wallet,Female,3.0,5,Fashion,2,Single,5,0,15.0,11.0,16.0,3.0,227.31,Retained,No Complaint
53618,0,10.0,Mobile Phone,1,9.0,Debit Card,Female,3.0,4,Laptop & Accessory,4,Single,11,1,12.0,5.0,6.0,13.0,179.1,Retained,Filed Complaint
53619,1,8.0,Mobile Phone,1,22.0,Credit Card,Female,4.0,4,Fashion,2,Divorced,3,0,12.0,1.0,2.0,6.0,204.78,Churned,No Complaint
53620,0,2.0,Computer,1,9.0,Debit Card,Male,3.0,5,Mobile,2,Divorced,3,1,13.0,3.0,3.0,3.0,163.67,Retained,Filed Complaint
53621,0,25.0,Computer,1,13.0,Credit Card,Female,3.0,5,Mobile,3,Single,2,0,15.0,8.0,8.0,8.0,153.38,Retained,No Complaint
53622,0,4.0,Computer,1,16.0,Credit Card,Female,4.0,4,Laptop & Accessory,3,Single,9,1,19.0,2.0,2.0,8.0,171.95,Retained,Filed Complaint
53623,1,1.0,Mobile Phone,1,14.0,Cash on Delivery,Female,3.0,4,Mobile,3,Married,5,1,14.0,2.0,8.0,8.0,158.39,Churned,Filed Complaint
53624,0,2.0,Phone,1,7.0,Cash on Delivery,Male,3.0,4,Mobile,5,Single,4,0,12.0,1.0,2.0,3.0,145.8,Retained,No Complaint
53625,0,1.0,Phone,1,7.0,Credit Card,Female,3.0,4,Mobile,4,Single,3,0,19.0,2.0,3.0,2.0,145.96,Retained,No Complaint
53626,0,6.0,Mobile Phone,3,15.0,Credit Card,Male,3.0,2,Laptop & Accessory,2,Divorced,3,0,16.0,1.0,2.0,9.0,187.09,Retained,No Complaint
53627,0,19.0,Computer,1,32.0,Credit Card,Female,3.0,4,Others,4,Single,5,0,15.0,2.0,2.0,1.0,305.61,Retained,No Complaint
53628,0,13.0,Mobile Phone,1,20.0,Credit Card,Female,4.0,5,Grocery,4,Married,8,1,15.0,14.0,16.0,3.0,296.23,Retained,Filed Complaint
53629,0,31.0,Phone,1,30.0,Debit Card,Male,3.0,4,Mobile,3,Married,3,0,13.0,3.0,3.0,3.0,148.72,Retained,No Complaint
53630,1,1.0,Mobile Phone,1,14.0,Debit Card,Male,4.0,4,Laptop & Accessory,3,Divorced,3,0,19.0,2.0,2.0,2.0,173.83,Churned,No Complaint
53631,1,3.0,Mobile Phone,1,30.0,Credit Card,Male,4.0,4,Mobile,5,Single,2,0,14.0,1.0,2.0,4.0,164.04,Churned,No Complaint
53632,0,4.0,Mobile Phone,1,13.0,Cash on Delivery,Female,3.0,5,Laptop & Accessory,2,Divorced,2,0,13.0,6.0,7.0,8.0,171.27,Retained,No Complaint
53633,0,10.0,Mobile Phone,1,17.0,Cash on Delivery,Female,4.0,4,Fashion,3,Divorced,5,0,13.0,1.0,2.0,8.0,195.94,Retained,No Complaint
53634,0,20.0,Mobile Phone,2,7.0,Debit Card,Female,3.0,4,Mobile,5,Single,8,0,13.0,4.0,6.0,8.0,159.23,Retained,No Complaint
53635,0,2.0,Computer,1,7.0,Debit Card,Female,3.0,6,Laptop & Accessory,2,Divorced,2,0,12.0,8.0,8.0,6.0,191.74,Retained,No Complaint
53636,0,24.0,Mobile Phone,1,35.0,Debit Card,Female,3.0,4,Grocery,5,Divorced,6,1,15.0,1.0,2.0,3.0,293.8,Retained,Filed Complaint
53637,1,4.0,Mobile Phone,3,32.0,E wallet,Male,3.0,5,Fashion,4,Single,4,1,13.0,1.0,2.0,3.0,215.94,Churned,Filed Complaint
53638,1,16.0,Mobile Phone,3,12.0,Debit Card,Male,4.0,4,Fashion,4,Single,11,1,20.0,6.0,8.0,3.0,209.46,Churned,Filed Complaint
53639,0,4.0,Mobile Phone,1,24.0,Credit Card,Female,4.0,4,Fashion,5,Divorced,3,1,24.0,1.0,2.0,9.0,244.16000000000003,Retained,Filed Complaint
53640,0,13.0,Mobile Phone,1,25.0,Debit Card,Male,3.0,4,Laptop & Accessory,3,Single,2,0,12.0,1.0,2.0,8.0,170.34,Retained,No Complaint
53641,0,5.0,Computer,3,9.0,Debit Card,Female,3.0,4,Fashion,3,Married,3,1,20.0,4.0,10.0,3.0,223.52,Retained,Filed Complaint
53642,0,15.0,Computer,3,17.0,Credit Card,Male,3.0,6,Laptop & Accessory,4,Single,3,0,14.0,4.0,12.0,10.0,186.51,Retained,No Complaint
53643,1,1.0,Computer,3,7.0,Debit Card,Female,3.0,4,Mobile,4,Single,3,1,12.0,2.0,3.0,3.0,148.02,Churned,Filed Complaint
53644,1,8.0,Phone,1,10.0,Debit Card,Male,3.0,4,Mobile,5,Divorced,6,0,13.0,2.0,2.0,3.0,148.62,Churned,No Complaint
53645,0,16.0,Computer,1,9.0,Debit Card,Male,3.0,4,Grocery,3,Divorced,2,1,15.0,1.0,3.0,11.0,303.61,Retained,Filed Complaint
53646,0,29.0,Mobile Phone,1,9.0,Credit Card,Female,3.0,6,Others,3,Divorced,6,0,15.0,6.0,10.0,12.0,316.87,Retained,No Complaint
53647,0,30.0,Mobile Phone,2,15.0,Debit Card,Male,3.0,4,Others,4,Single,8,0,15.0,2.0,8.0,8.0,322.17,Retained,No Complaint
53648,0,14.0,Computer,1,23.0,Debit Card,Male,4.0,4,Mobile,3,Married,11,0,17.0,2.0,2.0,1.0,160.44,Retained,No Complaint
53649,0,8.0,Mobile Phone,1,16.0,Debit Card,Male,3.0,4,Fashion,2,Married,2,0,12.0,2.0,2.0,3.0,210.0,Retained,No Complaint
53650,0,14.0,Mobile Phone,1,9.0,Debit Card,Male,4.0,4,Laptop & Accessory,2,Single,3,0,14.0,4.0,9.0,9.0,171.61,Retained,No Complaint
53651,0,15.0,Computer,3,7.0,E wallet,Female,4.0,4,Laptop & Accessory,5,Married,2,0,18.0,1.0,2.0,8.0,166.03,Retained,No Complaint
53652,0,9.0,Computer,1,11.0,Debit Card,Male,3.0,4,Laptop & Accessory,3,Single,3,1,12.0,2.0,2.0,2.0,167.49,Retained,Filed Complaint
53653,0,25.0,Mobile Phone,2,12.0,Debit Card,Male,3.0,4,Grocery,4,Married,3,1,12.0,1.0,2.0,11.0,265.26,Retained,Filed Complaint
53654,0,12.0,Mobile Phone,3,9.0,Debit Card,Female,3.0,4,Laptop & Accessory,5,Married,5,0,16.0,1.0,2.0,8.0,193.93,Retained,No Complaint
53655,0,8.0,Mobile Phone,3,22.0,Credit Card,Female,4.0,4,Laptop & Accessory,5,Single,3,0,13.0,2.0,10.0,7.0,186.25,Retained,No Complaint
53656,0,1.0,Mobile Phone,1,26.0,Credit Card,Male,4.0,4,Mobile,2,Divorced,5,0,12.0,2.0,2.0,3.0,161.69,Retained,No Complaint
53657,1,21.0,Mobile Phone,1,14.0,Credit Card,Female,3.0,5,Fashion,5,Divorced,9,1,15.0,5.0,6.0,3.0,225.08,Churned,Filed Complaint
53658,0,14.0,Phone,1,7.0,Debit Card,Male,3.0,4,Mobile,4,Divorced,5,0,23.0,2.0,2.0,4.0,148.87,Retained,No Complaint
53659,0,10.0,Computer,3,14.0,E wallet,Female,3.0,2,Laptop & Accessory,5,Divorced,4,0,17.0,6.0,7.0,14.0,171.39,Retained,No Complaint
53660,0,22.0,Mobile Phone,1,11.0,Debit Card,Male,3.0,4,Fashion,2,Single,3,0,12.0,2.0,2.0,9.0,203.98,Retained,No Complaint
53661,0,1.0,Mobile Phone,3,18.0,Credit Card,Female,4.0,2,Mobile,2,Divorced,10,0,15.0,2.0,2.0,1.0,150.34,Retained,No Complaint
53662,0,25.0,Mobile Phone,1,18.0,Cash on Delivery,Female,3.0,5,Grocery,4,Single,5,0,17.0,1.0,2.0,4.0,256.42,Retained,No Complaint
53663,0,1.0,Computer,1,7.0,Debit Card,Female,4.0,4,Mobile,2,Single,3,0,16.0,2.0,2.0,1.0,141.11,Retained,No Complaint
53664,0,9.0,Mobile Phone,1,7.0,Credit Card,Female,3.0,5,Laptop & Accessory,2,Divorced,2,0,13.0,2.0,2.0,1.0,178.63,Retained,No Complaint
53665,0,1.0,Computer,3,9.0,Debit Card,Male,3.0,6,Laptop & Accessory,2,Single,5,0,21.0,2.0,2.0,1.0,175.71,Retained,No Complaint
53666,1,19.0,Mobile Phone,3,20.0,E wallet,Male,3.0,2,Grocery,3,Single,8,1,18.0,1.0,4.0,9.0,261.95,Churned,Filed Complaint
53667,0,30.0,Mobile Phone,1,30.0,Debit Card,Male,4.0,4,Grocery,4,Divorced,6,1,13.0,12.0,2.0,10.0,259.02,Retained,Filed Complaint
53668,0,8.0,Computer,1,33.0,Cash on Delivery,Female,4.0,5,Mobile,3,Married,3,0,21.0,2.0,2.0,1.0,145.29,Retained,No Complaint
53669,0,14.0,Mobile Phone,1,9.0,Credit Card,Female,3.0,2,Laptop & Accessory,3,Married,7,0,21.0,6.0,12.0,9.0,188.77,Retained,No Complaint
53670,0,8.0,Mobile Phone,1,36.0,Credit Card,Male,3.0,4,Laptop & Accessory,3,Divorced,6,0,14.0,1.0,8.0,8.0,179.29,Retained,No Complaint
53671,1,1.0,Computer,3,9.0,Debit Card,Female,3.0,5,Mobile,2,Single,9,0,15.0,1.0,2.0,1.0,152.85,Churned,No Complaint
53672,1,1.0,Computer,3,25.0,E wallet,Female,4.0,4,Laptop & Accessory,3,Divorced,2,1,19.0,4.0,4.0,3.0,171.14,Churned,Filed Complaint
53673,0,12.0,Computer,1,14.0,Debit Card,Male,3.0,2,Mobile,3,Married,3,0,12.0,1.0,2.0,4.0,151.1,Retained,No Complaint
53674,0,8.0,Mobile Phone,1,9.0,Cash on Delivery,Female,4.0,4,Laptop & Accessory,2,Single,3,0,12.0,2.0,5.0,12.0,191.87,Retained,No Complaint
53675,0,2.0,Mobile Phone,3,33.0,Debit Card,Male,3.0,5,Laptop & Accessory,5,Divorced,3,0,12.0,2.0,2.0,5.0,172.24,Retained,No Complaint
53676,1,1.0,Mobile Phone,1,29.0,Credit Card,Male,4.0,4,Laptop & Accessory,3,Divorced,3,1,16.0,4.0,7.0,8.0,186.79,Churned,Filed Complaint
53677,0,13.0,Mobile Phone,3,28.0,Debit Card,Male,3.0,5,Laptop & Accessory,2,Divorced,5,1,13.0,1.0,2.0,5.0,186.2,Retained,Filed Complaint
53678,0,25.0,Computer,3,9.0,E wallet,Male,3.0,4,Fashion,4,Divorced,4,0,12.0,1.0,4.0,3.0,230.96,Retained,No Complaint
53679,0,15.0,Computer,1,29.0,Debit Card,Female,4.0,4,Laptop & Accessory,2,Married,5,1,15.0,1.0,4.0,4.0,179.67,Retained,Filed Complaint
53680,0,11.0,Mobile Phone,1,11.0,Debit Card,Male,3.0,4,Mobile,3,Divorced,9,1,16.0,2.0,2.0,4.0,154.96,Retained,Filed Complaint
53681,0,7.0,Computer,3,12.0,Debit Card,Male,4.0,4,Laptop & Accessory,2,Divorced,8,0,14.0,2.0,2.0,3.0,224.98,Retained,No Complaint
53682,0,6.0,Mobile Phone,3,9.0,E wallet,Male,3.0,4,Laptop & Accessory,4,Divorced,2,1,14.0,1.0,2.0,3.0,165.78,Retained,Filed Complaint
53683,0,13.0,Computer,1,32.0,Debit Card,Male,4.0,4,Fashion,3,Divorced,5,0,22.0,1.0,2.0,6.0,234.2,Retained,No Complaint
53684,0,1.0,Mobile Phone,3,25.0,Debit Card,Male,4.0,2,Laptop & Accessory,3,Divorced,4,0,12.0,1.0,2.0,3.0,187.32,Retained,No Complaint
53685,0,26.0,Computer,1,35.0,Credit Card,Female,3.0,2,Grocery,3,Divorced,4,1,12.0,1.0,2.0,3.0,257.47,Retained,Filed Complaint
53686,0,17.0,Mobile Phone,1,13.0,Credit Card,Female,4.0,5,Laptop & Accessory,3,Single,3,1,15.0,2.0,2.0,9.0,165.81,Retained,Filed Complaint
53687,0,1.0,Mobile Phone,3,17.0,E wallet,Female,4.0,5,Laptop & Accessory,2,Divorced,3,1,12.0,3.0,5.0,5.0,182.69,Retained,Filed Complaint
53688,1,1.0,Phone,1,24.0,Debit Card,Female,3.0,4,Mobile,3,Single,3,1,14.0,4.0,8.0,8.0,148.94,Churned,Filed Complaint
53689,0,1.0,Mobile Phone,1,9.0,Credit Card,Male,3.0,5,Mobile,2,Single,2,0,13.0,1.0,2.0,2.0,164.04,Retained,No Complaint
53690,0,16.0,Mobile Phone,2,17.0,UPI,Female,3.0,4,Grocery,5,Divorced,2,0,15.0,1.0,2.0,10.0,292.99,Retained,No Complaint
53691,0,26.0,Mobile Phone,1,15.0,UPI,Female,3.0,4,Mobile,5,Divorced,11,0,14.0,2.0,2.0,5.0,154.5,Retained,No Complaint
53692,0,11.0,Mobile Phone,1,18.0,Credit Card,Female,4.0,4,Mobile,3,Single,6,0,19.0,1.0,2.0,3.0,161.29,Retained,No Complaint
53693,0,9.0,Computer,1,25.0,Debit Card,Male,3.0,4,Fashion,2,Single,4,0,12.0,1.0,3.0,3.0,218.62,Retained,No Complaint
53694,0,1.0,Mobile Phone,1,7.0,Cash on Delivery,Male,3.0,4,Mobile,2,Divorced,6,0,12.0,2.0,2.0,3.0,157.29,Retained,No Complaint
53695,0,1.0,Mobile Phone,1,14.0,UPI,Male,4.0,2,Mobile,5,Single,2,0,13.0,2.0,2.0,8.0,160.78,Retained,No Complaint
53696,0,3.0,Mobile Phone,2,24.0,UPI,Male,3.0,5,Fashion,5,Single,3,0,14.0,1.0,2.0,10.0,204.88,Retained,No Complaint
53697,1,1.0,Computer,1,35.0,Debit Card,Male,4.0,5,Laptop & Accessory,5,Single,5,0,21.0,1.0,2.0,4.0,167.84,Churned,No Complaint
53698,1,1.0,Computer,1,21.0,UPI,Female,3.0,4,Fashion,2,Single,2,1,13.0,3.0,8.0,8.0,200.53,Churned,Filed Complaint
53699,0,28.0,Mobile Phone,1,7.0,Credit Card,Female,3.0,4,Grocery,2,Single,8,0,15.0,6.0,13.0,8.0,298.28,Retained,No Complaint
53700,0,31.0,Mobile Phone,1,7.0,Credit Card,Female,4.0,4,Others,5,Divorced,5,1,15.0,2.0,2.0,6.0,322.01,Retained,Filed Complaint
53701,0,29.0,Mobile Phone,1,7.0,Credit Card,Male,3.0,2,Grocery,2,Married,4,0,14.0,1.0,2.0,1.0,272.32,Retained,No Complaint
53702,0,10.0,Mobile Phone,3,10.0,E wallet,Female,3.0,4,Laptop & Accessory,4,Single,5,1,17.0,1.0,2.0,3.0,217.78,Retained,Filed Complaint
53703,1,1.0,Computer,3,7.0,Debit Card,Female,3.0,6,Mobile,3,Single,3,0,13.0,2.0,2.0,1.0,138.59,Churned,No Complaint
53704,0,4.0,Mobile Phone,3,14.0,E wallet,Female,4.0,4,Laptop & Accessory,5,Married,9,0,15.0,2.0,2.0,3.0,172.79,Retained,No Complaint
53705,0,5.0,Mobile Phone,1,15.0,Debit Card,Female,4.0,4,Grocery,4,Single,5,0,12.0,1.0,2.0,1.0,289.22,Retained,No Complaint
53706,0,8.0,Computer,1,7.0,UPI,Male,4.0,4,Mobile,5,Married,7,0,15.0,2.0,2.0,4.0,154.96,Retained,No Complaint
53707,1,1.0,Phone,1,15.0,Debit Card,Female,3.0,5,Mobile,4,Single,3,0,13.0,1.0,2.0,1.0,137.61,Churned,No Complaint
53708,0,1.0,Phone,1,18.0,Debit Card,Male,4.0,4,Mobile,5,Divorced,2,0,15.0,2.0,2.0,5.0,145.99,Retained,No Complaint
53709,0,10.0,Mobile Phone,1,11.0,Debit Card,Male,3.0,5,Laptop & Accessory,2,Single,3,0,17.0,2.0,2.0,9.0,183.1,Retained,No Complaint
53710,0,10.0,Mobile Phone,3,23.0,E wallet,Female,4.0,5,Laptop & Accessory,5,Divorced,6,0,14.0,2.0,2.0,3.0,181.47,Retained,No Complaint
53711,0,21.0,Mobile Phone,1,7.0,Cash on Delivery,Male,4.0,4,Mobile,2,Divorced,9,0,13.0,2.0,2.0,3.0,159.2,Retained,No Complaint
53712,1,1.0,Mobile Phone,3,16.0,Debit Card,Male,4.0,5,Mobile,5,Divorced,5,0,13.0,2.0,3.0,3.0,169.0,Churned,No Complaint
53713,0,11.0,Computer,1,12.0,Cash on Delivery,Male,3.0,2,Mobile,3,Single,2,0,15.0,2.0,2.0,4.0,160.0,Retained,No Complaint
53714,0,30.0,Phone,1,7.0,Debit Card,Female,3.0,4,Mobile,5,Divorced,4,0,23.0,2.0,2.0,1.0,145.66,Retained,No Complaint
53715,0,21.0,Mobile Phone,1,9.0,Credit Card,Female,3.0,4,Grocery,3,Divorced,5,0,15.0,4.0,6.0,7.0,296.69,Retained,No Complaint
53716,0,1.0,Mobile Phone,3,11.0,Credit Card,Female,3.0,4,Laptop & Accessory,3,Divorced,3,1,13.0,2.0,2.0,4.0,166.62,Retained,Filed Complaint
53717,0,6.0,Mobile Phone,3,14.0,E wallet,Male,4.0,4,Laptop & Accessory,2,Divorced,6,0,13.0,2.0,2.0,3.0,217.04,Retained,No Complaint
53718,0,8.0,Mobile Phone,1,7.0,Debit Card,Female,3.0,5,Mobile,4,Divorced,7,0,18.0,2.0,2.0,3.0,157.94,Retained,No Complaint
53719,0,15.0,Phone,1,12.0,Credit Card,Male,3.0,2,Mobile,3,Divorced,4,1,13.0,2.0,2.0,4.0,146.27,Retained,Filed Complaint
53720,0,14.0,Computer,1,16.0,UPI,Male,3.0,4,Laptop & Accessory,3,Married,5,0,12.0,2.0,2.0,8.0,164.75,Retained,No Complaint
53721,0,5.0,Mobile Phone,3,15.0,Debit Card,Male,3.0,4,Fashion,2,Married,3,0,19.0,3.0,2.0,10.0,232.93,Retained,No Complaint
53722,1,10.0,Mobile Phone,3,16.0,E wallet,Male,3.0,4,Fashion,1,Married,6,0,12.0,1.0,5.0,3.0,225.96,Churned,No Complaint
53723,1,3.0,Computer,1,9.0,Debit Card,Female,3.0,5,Mobile,5,Single,4,1,24.0,1.0,2.0,1.0,161.46,Churned,Filed Complaint
53724,1,1.0,Computer,1,7.0,Debit Card,Female,4.0,2,Fashion,4,Single,3,0,12.0,4.0,5.0,8.0,199.46,Churned,No Complaint
53725,0,19.0,Mobile Phone,1,27.0,Credit Card,Male,4.0,6,Fashion,5,Married,4,1,19.0,1.0,2.0,8.0,233.51,Retained,Filed Complaint
53726,0,5.0,Phone,2,15.0,Credit Card,Female,4.0,2,Mobile,4,Single,11,0,19.0,1.0,2.0,3.0,146.09,Retained,No Complaint
53727,1,1.0,Computer,1,9.0,Debit Card,Male,4.0,4,Mobile,1,Divorced,8,1,14.0,3.0,3.0,3.0,162.22,Churned,Filed Complaint
53728,0,19.0,Mobile Phone,1,36.0,Cash on Delivery,Male,3.0,4,Fashion,1,Divorced,6,1,19.0,2.0,2.0,3.0,218.8,Retained,Filed Complaint
53729,0,22.0,Mobile Phone,3,14.0,E wallet,Male,4.0,4,Laptop & Accessory,5,Married,6,0,12.0,2.0,3.0,3.0,179.86,Retained,No Complaint
53730,1,1.0,Mobile Phone,2,16.0,Cash on Delivery,Female,3.0,4,Mobile,3,Divorced,3,0,16.0,2.0,3.0,3.0,152.42,Churned,No Complaint
53731,0,14.0,Computer,1,15.0,Credit Card,Male,3.0,5,Fashion,4,Married,4,0,12.0,1.0,5.0,9.0,262.57,Retained,No Complaint
53732,0,2.0,Mobile Phone,3,12.0,Credit Card,Male,3.0,4,Laptop & Accessory,5,Single,2,0,19.0,2.0,2.0,3.0,209.63,Retained,No Complaint
53733,0,18.0,Computer,1,12.0,Debit Card,Male,3.0,5,Mobile,3,Single,5,0,15.0,1.0,2.0,4.0,156.62,Retained,No Complaint
53734,0,27.0,Mobile Phone,1,9.0,Credit Card,Male,3.0,2,Grocery,4,Single,6,0,13.0,1.0,9.0,9.0,290.98,Retained,No Complaint
53735,0,23.0,Mobile Phone,1,12.0,Cash on Delivery,Male,4.0,4,Laptop & Accessory,3,Divorced,4,0,15.0,1.0,2.0,3.0,191.51,Retained,No Complaint
53736,0,14.0,Phone,1,9.0,Credit Card,Male,4.0,4,Mobile,3,Married,4,0,15.0,1.0,2.0,3.0,148.45,Retained,No Complaint
53737,0,18.0,Mobile Phone,1,27.0,Debit Card,Male,3.0,4,Mobile,4,Single,3,0,14.0,2.0,2.0,4.0,159.2,Retained,No Complaint
53738,0,7.0,Computer,3,14.0,Credit Card,Male,3.0,4,Laptop & Accessory,5,Divorced,2,0,15.0,1.0,2.0,4.0,168.73,Retained,No Complaint
53739,0,8.0,Mobile Phone,3,10.0,UPI,Male,3.0,6,Laptop & Accessory,5,Single,5,0,19.0,3.0,4.0,13.0,172.59,Retained,No Complaint
53740,0,4.0,Mobile Phone,3,23.0,Debit Card,Male,4.0,4,Laptop & Accessory,3,Divorced,10,0,16.0,1.0,3.0,3.0,178.01,Retained,No Complaint
53741,0,16.0,Computer,1,16.0,Credit Card,Female,4.0,4,Mobile,1,Single,3,0,14.0,5.0,6.0,9.0,161.73,Retained,No Complaint
53742,0,18.0,Computer,3,7.0,E wallet,Female,4.0,4,Laptop & Accessory,3,Divorced,9,0,13.0,2.0,2.0,1.0,172.68,Retained,No Complaint
53743,0,4.0,Computer,1,14.0,Cash on Delivery,Male,4.0,4,Mobile,3,Married,3,0,14.0,1.0,2.0,1.0,137.74,Retained,No Complaint
53744,0,51.0,Mobile Phone,1,7.0,Debit Card,Male,4.0,2,Laptop & Accessory,3,Divorced,2,0,25.0,2.0,3.0,9.0,174.0,Retained,No Complaint
53745,0,23.0,Mobile Phone,1,14.0,Debit Card,Male,3.0,4,Fashion,4,Married,5,0,15.0,1.0,2.0,3.0,229.66,Retained,No Complaint
53746,0,8.0,Computer,1,22.0,Credit Card,Male,4.0,4,Grocery,5,Married,9,0,15.0,3.0,7.0,10.0,295.07,Retained,No Complaint
53747,1,1.0,Computer,3,7.0,Cash on Delivery,Male,4.0,4,Mobile,3,Divorced,5,0,16.0,2.0,2.0,3.0,154.09,Churned,No Complaint
53748,1,1.0,Computer,3,20.0,Cash on Delivery,Female,3.0,4,Laptop & Accessory,4,Single,7,0,12.0,1.0,2.0,1.0,182.65,Churned,No Complaint
53749,1,1.0,Mobile Phone,3,31.0,Credit Card,Female,3.0,5,Laptop & Accessory,4,Single,2,1,24.0,3.0,11.0,11.0,170.99,Churned,Filed Complaint
53750,0,9.0,Phone,3,14.0,Debit Card,Male,4.0,4,Mobile,3,Divorced,3,0,14.0,2.0,2.0,1.0,149.04,Retained,No Complaint
53751,1,1.0,Computer,1,16.0,Credit Card,Male,3.0,4,Mobile,5,Single,4,1,12.0,1.0,2.0,1.0,156.72,Churned,Filed Complaint
53752,0,1.0,Computer,3,20.0,Debit Card,Female,4.0,4,Mobile,4,Divorced,3,0,14.0,1.0,2.0,1.0,145.33,Retained,No Complaint
53753,0,18.0,Computer,1,9.0,Credit Card,Male,3.0,4,Fashion,3,Single,7,1,19.0,1.0,3.0,3.0,227.09,Retained,Filed Complaint
53754,0,3.0,Mobile Phone,3,26.0,Debit Card,Male,4.0,5,Laptop & Accessory,3,Married,3,0,15.0,2.0,2.0,3.0,211.2,Retained,No Complaint
53755,0,4.0,Phone,2,7.0,Debit Card,Male,3.0,4,Mobile,3,Married,2,0,22.0,1.0,2.0,4.0,145.64,Retained,No Complaint
53756,0,29.0,Mobile Phone,1,11.0,Debit Card,Male,2.0,4,Laptop & Accessory,3,Divorced,2,1,17.0,1.0,2.0,3.0,165.35,Retained,Filed Complaint
53757,0,7.0,Mobile Phone,1,11.0,Credit Card,Female,3.0,5,Mobile,4,Divorced,10,0,12.0,1.0,2.0,3.0,163.38,Retained,No Complaint
53758,0,21.0,Mobile Phone,3,21.0,Credit Card,Female,4.0,4,Laptop & Accessory,3,Divorced,5,1,18.0,2.0,2.0,3.0,170.91,Retained,Filed Complaint
53759,1,1.0,Computer,1,9.0,Credit Card,Male,3.0,5,Mobile,5,Single,9,0,12.0,1.0,2.0,1.0,150.61,Churned,No Complaint
53760,0,2.0,Phone,1,7.0,Debit Card,Male,4.0,5,Mobile,3,Married,3,0,15.0,1.0,2.0,1.0,140.63,Retained,No Complaint
53761,0,2.0,Computer,3,14.0,Debit Card,Male,3.0,4,Laptop & Accessory,5,Single,2,0,15.0,2.0,2.0,4.0,173.98,Retained,No Complaint
53762,0,23.0,Mobile Phone,1,10.0,Credit Card,Female,3.0,5,Laptop & Accessory,5,Divorced,6,0,26.0,2.0,2.0,3.0,172.89,Retained,No Complaint
53763,0,3.0,Computer,1,9.0,Debit Card,Female,4.0,4,Mobile,4,Divorced,2,0,14.0,1.0,2.0,3.0,156.8,Retained,No Complaint
53764,0,2.0,Mobile Phone,1,36.0,Debit Card,Male,4.0,6,Laptop & Accessory,4,Divorced,3,0,15.0,2.0,2.0,8.0,190.49,Retained,No Complaint
53765,0,7.0,Mobile Phone,1,15.0,Debit Card,Male,4.0,4,Laptop & Accessory,3,Single,4,1,18.0,1.0,2.0,1.0,188.88,Retained,Filed Complaint
53766,0,6.0,Mobile Phone,1,17.0,Credit Card,Male,1.0,4,Fashion,1,Single,4,0,26.0,1.0,2.0,1.0,237.44,Retained,No Complaint
53767,0,28.0,Computer,1,18.0,Credit Card,Female,3.0,4,Grocery,1,Married,5,0,21.0,1.0,2.0,13.0,285.32,Retained,No Complaint
53768,1,1.0,Phone,1,7.0,Cash on Delivery,Male,4.0,5,Mobile,5,Single,8,0,14.0,1.0,2.0,8.0,148.62,Churned,No Complaint
53769,0,18.0,Mobile Phone,1,35.0,Debit Card,Male,3.0,4,Grocery,5,Divorced,5,0,14.0,1.0,15.0,18.0,288.28,Retained,No Complaint
53770,0,13.0,Mobile Phone,1,13.0,Debit Card,Female,3.0,4,Fashion,4,Single,6,0,19.0,1.0,3.0,3.0,208.76,Retained,No Complaint
53771,0,20.0,Mobile Phone,3,10.0,Debit Card,Female,3.0,4,Grocery,4,Divorced,10,0,13.0,1.0,6.0,2.0,291.06,Retained,No Complaint
53772,0,9.0,Mobile Phone,1,23.0,Debit Card,Female,4.0,5,Fashion,4,Single,3,0,20.0,2.0,4.0,3.0,211.06,Retained,No Complaint
53773,0,1.0,Phone,1,27.0,Debit Card,Male,4.0,4,Laptop & Accessory,3,Single,2,0,15.0,2.0,2.0,3.0,147.72,Retained,No Complaint
53774,1,4.0,Phone,1,16.0,Debit Card,Male,3.0,4,Mobile,5,Single,5,0,15.0,2.0,2.0,1.0,145.18,Churned,No Complaint
53775,0,8.0,Mobile Phone,3,7.0,Cash on Delivery,Male,4.0,5,Fashion,3,Divorced,3,1,15.0,8.0,9.0,7.0,195.83,Retained,Filed Complaint
53776,1,1.0,Computer,1,10.0,Debit Card,Female,3.0,4,Mobile,3,Single,3,0,13.0,7.0,8.0,8.0,165.84,Churned,No Complaint
53777,0,24.0,Computer,1,29.0,Credit Card,Male,3.0,6,Grocery,1,Single,3,1,14.0,1.0,14.0,10.0,269.11,Retained,Filed Complaint
53778,0,8.0,Phone,3,14.0,Cash on Delivery,Male,3.0,4,Mobile,3,Married,2,1,26.0,1.0,6.0,8.0,148.08,Retained,Filed Complaint
53779,0,16.0,Mobile Phone,1,9.0,Credit Card,Male,4.0,5,Mobile,4,Married,6,0,15.0,2.0,2.0,1.0,173.41,Retained,No Complaint
53780,0,11.0,Mobile Phone,1,20.0,Credit Card,Male,3.0,4,Laptop & Accessory,1,Married,3,0,18.0,1.0,4.0,8.0,167.85,Retained,No Complaint
53781,0,3.0,Mobile Phone,1,15.0,UPI,Female,3.0,6,Laptop & Accessory,5,Married,5,0,14.0,1.0,2.0,3.0,222.15,Retained,No Complaint
53782,0,7.0,Mobile Phone,1,32.0,Debit Card,Male,3.0,5,Laptop & Accessory,4,Single,3,0,14.0,1.0,2.0,3.0,168.2,Retained,No Complaint
53783,0,19.0,Phone,1,35.0,Cash on Delivery,Male,4.0,4,Mobile,1,Married,6,0,21.0,2.0,2.0,4.0,146.32,Retained,No Complaint
53784,0,16.0,Computer,1,9.0,Debit Card,Male,3.0,4,Fashion,1,Married,4,1,15.0,13.0,14.0,3.0,226.24,Retained,Filed Complaint
53785,0,14.0,Mobile Phone,3,16.0,Credit Card,Male,3.0,4,Laptop & Accessory,5,Married,2,0,13.0,3.0,8.0,2.0,179.73,Retained,No Complaint
53786,0,7.0,Mobile Phone,1,35.0,Debit Card,Male,4.0,4,Laptop & Accessory,3,Married,3,1,13.0,2.0,6.0,8.0,177.07,Retained,Filed Complaint
53787,0,14.0,Mobile Phone,2,13.0,Credit Card,Male,3.0,4,Grocery,1,Single,3,1,22.0,1.0,8.0,8.0,289.37,Retained,Filed Complaint
53788,0,1.0,Phone,1,28.0,Cash on Delivery,Male,3.0,5,Mobile,5,Married,2,0,15.0,1.0,2.0,1.0,147.96,Retained,No Complaint
53789,0,14.0,Computer,1,15.0,Debit Card,Male,4.0,4,Laptop & Accessory,1,Married,5,1,19.0,3.0,3.0,3.0,165.69,Retained,Filed Complaint
53790,0,19.0,Mobile Phone,1,7.0,Cash on Delivery,Male,4.0,4,Fashion,4,Married,3,0,13.0,7.0,8.0,8.0,199.41,Retained,No Complaint
53791,0,9.0,Phone,3,7.0,Debit Card,Female,4.0,5,Mobile,3,Married,2,0,24.0,3.0,5.0,3.0,149.3,Retained,No Complaint
53792,0,6.0,Mobile Phone,1,12.0,Debit Card,Female,4.0,5,Laptop & Accessory,4,Married,5,0,13.0,2.0,3.0,6.0,183.78,Retained,No Complaint
53793,0,10.0,Mobile Phone,3,9.0,Debit Card,Male,4.0,4,Mobile,1,Single,5,1,22.0,1.0,2.0,3.0,151.44,Retained,Filed Complaint
53794,0,22.0,Mobile Phone,3,23.0,Debit Card,Female,4.0,4,Laptop & Accessory,3,Married,10,0,15.0,2.0,8.0,8.0,189.39,Retained,No Complaint
53795,0,3.0,Mobile Phone,1,16.0,Debit Card,Male,4.0,2,Mobile,3,Married,8,0,19.0,2.0,2.0,1.0,149.51,Retained,No Complaint
53796,0,7.0,Mobile Phone,3,15.0,Debit Card,Male,3.0,4,Laptop & Accessory,5,Married,4,0,14.0,3.0,3.0,3.0,188.92,Retained,No Complaint
53797,1,1.0,Mobile Phone,3,7.0,Debit Card,Male,4.0,5,Laptop & Accessory,5,Married,3,0,12.0,4.0,7.0,3.0,222.14,Churned,No Complaint
53798,0,12.0,Computer,2,17.0,UPI,Male,4.0,4,Laptop & Accessory,3,Married,5,0,12.0,1.0,2.0,3.0,185.77,Retained,No Complaint
53799,0,9.0,Phone,1,7.0,Credit Card,Male,4.0,5,Mobile,5,Single,3,0,20.0,1.0,2.0,3.0,149.5,Retained,No Complaint
53800,0,4.0,Mobile Phone,3,36.0,Cash on Delivery,Male,3.0,4,Fashion,4,Married,5,0,13.0,1.0,2.0,3.0,217.5,Retained,No Complaint
53801,1,1.0,Phone,1,9.0,Debit Card,Female,4.0,4,Mobile,5,Married,3,1,13.0,2.0,2.0,1.0,145.74,Churned,Filed Complaint
53802,1,17.0,Mobile Phone,1,9.0,Cash on Delivery,Female,4.0,5,Fashion,1,Married,2,0,17.0,2.0,2.0,3.0,226.69,Churned,No Complaint
53803,1,2.0,Mobile Phone,1,9.0,Credit Card,Male,3.0,4,Laptop & Accessory,4,Married,6,0,12.0,1.0,2.0,5.0,173.55,Churned,No Complaint
53804,0,6.0,Computer,1,7.0,Cash on Delivery,Male,4.0,4,Laptop & Accessory,5,Married,6,0,15.0,2.0,2.0,3.0,165.87,Retained,No Complaint
53805,0,22.0,Phone,1,22.0,UPI,Female,4.0,4,Mobile,5,Married,10,0,13.0,8.0,8.0,7.0,148.67,Retained,No Complaint
53806,0,8.0,Mobile Phone,1,14.0,Credit Card,Male,3.0,4,Mobile,1,Single,3,0,14.0,1.0,2.0,1.0,154.72,Retained,No Complaint
53807,0,29.0,Mobile Phone,3,33.0,E wallet,Male,3.0,5,Others,1,Married,3,0,15.0,3.0,3.0,14.0,320.86,Retained,No Complaint
53808,0,8.0,Mobile Phone,1,7.0,Debit Card,Male,3.0,4,Laptop & Accessory,1,Married,11,0,18.0,2.0,3.0,2.0,179.84,Retained,No Complaint
53809,0,1.0,Phone,1,10.0,Debit Card,Female,3.0,4,Mobile,1,Married,3,0,22.0,2.0,2.0,1.0,145.61,Retained,No Complaint
53810,0,12.0,Mobile Phone,3,21.0,Debit Card,Male,4.0,4,Laptop & Accessory,4,Married,2,0,12.0,6.0,8.0,3.0,224.24,Retained,No Complaint
53811,0,12.0,Mobile Phone,3,23.0,Debit Card,Female,3.0,4,Laptop & Accessory,4,Single,4,0,13.0,1.0,2.0,3.0,166.98,Retained,No Complaint
53812,0,10.0,Mobile Phone,3,7.0,Debit Card,Female,4.0,4,Laptop & Accessory,3,Single,8,0,14.0,2.0,2.0,1.0,193.15,Retained,No Complaint
53813,0,3.0,Mobile Phone,1,10.0,Credit Card,Male,3.0,4,Mobile,5,Single,3,1,19.0,1.0,2.0,6.0,172.23,Retained,Filed Complaint
53814,0,9.0,Mobile Phone,1,17.0,Credit Card,Female,3.0,4,Laptop & Accessory,3,Single,5,1,17.0,2.0,2.0,5.0,186.42,Retained,Filed Complaint
53815,0,13.0,Mobile Phone,3,13.0,Credit Card,Male,3.0,2,Fashion,3,Married,4,0,12.0,5.0,8.0,7.0,207.37,Retained,No Complaint
53816,0,3.0,Computer,1,9.0,Debit Card,Male,3.0,4,Laptop & Accessory,1,Married,3,0,20.0,1.0,2.0,3.0,213.53,Retained,No Complaint
53817,0,24.0,Mobile Phone,3,6.0,E wallet,Male,3.0,4,Others,3,Married,6,1,15.0,1.0,2.0,1.0,318.31,Retained,Filed Complaint
53818,0,1.0,Phone,1,17.0,Cash on Delivery,Male,3.0,2,Mobile,3,Married,4,0,17.0,3.0,3.0,3.0,145.73,Retained,No Complaint
53819,0,10.0,Computer,1,13.0,Debit Card,Male,4.0,2,Laptop & Accessory,5,Married,5,1,14.0,2.0,2.0,3.0,180.62,Retained,Filed Complaint
53820,0,16.0,Mobile Phone,1,16.0,UPI,Male,4.0,5,Others,1,Single,10,0,15.0,2.0,2.0,2.0,321.13,Retained,No Complaint
53821,0,9.0,Mobile Phone,1,35.0,Debit Card,Male,3.0,2,Laptop & Accessory,3,Married,3,0,18.0,6.0,7.0,9.0,159.07,Retained,No Complaint
53822,0,8.0,Computer,1,17.0,Cash on Delivery,Male,4.0,5,Laptop & Accessory,3,Married,3,0,15.0,3.0,8.0,8.0,175.63,Retained,No Complaint
53823,0,14.0,Mobile Phone,3,21.0,Debit Card,Female,3.0,4,Laptop & Accessory,5,Married,3,0,16.0,1.0,2.0,3.0,171.39,Retained,No Complaint
53824,0,17.0,Mobile Phone,1,34.0,Cash on Delivery,Male,3.0,2,Mobile,4,Married,7,0,13.0,2.0,2.0,3.0,173.76,Retained,No Complaint
53825,0,9.0,Mobile Phone,1,14.0,Debit Card,Male,4.0,5,Mobile,1,Married,3,0,19.0,2.0,2.0,2.0,151.9,Retained,No Complaint
53826,0,20.0,Mobile Phone,3,7.0,Debit Card,Male,3.0,2,Grocery,5,Single,3,0,15.0,2.0,2.0,13.0,300.67,Retained,No Complaint
53827,1,1.0,Phone,1,31.0,Credit Card,Male,3.0,4,Mobile,4,Married,3,1,18.0,1.0,2.0,1.0,149.08,Churned,Filed Complaint
53828,0,1.0,Computer,1,33.0,UPI,Female,3.0,5,Mobile,3,Married,3,1,15.0,1.0,2.0,4.0,153.14,Retained,Filed Complaint
53829,0,24.0,Computer,1,27.0,Credit Card,Male,3.0,4,Grocery,3,Married,4,1,16.0,4.0,2.0,14.0,237.45,Retained,Filed Complaint
53830,0,6.0,Mobile Phone,1,12.0,UPI,Female,3.0,2,Mobile,1,Married,5,0,18.0,2.0,2.0,3.0,158.12,Retained,No Complaint
53831,0,18.0,Mobile Phone,1,14.0,Credit Card,Female,3.0,4,Others,1,Married,2,1,15.0,2.0,2.0,11.0,315.49,Retained,Filed Complaint
53832,0,4.0,Phone,1,14.0,Credit Card,Male,3.0,5,Mobile,4,Married,3,0,13.0,1.0,2.0,2.0,146.41,Retained,No Complaint
53833,0,19.0,Mobile Phone,1,12.0,Credit Card,Female,3.0,6,Laptop & Accessory,5,Single,3,1,15.0,2.0,2.0,5.0,182.69,Retained,Filed Complaint
53834,0,19.0,Computer,3,33.0,E wallet,Male,3.0,5,Laptop & Accessory,5,Married,3,0,16.0,1.0,5.0,6.0,168.85,Retained,No Complaint
53835,0,5.0,Computer,3,9.0,UPI,Male,3.0,4,Laptop & Accessory,5,Single,9,0,14.0,1.0,2.0,4.0,178.32,Retained,No Complaint
53836,0,10.0,Mobile Phone,1,19.0,Debit Card,Female,4.0,4,Laptop & Accessory,3,Married,11,1,13.0,1.0,2.0,2.0,171.63,Retained,Filed Complaint
53837,0,8.0,Computer,1,17.0,Debit Card,Male,3.0,2,Laptop & Accessory,1,Married,3,0,14.0,6.0,8.0,3.0,172.24,Retained,No Complaint
53838,0,23.0,Mobile Phone,1,32.0,Debit Card,Female,3.0,4,Mobile,5,Married,3,0,15.0,1.0,2.0,5.0,157.11,Retained,No Complaint
53839,0,13.0,Mobile Phone,1,17.0,Credit Card,Male,4.0,4,Laptop & Accessory,5,Married,4,0,14.0,5.0,8.0,8.0,178.77,Retained,No Complaint
53840,0,1.0,Mobile Phone,1,26.0,UPI,Male,4.0,5,Mobile,5,Married,3,0,12.0,1.0,2.0,8.0,165.66,Retained,No Complaint
53841,0,9.0,Mobile Phone,1,25.0,Debit Card,Male,3.0,2,Laptop & Accessory,5,Married,3,0,12.0,1.0,2.0,11.0,177.08,Retained,No Complaint
53842,0,2.0,Mobile Phone,1,34.0,Credit Card,Female,3.0,6,Laptop & Accessory,5,Married,2,0,22.0,2.0,2.0,1.0,25.0,Retained,No Complaint
53843,0,1.0,Mobile Phone,1,12.0,Credit Card,Male,4.0,4,Mobile,1,Single,3,0,19.0,2.0,3.0,3.0,156.17,Retained,No Complaint
53844,1,1.0,Computer,3,10.0,Credit Card,Female,4.0,4,Mobile,1,Single,3,1,13.0,1.0,2.0,1.0,140.69,Churned,Filed Complaint
53845,0,21.0,Mobile Phone,2,33.0,Debit Card,Female,4.0,4,Others,3,Married,5,0,15.0,2.0,2.0,1.0,321.58,Retained,No Complaint
53846,0,13.0,Mobile Phone,1,10.0,Credit Card,Male,4.0,5,Laptop & Accessory,3,Married,2,0,16.0,1.0,2.0,8.0,155.69,Retained,No Complaint
53847,0,14.0,Mobile Phone,1,22.0,Debit Card,Female,4.0,5,Fashion,3,Married,3,0,14.0,2.0,15.0,3.0,229.35,Retained,No Complaint
53848,0,9.0,Computer,1,15.0,Debit Card,Female,3.0,4,Laptop & Accessory,3,Married,3,0,13.0,3.0,3.0,10.0,166.48,Retained,No Complaint
53849,0,11.0,Mobile Phone,1,26.0,Debit Card,Male,3.0,4,Laptop & Accessory,3,Married,5,0,18.0,1.0,2.0,3.0,182.68,Retained,No Complaint
53850,0,13.0,Computer,1,11.0,Credit Card,Female,3.0,4,Laptop & Accessory,3,Single,2,0,14.0,4.0,4.0,9.0,175.42,Retained,No Complaint
53851,0,19.0,Mobile Phone,1,9.0,UPI,Female,3.0,5,Laptop & Accessory,1,Married,3,0,20.0,3.0,4.0,10.0,182.7,Retained,No Complaint
53852,0,12.0,Mobile Phone,1,9.0,Credit Card,Female,3.0,5,Fashion,3,Married,5,1,20.0,2.0,2.0,3.0,202.56,Retained,Filed Complaint
53853,1,1.0,Mobile Phone,3,17.0,Credit Card,Male,3.0,5,Fashion,5,Married,11,0,18.0,5.0,7.0,3.0,228.06,Churned,No Complaint
53854,0,11.0,Mobile Phone,1,17.0,Credit Card,Female,4.0,4,Mobile,4,Married,3,0,12.0,2.0,8.0,8.0,164.36,Retained,No Complaint
53855,0,14.0,Mobile Phone,1,23.0,Debit Card,Female,3.0,4,Fashion,1,Single,8,1,16.0,2.0,4.0,4.0,204.45,Retained,Filed Complaint
53856,0,18.0,Computer,2,7.0,UPI,Male,3.0,4,Laptop & Accessory,1,Married,6,1,12.0,2.0,2.0,3.0,182.43,Retained,Filed Complaint
53857,0,22.0,Computer,1,11.0,Credit Card,Male,3.0,5,Grocery,1,Married,4,0,26.0,1.0,3.0,3.0,277.02,Retained,No Complaint
53858,1,1.0,Mobile Phone,3,22.0,Credit Card,Male,3.0,6,Laptop & Accessory,1,Married,8,1,15.0,2.0,3.0,3.0,179.4,Churned,Filed Complaint
53859,0,1.0,Computer,1,9.0,Cash on Delivery,Female,3.0,4,Mobile,1,Single,3,1,14.0,2.0,2.0,4.0,162.6,Retained,Filed Complaint
53860,0,1.0,Mobile Phone,1,15.0,Credit Card,Female,3.0,2,Mobile,3,Married,9,0,18.0,1.0,2.0,3.0,160.17,Retained,No Complaint
53861,0,1.0,Computer,1,9.0,Credit Card,Male,3.0,4,Mobile,1,Single,4,0,14.0,1.0,2.0,3.0,150.8,Retained,No Complaint
53862,1,4.0,Phone,1,14.0,Debit Card,Male,4.0,4,Mobile,5,Single,5,1,15.0,1.0,2.0,4.0,146.66,Churned,Filed Complaint
53863,0,3.0,Mobile Phone,3,17.0,Credit Card,Male,3.0,5,Laptop & Accessory,3,Single,11,0,12.0,2.0,2.0,5.0,183.69,Retained,No Complaint
53864,0,10.0,Mobile Phone,1,12.0,Debit Card,Female,3.0,4,Fashion,5,Married,6,0,13.0,2.0,2.0,3.0,205.08,Retained,No Complaint
53865,0,1.0,Computer,1,9.0,Debit Card,Male,4.0,2,Laptop & Accessory,3,Married,3,0,18.0,1.0,2.0,8.0,177.06,Retained,No Complaint
53866,0,13.0,Mobile Phone,1,19.0,Credit Card,Male,4.0,4,Laptop & Accessory,4,Married,6,0,22.0,2.0,2.0,1.0,177.95,Retained,No Complaint
53867,0,23.0,Mobile Phone,1,29.0,UPI,Female,4.0,4,Grocery,4,Married,5,0,17.0,1.0,2.0,3.0,289.13,Retained,No Complaint
53868,0,24.0,Mobile Phone,1,24.0,Debit Card,Female,3.0,5,Fashion,5,Married,7,0,16.0,2.0,2.0,12.0,257.69,Retained,No Complaint
53869,0,1.0,Mobile Phone,3,9.0,Credit Card,Female,3.0,4,Mobile,3,Single,3,0,20.0,1.0,3.0,3.0,152.83,Retained,No Complaint
53870,0,8.0,Mobile Phone,1,10.0,Debit Card,Female,4.0,4,Laptop & Accessory,4,Married,3,0,13.0,8.0,8.0,10.0,179.33,Retained,No Complaint
53871,0,10.0,Phone,1,14.0,Debit Card,Male,4.0,4,Mobile,4,Single,4,0,12.0,1.0,2.0,4.0,145.13,Retained,No Complaint
53872,0,23.0,Mobile Phone,1,13.0,Debit Card,Female,3.0,5,Grocery,3,Married,4,1,20.0,1.0,3.0,13.0,264.66,Retained,Filed Complaint
53873,0,10.0,Computer,1,7.0,Credit Card,Female,3.0,5,Laptop & Accessory,3,Married,2,0,16.0,2.0,2.0,3.0,168.74,Retained,No Complaint
53874,0,10.0,Mobile Phone,1,10.0,Debit Card,Male,4.0,2,Laptop & Accessory,5,Married,8,0,21.0,2.0,2.0,5.0,193.42,Retained,No Complaint
53875,0,28.0,Mobile Phone,1,29.0,Credit Card,Female,4.0,4,Grocery,3,Married,5,0,15.0,3.0,5.0,8.0,299.26,Retained,No Complaint
53876,0,17.0,Mobile Phone,1,22.0,Debit Card,Male,4.0,5,Grocery,3,Married,3,0,15.0,5.0,7.0,12.0,301.03,Retained,No Complaint
53877,1,1.0,Computer,3,19.0,UPI,Male,3.0,4,Laptop & Accessory,1,Single,5,1,25.0,4.0,7.0,8.0,170.81,Churned,Filed Complaint
53878,0,12.0,Computer,1,7.0,Debit Card,Male,3.0,4,Laptop & Accessory,1,Married,9,0,16.0,3.0,3.0,10.0,172.35,Retained,No Complaint
53879,0,3.0,Mobile Phone,3,12.0,Credit Card,Male,3.0,5,Laptop & Accessory,4,Married,3,1,14.0,1.0,2.0,10.0,166.87,Retained,Filed Complaint
53880,0,7.0,Mobile Phone,3,9.0,Credit Card,Male,4.0,4,Laptop & Accessory,1,Married,3,0,15.0,2.0,2.0,5.0,180.05,Retained,No Complaint
53881,0,6.0,Mobile Phone,1,9.0,Credit Card,Male,3.0,4,Laptop & Accessory,4,Married,2,0,14.0,1.0,2.0,7.0,179.7,Retained,No Complaint
53882,0,5.0,Mobile Phone,3,12.0,Debit Card,Female,4.0,4,Laptop & Accessory,1,Married,3,0,12.0,1.0,2.0,3.0,179.76,Retained,No Complaint
53883,0,23.0,Mobile Phone,1,23.0,Credit Card,Female,4.0,4,Mobile,5,Married,6,1,17.0,2.0,3.0,3.0,150.87,Retained,Filed Complaint
53884,0,12.0,Computer,1,9.0,Credit Card,Female,3.0,5,Mobile,4,Single,3,0,23.0,2.0,4.0,4.0,149.4,Retained,No Complaint
53885,0,21.0,Mobile Phone,3,9.0,Debit Card,Female,3.0,2,Grocery,4,Married,8,0,15.0,1.0,2.0,3.0,284.72,Retained,No Complaint
53886,0,23.0,Mobile Phone,1,7.0,Debit Card,Male,3.0,4,Grocery,3,Single,6,0,15.0,1.0,2.0,1.0,278.79,Retained,No Complaint
53887,0,15.0,Mobile Phone,3,30.0,Debit Card,Male,4.0,4,Fashion,3,Single,5,1,17.0,1.0,2.0,3.0,195.82,Retained,Filed Complaint
53888,0,1.0,Mobile Phone,3,16.0,Debit Card,Male,3.0,4,Mobile,5,Single,3,0,12.0,1.0,2.0,3.0,152.28,Retained,No Complaint
53889,0,7.0,Computer,3,23.0,Debit Card,Female,3.0,4,Laptop & Accessory,1,Married,3,1,26.0,1.0,2.0,3.0,178.68,Retained,Filed Complaint
53890,0,10.0,Mobile Phone,1,33.0,Debit Card,Male,4.0,4,Laptop & Accessory,3,Married,8,0,15.0,2.0,2.0,3.0,178.47,Retained,No Complaint
53891,0,18.0,Mobile Phone,2,7.0,Debit Card,Female,3.0,4,Mobile,1,Married,6,1,19.0,3.0,3.0,3.0,156.95,Retained,Filed Complaint
53892,1,1.0,Mobile Phone,1,15.0,Credit Card,Male,4.0,5,Mobile,3,Single,3,1,12.0,2.0,2.0,3.0,164.89,Churned,Filed Complaint
53893,0,12.0,Mobile Phone,1,11.0,Credit Card,Female,3.0,4,Mobile,3,Married,9,0,20.0,1.0,2.0,1.0,158.06,Retained,No Complaint
53894,0,27.0,Mobile Phone,1,31.0,Credit Card,Male,3.0,2,Fashion,1,Married,5,0,16.0,1.0,2.0,3.0,195.05,Retained,No Complaint
53895,1,12.0,Computer,3,14.0,Credit Card,Female,4.0,4,Mobile,3,Married,4,1,12.0,5.0,8.0,8.0,151.55,Churned,Filed Complaint
53896,1,1.0,Phone,1,9.0,Debit Card,Male,4.0,4,Mobile,4,Single,3,0,13.0,2.0,2.0,1.0,138.93,Churned,No Complaint
53897,0,1.0,Computer,1,14.0,Credit Card,Male,4.0,4,Mobile,1,Single,3,0,21.0,6.0,6.0,8.0,150.7,Retained,No Complaint
53898,0,29.0,Mobile Phone,1,29.0,Cash on Delivery,Male,4.0,5,Mobile,4,Married,7,0,13.0,2.0,2.0,3.0,160.37,Retained,No Complaint
53899,0,8.0,Mobile Phone,1,12.0,Credit Card,Male,3.0,5,Laptop & Accessory,1,Married,3,0,15.0,5.0,5.0,14.0,164.86,Retained,No Complaint
53900,0,31.0,Mobile Phone,1,7.0,Credit Card,Male,4.0,6,Fashion,1,Married,5,0,21.0,1.0,2.0,1.0,233.82999999999998,Retained,No Complaint
53901,0,7.0,Phone,1,28.0,Credit Card,Male,4.0,2,Mobile,4,Married,3,0,19.0,3.0,3.0,14.0,145.28,Retained,No Complaint
53902,0,11.0,Computer,3,7.0,Credit Card,Male,3.0,6,Laptop & Accessory,1,Married,3,0,15.0,1.0,2.0,3.0,220.25,Retained,No Complaint
53903,0,8.0,Mobile Phone,1,26.0,Debit Card,Female,3.0,5,Mobile,1,Married,3,0,13.0,4.0,9.0,8.0,154.29,Retained,No Complaint
53904,1,1.0,Phone,3,14.0,Debit Card,Male,3.0,4,Mobile,1,Married,3,1,22.0,2.0,2.0,3.0,147.75,Churned,Filed Complaint
53905,0,18.0,Mobile Phone,1,9.0,Debit Card,Female,4.0,2,Fashion,1,Married,3,1,20.0,7.0,7.0,8.0,203.79,Retained,Filed Complaint
53906,0,9.0,Computer,1,9.0,Credit Card,Male,4.0,5,Mobile,1,Single,2,1,15.0,2.0,2.0,5.0,174.3,Retained,Filed Complaint
53907,0,17.0,Mobile Phone,3,9.0,Credit Card,Male,4.0,4,Laptop & Accessory,1,Married,3,1,18.0,1.0,9.0,9.0,203.47,Retained,Filed Complaint
53908,0,1.0,Mobile Phone,1,16.0,Credit Card,Male,4.0,2,Mobile,3,Married,3,0,17.0,1.0,2.0,5.0,169.01,Retained,No Complaint
53909,0,15.0,Mobile Phone,3,13.0,E wallet,Male,3.0,4,Fashion,3,Single,3,0,13.0,7.0,9.0,3.0,217.41,Retained,No Complaint
53910,0,3.0,Mobile Phone,1,16.0,Credit Card,Female,3.0,4,Mobile,3,Married,11,0,18.0,2.0,2.0,3.0,154.74,Retained,No Complaint
53911,0,10.0,Mobile Phone,3,9.0,Debit Card,Female,3.0,4,Laptop & Accessory,1,Single,5,0,16.0,4.0,7.0,8.0,170.02,Retained,No Complaint
53912,0,19.0,Computer,1,7.0,Debit Card,Male,4.0,5,Fashion,3,Married,5,0,24.0,4.0,2.0,5.0,232.48000000000002,Retained,No Complaint
53913,1,1.0,Phone,2,29.0,UPI,Male,3.0,6,Mobile,3,Married,3,0,12.0,1.0,2.0,1.0,140.55,Churned,No Complaint
53914,1,11.0,Computer,3,16.0,Debit Card,Male,3.0,6,Grocery,3,Married,9,0,12.0,2.0,2.0,11.0,254.36,Churned,No Complaint
53915,0,1.0,Phone,1,24.0,Credit Card,Male,4.0,6,Mobile,3,Married,3,0,16.0,1.0,2.0,3.0,148.05,Retained,No Complaint
53916,0,19.0,Mobile Phone,1,35.0,Cash on Delivery,Female,3.0,5,Grocery,4,Single,3,0,15.0,4.0,9.0,7.0,292.04,Retained,No Complaint
53917,0,6.0,Computer,1,17.0,Debit Card,Male,3.0,4,Mobile,3,Married,8,0,14.0,1.0,2.0,4.0,159.33,Retained,No Complaint
53918,0,5.0,Mobile Phone,1,9.0,Debit Card,Male,4.0,4,Mobile,3,Married,3,0,15.0,1.0,2.0,4.0,159.77,Retained,No Complaint
53919,0,15.0,Computer,2,11.0,UPI,Male,3.0,6,Laptop & Accessory,4,Married,8,0,20.0,1.0,2.0,3.0,189.3,Retained,No Complaint
53920,0,14.0,Mobile Phone,1,15.0,Debit Card,Female,4.0,4,Laptop & Accessory,5,Married,4,1,17.0,1.0,2.0,1.0,190.16,Retained,Filed Complaint
53921,0,1.0,Mobile Phone,1,36.0,Credit Card,Male,4.0,4,Mobile,5,Married,3,0,14.0,2.0,2.0,3.0,164.07,Retained,No Complaint
53922,0,20.0,Mobile Phone,1,20.0,Debit Card,Male,3.0,4,Laptop & Accessory,4,Single,8,0,15.0,2.0,2.0,10.0,180.62,Retained,No Complaint
53923,0,9.0,Mobile Phone,1,34.0,Debit Card,Male,3.0,4,Laptop & Accessory,3,Married,4,0,17.0,1.0,2.0,8.0,193.83,Retained,No Complaint
53924,0,4.0,Mobile Phone,1,23.0,Debit Card,Male,3.0,4,Mobile,1,Married,3,0,13.0,1.0,2.0,9.0,153.62,Retained,No Complaint
53925,0,21.0,Computer,3,9.0,E wallet,Male,3.0,4,Laptop & Accessory,4,Married,9,0,12.0,1.0,2.0,1.0,174.78,Retained,No Complaint
53926,0,20.0,Mobile Phone,3,9.0,Debit Card,Male,4.0,4,Fashion,1,Married,6,1,13.0,1.0,2.0,3.0,228.68,Retained,Filed Complaint
53927,1,1.0,Mobile Phone,3,20.0,E wallet,Male,4.0,5,Laptop & Accessory,5,Married,7,1,14.0,3.0,3.0,3.0,186.34,Churned,Filed Complaint
53928,1,1.0,Mobile Phone,3,7.0,Debit Card,Male,3.0,6,Laptop & Accessory,4,Single,8,0,16.0,1.0,2.0,1.0,192.35,Churned,No Complaint
53929,0,1.0,Mobile Phone,1,11.0,Credit Card,Female,3.0,4,Mobile,4,Single,3,0,14.0,2.0,2.0,3.0,157.95,Retained,No Complaint
53930,0,5.0,Computer,1,31.0,Cash on Delivery,Female,2.0,4,Laptop & Accessory,1,Single,4,0,21.0,2.0,2.0,5.0,177.38,Retained,No Complaint
53931,0,13.0,Computer,1,7.0,Debit Card,Male,4.0,4,Laptop & Accessory,1,Married,3,1,16.0,4.0,6.0,9.0,189.72,Retained,Filed Complaint
53932,0,6.0,Mobile Phone,3,26.0,Debit Card,Male,4.0,6,Fashion,3,Married,5,0,14.0,2.0,2.0,3.0,221.1,Retained,No Complaint
53933,0,14.0,Mobile Phone,3,14.0,Credit Card,Male,3.0,4,Others,4,Single,3,0,15.0,2.0,13.0,9.0,323.33,Retained,No Complaint
53934,0,19.0,Mobile Phone,2,11.0,Debit Card,Female,3.0,6,Fashion,3,Married,6,0,22.0,2.0,2.0,3.0,222.56,Retained,No Complaint
53935,0,4.0,Computer,1,9.0,Cash on Delivery,Female,4.0,5,Mobile,5,Single,2,0,17.0,1.0,2.0,8.0,174.68,Retained,No Complaint
53936,0,1.0,Computer,2,17.0,Credit Card,Male,3.0,4,Mobile,1,Married,2,0,15.0,2.0,3.0,2.0,146.45,Retained,No Complaint
53937,1,1.0,Computer,2,15.0,UPI,Female,4.0,5,Mobile,1,Married,8,0,12.0,2.0,2.0,3.0,146.8,Churned,No Complaint
53938,0,5.0,Mobile Phone,3,12.0,Cash on Delivery,Male,3.0,4,Laptop & Accessory,3,Married,3,0,20.0,1.0,2.0,3.0,208.46,Retained,No Complaint
53939,0,1.0,Mobile Phone,1,15.0,Credit Card,Female,4.0,4,Mobile,1,Single,3,0,12.0,2.0,2.0,5.0,159.45,Retained,No Complaint
53940,1,1.0,Mobile Phone,3,16.0,E wallet,Female,3.0,6,Mobile,4,Single,3,0,14.0,2.0,3.0,3.0,152.6,Churned,No Complaint
53941,0,3.0,Computer,1,7.0,Debit Card,Male,4.0,2,Laptop & Accessory,3,Single,10,1,13.0,1.0,2.0,3.0,187.94,Retained,Filed Complaint
53942,0,4.0,Mobile Phone,3,22.0,E wallet,Male,4.0,5,Fashion,5,Married,4,0,12.0,1.0,2.0,8.0,196.4,Retained,No Complaint
53943,0,8.0,Mobile Phone,1,9.0,Credit Card,Male,4.0,2,Mobile,1,Married,2,1,15.0,1.0,2.0,3.0,154.32,Retained,Filed Complaint
53944,0,7.0,Computer,3,9.0,E wallet,Female,4.0,4,Laptop & Accessory,4,Single,10,0,16.0,1.0,2.0,8.0,176.47,Retained,No Complaint
53945,0,23.0,Mobile Phone,3,18.0,E wallet,Female,4.0,4,Laptop & Accessory,1,Single,5,0,13.0,1.0,2.0,5.0,170.07,Retained,No Complaint
53946,1,1.0,Mobile Phone,3,23.0,Debit Card,Female,4.0,4,Fashion,5,Single,4,1,21.0,1.0,2.0,3.0,210.64,Churned,Filed Complaint
53947,0,12.0,Computer,1,9.0,Credit Card,Female,4.0,5,Mobile,4,Married,6,0,15.0,1.0,2.0,6.0,149.68,Retained,No Complaint
53948,1,1.0,Mobile Phone,3,23.0,E wallet,Male,4.0,4,Fashion,3,Married,4,0,14.0,2.0,2.0,1.0,206.61,Churned,No Complaint
53949,0,3.0,Phone,1,11.0,Cash on Delivery,Female,4.0,5,Mobile,5,Married,3,0,14.0,1.0,2.0,1.0,146.09,Retained,No Complaint
53950,0,1.0,Mobile Phone,1,23.0,Debit Card,Male,3.0,2,Laptop & Accessory,3,Married,5,0,17.0,2.0,2.0,8.0,177.94,Retained,No Complaint
53951,0,6.0,Computer,1,12.0,Cash on Delivery,Male,4.0,4,Mobile,4,Single,4,0,15.0,2.0,2.0,8.0,152.18,Retained,No Complaint
53952,0,12.0,Mobile Phone,1,25.0,Credit Card,Male,3.0,6,Laptop & Accessory,1,Married,5,1,17.0,1.0,2.0,1.0,183.11,Retained,Filed Complaint
53953,1,7.0,Computer,1,24.0,Cash on Delivery,Male,3.0,5,Mobile,3,Married,11,1,17.0,2.0,2.0,1.0,149.37,Churned,Filed Complaint
53954,0,16.0,Mobile Phone,1,19.0,Credit Card,Male,3.0,4,Mobile,4,Married,10,0,23.0,2.0,2.0,5.0,152.66,Retained,No Complaint
53955,0,29.0,Mobile Phone,1,9.0,Credit Card,Male,3.0,5,Others,5,Married,10,0,15.0,1.0,2.0,1.0,315.38,Retained,No Complaint
53956,0,7.0,Computer,1,11.0,Cash on Delivery,Male,3.0,4,Laptop & Accessory,4,Married,7,0,16.0,1.0,2.0,8.0,155.55,Retained,No Complaint
53957,0,15.0,Phone,1,16.0,Debit Card,Male,4.0,4,Mobile,5,Married,3,0,21.0,2.0,2.0,5.0,147.89,Retained,No Complaint
53958,0,8.0,Computer,3,17.0,Debit Card,Male,3.0,4,Laptop & Accessory,3,Married,3,1,15.0,2.0,2.0,8.0,165.01,Retained,Filed Complaint
53959,0,27.0,Computer,1,7.0,Credit Card,Female,3.0,5,Grocery,3,Married,6,1,21.0,1.0,2.0,3.0,254.64999999999998,Retained,Filed Complaint
53960,0,17.0,Mobile Phone,2,9.0,Debit Card,Male,4.0,4,Mobile,1,Single,2,0,14.0,1.0,2.0,9.0,160.39,Retained,No Complaint
53961,0,8.0,Mobile Phone,3,10.0,Debit Card,Female,3.0,6,Laptop & Accessory,1,Single,7,0,13.0,2.0,3.0,3.0,185.29,Retained,No Complaint
53962,1,1.0,Mobile Phone,3,14.0,E wallet,Male,3.0,4,Mobile,4,Single,3,0,14.0,2.0,2.0,1.0,151.79,Churned,No Complaint
53963,0,12.0,Mobile Phone,1,13.0,UPI,Female,3.0,5,Mobile,3,Married,3,0,12.0,1.0,2.0,5.0,162.02,Retained,No Complaint
53964,1,1.0,Phone,1,15.0,Credit Card,Female,4.0,4,Mobile,5,Married,3,1,18.0,1.0,2.0,1.0,148.98,Churned,Filed Complaint
53965,0,5.0,Mobile Phone,3,36.0,E wallet,Female,4.0,5,Laptop & Accessory,1,Married,3,0,15.0,3.0,6.0,8.0,179.68,Retained,No Complaint
53966,0,25.0,Mobile Phone,1,10.0,Cash on Delivery,Female,3.0,4,Fashion,3,Married,4,0,12.0,3.0,2.0,3.0,256.16,Retained,No Complaint
53967,0,11.0,Mobile Phone,3,16.0,E wallet,Male,3.0,5,Laptop & Accessory,4,Married,3,0,15.0,1.0,2.0,4.0,166.89,Retained,No Complaint
53968,0,20.0,Mobile Phone,1,9.0,Credit Card,Male,3.0,4,Others,1,Married,9,1,15.0,2.0,3.0,3.0,318.28,Retained,Filed Complaint
53969,0,10.0,Mobile Phone,1,17.0,Debit Card,Male,3.0,4,Fashion,5,Married,9,1,14.0,2.0,6.0,8.0,208.21,Retained,Filed Complaint
53970,1,8.0,Computer,1,7.0,Credit Card,Male,3.0,4,Mobile,4,Married,3,1,13.0,2.0,3.0,4.0,148.42,Churned,Filed Complaint
53971,0,11.0,Mobile Phone,2,15.0,UPI,Male,3.0,4,Laptop & Accessory,4,Married,4,0,14.0,5.0,5.0,8.0,165.71,Retained,No Complaint
53972,1,1.0,Mobile Phone,3,34.0,Debit Card,Male,3.0,4,Laptop & Accessory,1,Single,3,1,19.0,1.0,8.0,8.0,183.13,Churned,Filed Complaint
53973,0,7.0,Mobile Phone,1,15.0,Debit Card,Male,3.0,2,Mobile,5,Married,8,0,20.0,7.0,8.0,7.0,156.43,Retained,No Complaint
53974,0,2.0,Phone,1,7.0,Debit Card,Male,3.0,4,Mobile,1,Married,3,0,12.0,1.0,2.0,4.0,145.44,Retained,No Complaint
53975,0,13.0,Mobile Phone,1,17.0,Credit Card,Male,4.0,4,Fashion,3,Single,9,0,22.0,3.0,2.0,3.0,259.64,Retained,No Complaint
53976,0,20.0,Computer,3,33.0,Debit Card,Male,4.0,5,Laptop & Accessory,4,Single,10,0,16.0,3.0,3.0,3.0,204.91,Retained,No Complaint
53977,0,14.0,Mobile Phone,1,9.0,Debit Card,Female,3.0,4,Mobile,5,Married,6,0,18.0,2.0,2.0,3.0,158.77,Retained,No Complaint
53978,0,16.0,Mobile Phone,1,20.0,Credit Card,Male,4.0,2,Laptop & Accessory,5,Married,7,0,19.0,2.0,2.0,1.0,180.38,Retained,No Complaint
53979,0,9.0,Computer,1,9.0,Credit Card,Male,3.0,4,Laptop & Accessory,1,Married,4,0,15.0,1.0,2.0,8.0,182.62,Retained,No Complaint
53980,0,12.0,Computer,2,9.0,UPI,Male,4.0,4,Mobile,4,Married,7,0,14.0,4.0,4.0,9.0,150.92,Retained,No Complaint
53981,1,1.0,Computer,1,16.0,Debit Card,Male,4.0,4,Laptop & Accessory,5,Married,6,0,18.0,1.0,2.0,8.0,178.46,Churned,No Complaint
53982,1,1.0,Mobile Phone,1,17.0,Credit Card,Male,3.0,4,Laptop & Accessory,5,Single,3,0,16.0,1.0,2.0,9.0,167.13,Churned,No Complaint
53983,0,13.0,Computer,3,27.0,Debit Card,Male,3.0,4,Laptop & Accessory,1,Married,4,0,19.0,2.0,3.0,3.0,166.27,Retained,No Complaint
53984,0,17.0,Computer,1,16.0,Debit Card,Male,3.0,4,Mobile,3,Single,6,0,14.0,1.0,2.0,3.0,149.38,Retained,No Complaint
53985,0,15.0,Mobile Phone,1,12.0,Debit Card,Male,3.0,2,Laptop & Accessory,4,Single,5,0,13.0,2.0,2.0,3.0,193.7,Retained,No Complaint
53986,0,15.0,Mobile Phone,3,11.0,E wallet,Female,3.0,4,Fashion,3,Married,2,1,14.0,1.0,14.0,3.0,229.47,Retained,Filed Complaint
53987,0,4.0,Mobile Phone,1,17.0,Credit Card,Female,4.0,4,Fashion,3,Single,11,0,15.0,1.0,2.0,3.0,221.67,Retained,No Complaint
53988,1,1.0,Phone,2,27.0,Credit Card,Female,4.0,4,Mobile,4,Married,2,1,12.0,1.0,2.0,5.0,146.48,Churned,Filed Complaint
53989,1,10.0,Mobile Phone,1,28.0,Credit Card,Female,4.0,4,Laptop & Accessory,4,Married,6,0,23.0,2.0,4.0,3.0,214.26,Churned,No Complaint
53990,0,14.0,Mobile Phone,1,7.0,Debit Card,Female,3.0,4,Laptop & Accessory,1,Married,6,0,18.0,1.0,2.0,4.0,190.13,Retained,No Complaint
53991,0,8.0,Mobile Phone,3,15.0,Cash on Delivery,Male,4.0,2,Laptop & Accessory,3,Married,3,0,22.0,1.0,5.0,9.0,192.99,Retained,No Complaint
53992,0,31.0,Computer,3,9.0,Credit Card,Male,3.0,4,Grocery,4,Married,6,0,23.0,11.0,15.0,15.0,25.0,Retained,No Complaint
53993,0,9.0,Mobile Phone,1,30.0,Credit Card,Male,4.0,6,Mobile,3,Married,2,0,17.0,2.0,2.0,4.0,152.05,Retained,No Complaint
53994,0,21.0,Mobile Phone,1,11.0,Debit Card,Female,4.0,5,Fashion,4,Married,10,1,13.0,3.0,15.0,3.0,228.33,Retained,Filed Complaint
53995,0,14.0,Mobile Phone,1,19.0,Debit Card,Female,3.0,4,Laptop & Accessory,5,Married,4,0,13.0,8.0,8.0,8.0,169.48,Retained,No Complaint
53996,0,28.0,Mobile Phone,1,14.0,Credit Card,Female,4.0,4,Laptop & Accessory,1,Married,6,0,16.0,2.0,2.0,8.0,193.54,Retained,No Complaint
53997,0,5.0,Computer,3,14.0,E wallet,Female,4.0,4,Fashion,5,Married,4,0,15.0,3.0,3.0,3.0,221.37,Retained,No Complaint
53998,0,2.0,Mobile Phone,1,7.0,Credit Card,Female,4.0,4,Mobile,5,Married,3,0,26.0,2.0,2.0,3.0,160.91,Retained,No Complaint
53999,0,12.0,Mobile Phone,3,9.0,E wallet,Female,4.0,6,Laptop & Accessory,1,Married,4,1,21.0,1.0,2.0,4.0,179.05,Retained,Filed Complaint
54000,0,1.0,Mobile Phone,3,17.0,Credit Card,Male,3.0,4,Laptop & Accessory,1,Single,3,0,14.0,1.0,2.0,3.0,171.84,Retained,No Complaint
54001,0,31.0,Computer,1,22.0,Debit Card,Male,3.0,4,Grocery,3,Married,4,1,15.0,1.0,3.0,3.0,282.87,Retained,Filed Complaint
54002,0,1.0,Computer,1,21.0,Credit Card,Female,3.0,4,Mobile,3,Single,3,0,17.0,2.0,2.0,1.0,140.14,Retained,No Complaint
54003,1,1.0,Mobile Phone,2,25.0,UPI,Male,3.0,2,Mobile,5,Married,2,0,18.0,2.0,2.0,1.0,154.56,Churned,No Complaint
54004,1,1.0,Phone,2,20.0,UPI,Male,3.0,5,Mobile,5,Married,6,1,16.0,2.0,3.0,1.0,148.35,Churned,Filed Complaint
54005,0,19.0,Computer,3,9.0,Debit Card,Female,4.0,4,Laptop & Accessory,3,Married,6,0,23.0,4.0,6.0,8.0,176.54,Retained,No Complaint
54006,0,10.0,Mobile Phone,1,9.0,UPI,Female,4.0,4,Laptop & Accessory,4,Married,6,1,23.0,1.0,2.0,1.0,194.62,Retained,Filed Complaint
54007,0,17.0,Computer,3,9.0,Debit Card,Male,4.0,4,Laptop & Accessory,1,Married,3,0,21.0,6.0,8.0,8.0,181.75,Retained,No Complaint
54008,0,1.0,Computer,1,12.0,Debit Card,Female,3.0,4,Mobile,1,Single,2,1,15.0,2.0,2.0,3.0,148.79,Retained,Filed Complaint
54009,0,3.0,Computer,1,27.0,Credit Card,Male,3.0,4,Mobile,1,Married,3,0,14.0,2.0,4.0,11.0,163.12,Retained,No Complaint
54010,0,6.0,Computer,3,17.0,E wallet,Male,4.0,4,Laptop & Accessory,1,Single,10,0,14.0,2.0,2.0,1.0,171.48,Retained,No Complaint
54011,0,16.0,Computer,1,17.0,Cash on Delivery,Male,3.0,4,Mobile,3,Married,5,0,23.0,2.0,4.0,4.0,154.36,Retained,No Complaint
54012,0,21.0,Phone,1,16.0,Debit Card,Female,4.0,4,Mobile,3,Single,6,0,13.0,2.0,3.0,1.0,146.05,Retained,No Complaint
54013,0,20.0,Mobile Phone,1,9.0,Debit Card,Male,3.0,4,Fashion,1,Married,5,0,15.0,2.0,5.0,3.0,210.78,Retained,No Complaint
54014,0,2.0,Computer,2,7.0,Debit Card,Male,3.0,4,Mobile,1,Married,3,0,16.0,1.0,3.0,3.0,152.06,Retained,No Complaint
54015,0,3.0,Mobile Phone,1,36.0,Debit Card,Male,4.0,6,Laptop & Accessory,3,Married,10,0,18.0,2.0,2.0,7.0,188.84,Retained,No Complaint
54016,0,16.0,Mobile Phone,1,15.0,Debit Card,Male,3.0,4,Mobile,3,Single,6,0,14.0,2.0,2.0,1.0,164.68,Retained,No Complaint
54017,1,1.0,Mobile Phone,3,9.0,E wallet,Male,3.0,5,Laptop & Accessory,4,Single,9,1,13.0,3.0,3.0,3.0,224.07,Churned,Filed Complaint
54018,0,20.0,Mobile Phone,3,10.0,Cash on Delivery,Female,3.0,2,Grocery,5,Married,4,0,13.0,2.0,2.0,9.0,257.25,Retained,No Complaint
54019,0,1.0,Mobile Phone,3,30.0,Credit Card,Female,3.0,5,Laptop & Accessory,3,Married,3,0,22.0,5.0,6.0,9.0,160.4,Retained,No Complaint
54020,0,3.0,Mobile Phone,2,13.0,Credit Card,Male,3.0,5,Mobile,4,Married,3,0,12.0,2.0,2.0,1.0,153.04,Retained,No Complaint
54021,0,17.0,Mobile Phone,1,13.0,Credit Card,Female,3.0,5,Others,3,Married,9,0,15.0,4.0,7.0,15.0,318.92,Retained,No Complaint
54022,0,22.0,Mobile Phone,1,17.0,Debit Card,Male,4.0,5,Others,4,Married,6,0,15.0,4.0,13.0,10.0,321.65,Retained,No Complaint
54023,1,1.0,Computer,1,31.0,Debit Card,Male,4.0,5,Mobile,1,Single,3,1,25.0,2.0,2.0,1.0,149.39,Churned,Filed Complaint
54024,1,10.0,Mobile Phone,3,17.0,Debit Card,Female,4.0,4,Fashion,4,Married,7,0,22.0,1.0,2.0,8.0,198.14,Churned,No Complaint
54025,0,1.0,Computer,1,22.0,Debit Card,Female,4.0,5,Mobile,5,Married,2,0,20.0,8.0,8.0,4.0,172.74,Retained,No Complaint
54026,0,13.0,Mobile Phone,1,26.0,UPI,Male,3.0,4,Laptop & Accessory,1,Married,10,0,15.0,2.0,3.0,3.0,164.02,Retained,No Complaint
54027,0,29.0,Mobile Phone,1,9.0,Cash on Delivery,Male,4.0,5,Mobile,1,Married,10,0,21.0,1.0,2.0,5.0,151.62,Retained,No Complaint
54028,0,2.0,Mobile Phone,3,10.0,Credit Card,Female,4.0,4,Mobile,4,Married,3,0,20.0,2.0,2.0,1.0,153.56,Retained,No Complaint
54029,1,1.0,Phone,3,16.0,Credit Card,Male,3.0,4,Mobile,1,Single,3,0,14.0,1.0,2.0,1.0,135.81,Churned,No Complaint
54030,1,1.0,Mobile Phone,1,14.0,Debit Card,Male,4.0,4,Mobile,4,Single,3,1,24.0,2.0,2.0,1.0,149.72,Churned,Filed Complaint
54031,0,10.0,Mobile Phone,3,17.0,Cash on Delivery,Female,4.0,5,Laptop & Accessory,3,Married,3,1,14.0,2.0,2.0,8.0,181.73,Retained,Filed Complaint
54032,0,5.0,Mobile Phone,1,27.0,Debit Card,Male,3.0,4,Laptop & Accessory,3,Married,3,0,12.0,1.0,2.0,3.0,166.97,Retained,No Complaint
54033,0,8.0,Mobile Phone,3,11.0,Debit Card,Male,4.0,4,Fashion,1,Married,4,1,14.0,1.0,2.0,3.0,222.13,Retained,Filed Complaint
54034,0,3.0,Phone,1,14.0,Debit Card,Male,3.0,4,Mobile,5,Single,5,0,15.0,1.0,2.0,3.0,145.62,Retained,No Complaint
54035,0,11.0,Mobile Phone,1,14.0,Credit Card,Male,4.0,4,Laptop & Accessory,5,Married,7,1,23.0,1.0,2.0,5.0,167.84,Retained,Filed Complaint
54036,0,9.0,Mobile Phone,1,23.0,UPI,Female,3.0,5,Laptop & Accessory,4,Married,2,1,12.0,2.0,2.0,3.0,172.88,Retained,Filed Complaint
54037,0,19.0,Mobile Phone,1,32.0,Debit Card,Female,4.0,5,Laptop & Accessory,1,Married,2,0,14.0,1.0,4.0,9.0,184.06,Retained,No Complaint
54038,0,10.0,Computer,2,9.0,UPI,Male,4.0,5,Laptop & Accessory,1,Single,3,0,22.0,2.0,2.0,9.0,163.86,Retained,No Complaint
54039,0,14.0,Mobile Phone,1,7.0,Debit Card,Male,4.0,4,Grocery,5,Married,4,0,15.0,10.0,12.0,17.0,293.23,Retained,No Complaint
54040,0,1.0,Mobile Phone,1,7.0,Debit Card,Female,3.0,5,Mobile,3,Married,3,1,14.0,1.0,2.0,1.0,154.33,Retained,Filed Complaint
54041,0,1.0,Mobile Phone,3,9.0,Credit Card,Female,3.0,2,Laptop & Accessory,3,Single,2,0,15.0,1.0,2.0,8.0,190.0,Retained,No Complaint
54042,0,22.0,Computer,1,29.0,Credit Card,Female,3.0,4,Grocery,1,Married,5,0,15.0,1.0,5.0,8.0,296.74,Retained,No Complaint
54043,0,18.0,Mobile Phone,1,7.0,Debit Card,Male,4.0,2,Laptop & Accessory,5,Married,4,0,16.0,3.0,3.0,3.0,175.33,Retained,No Complaint
54044,1,1.0,Computer,1,23.0,Cash on Delivery,Male,3.0,6,Mobile,5,Married,3,1,24.0,4.0,4.0,1.0,148.07,Churned,Filed Complaint
54045,1,20.0,Mobile Phone,1,31.0,Debit Card,Male,4.0,4,Mobile,1,Single,3,0,17.0,1.0,2.0,1.0,150.87,Churned,No Complaint
54046,0,10.0,Mobile Phone,3,24.0,E wallet,Male,3.0,5,Laptop & Accessory,4,Married,4,0,17.0,2.0,2.0,4.0,180.07,Retained,No Complaint
54047,0,15.0,Mobile Phone,3,15.0,E wallet,Female,3.0,4,Laptop & Accessory,4,Married,7,0,22.0,2.0,2.0,5.0,168.93,Retained,No Complaint
54048,0,16.0,Mobile Phone,1,13.0,Credit Card,Male,3.0,4,Fashion,5,Married,11,0,14.0,4.0,2.0,8.0,258.48,Retained,No Complaint
54049,0,5.0,Mobile Phone,3,17.0,Credit Card,Female,3.0,4,Laptop & Accessory,1,Married,4,1,12.0,1.0,2.0,5.0,190.83,Retained,Filed Complaint
54050,0,8.0,Mobile Phone,3,10.0,Credit Card,Female,4.0,5,Laptop & Accessory,1,Married,5,1,13.0,1.0,2.0,2.0,206.03,Retained,Filed Complaint
54051,0,5.0,Mobile Phone,1,11.0,Credit Card,Female,4.0,2,Mobile,3,Married,10,0,13.0,3.0,3.0,3.0,164.78,Retained,No Complaint
54052,0,1.0,Computer,1,13.0,UPI,Male,4.0,2,Mobile,1,Married,2,0,19.0,3.0,8.0,8.0,150.44,Retained,No Complaint
54053,0,19.0,Computer,1,7.0,Credit Card,Male,3.0,4,Laptop & Accessory,3,Single,6,0,13.0,2.0,2.0,4.0,178.99,Retained,No Complaint
54054,0,7.0,Mobile Phone,3,17.0,E wallet,Male,3.0,4,Laptop & Accessory,3,Single,3,0,15.0,1.0,2.0,10.0,179.87,Retained,No Complaint
54055,0,2.0,Computer,3,7.0,Debit Card,Male,3.0,5,Laptop & Accessory,1,Married,3,1,13.0,1.0,2.0,8.0,193.34,Retained,Filed Complaint
54056,1,1.0,Computer,3,31.0,Cash on Delivery,Male,3.0,2,Mobile,5,Single,3,0,18.0,2.0,2.0,1.0,135.91,Churned,No Complaint
54057,0,13.0,Computer,3,28.0,Debit Card,Female,3.0,6,Laptop & Accessory,3,Married,8,0,20.0,1.0,2.0,3.0,182.36,Retained,No Complaint
54058,0,1.0,Phone,1,9.0,Cash on Delivery,Male,3.0,4,Mobile,4,Married,3,0,12.0,2.0,2.0,3.0,147.26,Retained,No Complaint
54059,0,8.0,Computer,1,29.0,UPI,Male,3.0,5,Laptop & Accessory,1,Married,3,1,16.0,4.0,7.0,12.0,182.47,Retained,Filed Complaint
54060,1,1.0,Mobile Phone,3,20.0,E wallet,Female,3.0,4,Laptop & Accessory,3,Single,5,1,12.0,3.0,3.0,3.0,223.54,Churned,Filed Complaint
54061,0,21.0,Computer,1,21.0,Cash on Delivery,Male,4.0,4,Laptop & Accessory,4,Married,10,0,19.0,1.0,2.0,8.0,179.67,Retained,No Complaint
54062,0,30.0,Mobile Phone,3,18.0,E wallet,Female,3.0,5,Laptop & Accessory,5,Married,6,0,17.0,1.0,2.0,1.0,178.8,Retained,No Complaint
54063,0,13.0,Mobile Phone,1,16.0,Credit Card,Male,3.0,4,Laptop & Accessory,5,Married,3,0,26.0,5.0,8.0,10.0,176.51,Retained,No Complaint
54064,0,12.0,Computer,1,15.0,Credit Card,Female,3.0,5,Laptop & Accessory,4,Married,3,1,17.0,2.0,2.0,8.0,146.33,Retained,Filed Complaint
54065,0,31.0,Mobile Phone,3,28.0,Debit Card,Female,4.0,4,Grocery,1,Married,6,1,15.0,2.0,2.0,1.0,303.75,Retained,Filed Complaint
54066,1,1.0,Computer,1,12.0,Debit Card,Female,3.0,2,Mobile,3,Single,5,1,15.0,1.0,2.0,4.0,149.32,Churned,Filed Complaint
54067,0,12.0,Mobile Phone,1,16.0,Debit Card,Male,4.0,4,Mobile,1,Married,4,0,20.0,2.0,2.0,4.0,172.71,Retained,No Complaint
54068,0,23.0,Computer,1,9.0,Debit Card,Male,3.0,4,Others,1,Married,5,0,15.0,3.0,5.0,4.0,316.61,Retained,No Complaint
54069,0,16.0,Mobile Phone,3,19.0,E wallet,Male,4.0,4,Laptop & Accessory,1,Married,5,1,13.0,1.0,2.0,1.0,175.87,Retained,Filed Complaint
54070,1,1.0,Computer,2,29.0,UPI,Female,3.0,5,Mobile,4,Married,3,0,13.0,2.0,2.0,1.0,153.63,Churned,No Complaint
54071,0,9.0,Mobile Phone,3,25.0,Credit Card,Male,4.0,4,Laptop & Accessory,5,Married,2,0,17.0,1.0,2.0,5.0,25.0,Retained,No Complaint
54072,0,2.0,Computer,1,23.0,Credit Card,Male,3.0,4,Mobile,3,Single,3,0,15.0,1.0,2.0,5.0,146.44,Retained,No Complaint
54073,0,5.0,Computer,1,10.0,Credit Card,Male,3.0,4,Mobile,5,Married,3,1,14.0,1.0,3.0,4.0,155.65,Retained,Filed Complaint
54074,0,10.0,Computer,1,16.0,Debit Card,Male,4.0,2,Mobile,4,Married,3,0,23.0,2.0,2.0,3.0,153.1,Retained,No Complaint
54075,0,8.0,Mobile Phone,3,7.0,E wallet,Male,3.0,4,Fashion,1,Single,3,0,22.0,2.0,3.0,3.0,223.88,Retained,No Complaint
54076,0,8.0,Mobile Phone,3,20.0,Credit Card,Male,3.0,4,Fashion,3,Married,3,0,19.0,2.0,2.0,3.0,211.28,Retained,No Complaint
54077,0,1.0,Mobile Phone,1,7.0,Credit Card,Male,4.0,4,Mobile,5,Single,2,0,14.0,4.0,8.0,7.0,153.67,Retained,No Complaint
54078,0,3.0,Mobile Phone,1,7.0,Debit Card,Male,3.0,4,Laptop & Accessory,5,Married,2,0,13.0,2.0,2.0,3.0,178.73,Retained,No Complaint
54079,0,6.0,Computer,1,22.0,Credit Card,Female,3.0,4,Laptop & Accessory,1,Married,7,0,19.0,1.0,2.0,3.0,191.67,Retained,No Complaint
54080,0,5.0,Computer,1,7.0,Debit Card,Male,3.0,6,Laptop & Accessory,5,Married,3,0,22.0,2.0,9.0,8.0,175.03,Retained,No Complaint
54081,1,1.0,Phone,1,24.0,Cash on Delivery,Male,3.0,5,Mobile,1,Married,7,0,13.0,1.0,2.0,4.0,148.67,Churned,No Complaint
54082,0,12.0,Mobile Phone,3,7.0,Debit Card,Male,3.0,5,Mobile,5,Single,6,0,15.0,1.0,2.0,1.0,153.58,Retained,No Complaint
54083,0,9.0,Mobile Phone,3,14.0,Debit Card,Female,3.0,4,Laptop & Accessory,1,Married,3,1,12.0,2.0,2.0,10.0,177.04,Retained,Filed Complaint
54084,0,1.0,Mobile Phone,3,16.0,E wallet,Male,3.0,4,Laptop & Accessory,1,Single,3,0,15.0,1.0,2.0,8.0,166.05,Retained,No Complaint
54085,0,6.0,Mobile Phone,1,12.0,Debit Card,Male,3.0,5,Laptop & Accessory,1,Single,10,0,25.0,1.0,2.0,3.0,221.79,Retained,No Complaint
54086,1,1.0,Computer,3,33.0,E wallet,Male,4.0,4,Laptop & Accessory,1,Married,3,1,12.0,1.0,2.0,9.0,181.17,Churned,Filed Complaint
54087,1,17.0,Mobile Phone,3,31.0,Debit Card,Male,4.0,4,Fashion,5,Single,8,1,14.0,3.0,3.0,3.0,229.48,Churned,Filed Complaint
54088,0,28.0,Mobile Phone,1,16.0,Debit Card,Female,4.0,4,Laptop & Accessory,3,Married,5,0,12.0,1.0,3.0,4.0,153.97,Retained,No Complaint
54089,0,7.0,Computer,1,14.0,Debit Card,Male,3.0,4,Laptop & Accessory,3,Married,3,0,21.0,3.0,3.0,9.0,184.68,Retained,No Complaint
54090,0,17.0,Mobile Phone,1,18.0,Debit Card,Male,2.0,4,Fashion,3,Married,3,0,18.0,2.0,2.0,10.0,200.1,Retained,No Complaint
54091,0,12.0,Computer,2,7.0,UPI,Male,3.0,4,Mobile,4,Married,2,1,12.0,2.0,2.0,3.0,154.91,Retained,Filed Complaint
54092,0,29.0,Mobile Phone,2,33.0,UPI,Male,4.0,2,Others,4,Married,6,1,15.0,2.0,2.0,5.0,321.36,Retained,Filed Complaint
54093,0,5.0,Phone,1,9.0,Credit Card,Female,3.0,6,Mobile,1,Married,3,1,12.0,2.0,2.0,1.0,136.29,Retained,Filed Complaint
54094,0,13.0,Mobile Phone,3,22.0,E wallet,Male,4.0,4,Grocery,5,Single,2,0,13.0,5.0,2.0,11.0,258.41,Retained,No Complaint
54095,0,16.0,Computer,1,30.0,Debit Card,Male,3.0,5,Laptop & Accessory,3,Single,3,0,13.0,3.0,4.0,8.0,168.32,Retained,No Complaint
54096,0,5.0,Computer,1,17.0,Credit Card,Female,3.0,4,Fashion,3,Married,6,0,21.0,4.0,2.0,9.0,235.31,Retained,No Complaint
54097,0,28.0,Mobile Phone,1,17.0,Credit Card,Female,4.0,4,Laptop & Accessory,5,Single,8,1,20.0,1.0,2.0,5.0,169.4,Retained,Filed Complaint
54098,0,1.0,Mobile Phone,1,7.0,Debit Card,Male,3.0,5,Laptop & Accessory,3,Single,3,0,13.0,2.0,2.0,3.0,171.17,Retained,No Complaint
54099,0,1.0,Mobile Phone,1,19.0,UPI,Male,4.0,4,Mobile,1,Single,3,0,14.0,2.0,2.0,5.0,151.47,Retained,No Complaint
54100,0,14.0,Computer,1,18.0,Cash on Delivery,Female,4.0,4,Laptop & Accessory,3,Married,3,0,12.0,3.0,10.0,5.0,188.23,Retained,No Complaint
54101,0,14.0,Mobile Phone,3,9.0,E wallet,Female,4.0,4,Laptop & Accessory,4,Married,5,0,15.0,2.0,6.0,11.0,181.77,Retained,No Complaint
54102,0,1.0,Phone,2,9.0,UPI,Female,3.0,4,Mobile,4,Married,6,0,15.0,1.0,2.0,3.0,146.87,Retained,No Complaint
54103,0,4.0,Mobile Phone,1,7.0,Credit Card,Male,4.0,4,Mobile,4,Married,3,0,14.0,1.0,2.0,8.0,162.48,Retained,No Complaint
54104,0,1.0,Mobile Phone,1,9.0,UPI,Male,3.0,4,Mobile,3,Married,8,1,20.0,1.0,2.0,3.0,164.77,Retained,Filed Complaint
54105,0,21.0,Mobile Phone,1,32.0,Credit Card,Male,3.0,4,Fashion,3,Single,4,0,24.0,2.0,13.0,3.0,211.33,Retained,No Complaint
54106,0,7.0,Computer,1,7.0,Credit Card,Male,3.0,5,Mobile,3,Married,3,0,13.0,1.0,2.0,1.0,145.08,Retained,No Complaint
54107,0,12.0,Mobile Phone,3,7.0,Debit Card,Male,3.0,4,Laptop & Accessory,4,Married,2,0,16.0,5.0,6.0,9.0,169.4,Retained,No Complaint
54108,0,5.0,Mobile Phone,3,9.0,Debit Card,Male,3.0,4,Mobile,3,Married,2,0,20.0,2.0,2.0,3.0,155.67,Retained,No Complaint
54109,0,12.0,Computer,1,13.0,Debit Card,Male,4.0,5,Laptop & Accessory,3,Married,4,0,12.0,3.0,8.0,8.0,178.21,Retained,No Complaint
54110,0,16.0,Mobile Phone,1,25.0,Debit Card,Male,3.0,4,Laptop & Accessory,5,Married,8,1,18.0,1.0,2.0,3.0,179.1,Retained,Filed Complaint
54111,0,15.0,Mobile Phone,1,7.0,Debit Card,Male,4.0,4,Mobile,1,Married,5,0,23.0,1.0,2.0,1.0,152.82,Retained,No Complaint
54112,0,21.0,Computer,1,7.0,Credit Card,Female,4.0,4,Fashion,4,Married,2,0,19.0,1.0,2.0,13.0,244.57,Retained,No Complaint
54113,0,9.0,Mobile Phone,1,18.0,Credit Card,Male,3.0,4,Mobile,3,Married,9,1,12.0,1.0,3.0,3.0,151.6,Retained,Filed Complaint
54114,0,1.0,Mobile Phone,1,7.0,Debit Card,Male,4.0,4,Mobile,3,Single,2,0,13.0,1.0,2.0,3.0,158.75,Retained,No Complaint
54115,0,9.0,Mobile Phone,1,16.0,Credit Card,Male,3.0,4,Laptop & Accessory,3,Single,3,0,20.0,1.0,2.0,9.0,175.98,Retained,No Complaint
54116,0,7.0,Mobile Phone,1,22.0,Credit Card,Female,4.0,4,Laptop & Accessory,1,Married,2,1,14.0,6.0,9.0,2.0,37.0,Retained,Filed Complaint
54117,0,6.0,Mobile Phone,1,36.0,Debit Card,Female,3.0,5,Mobile,4,Single,3,0,14.0,4.0,5.0,2.0,153.37,Retained,No Complaint
54118,0,14.0,Phone,1,7.0,Debit Card,Male,3.0,4,Mobile,1,Married,10,0,20.0,1.0,2.0,1.0,149.06,Retained,No Complaint
54119,0,6.0,Phone,3,7.0,Credit Card,Male,4.0,5,Mobile,4,Married,2,0,15.0,1.0,3.0,3.0,147.69,Retained,No Complaint
54120,0,13.0,Mobile Phone,1,31.0,Debit Card,Male,3.0,4,Laptop & Accessory,1,Single,9,0,14.0,2.0,2.0,8.0,166.08,Retained,No Complaint
54121,0,12.0,Mobile Phone,1,17.0,Credit Card,Female,3.0,6,Fashion,3,Married,5,0,13.0,2.0,2.0,12.0,257.06,Retained,No Complaint
54122,0,6.0,Mobile Phone,3,7.0,E wallet,Female,3.0,4,Fashion,1,Married,3,0,20.0,4.0,6.0,3.0,229.22,Retained,No Complaint
54123,0,11.0,Mobile Phone,1,17.0,Debit Card,Female,3.0,2,Fashion,1,Married,3,1,26.0,1.0,7.0,9.0,262.44,Retained,Filed Complaint
54124,0,1.0,Mobile Phone,3,15.0,UPI,Female,3.0,4,Laptop & Accessory,3,Married,2,1,23.0,2.0,2.0,5.0,174.07,Retained,Filed Complaint
54125,0,26.0,Computer,3,127.0,Debit Card,Male,3.0,4,Mobile,1,Married,4,0,16.0,2.0,2.0,1.0,159.82,Retained,No Complaint
54126,0,18.0,Phone,1,7.0,Credit Card,Male,3.0,4,Mobile,1,Single,8,1,13.0,1.0,2.0,3.0,149.36,Retained,Filed Complaint
54127,0,1.0,Phone,3,12.0,Credit Card,Male,3.0,4,Mobile,5,Single,3,1,12.0,2.0,2.0,3.0,148.8,Retained,Filed Complaint
54128,0,13.0,Computer,1,16.0,Debit Card,Male,3.0,4,Others,1,Single,4,0,15.0,1.0,2.0,4.0,319.31,Retained,No Complaint
54129,1,1.0,Computer,3,16.0,E wallet,Male,3.0,4,Mobile,5,Married,3,0,20.0,2.0,2.0,1.0,142.9,Churned,No Complaint
54130,0,10.0,Mobile Phone,3,10.0,Credit Card,Female,4.0,5,Fashion,1,Married,2,0,20.0,4.0,4.0,5.0,201.44,Retained,No Complaint
54131,0,10.0,Computer,1,11.0,Debit Card,Female,4.0,4,Laptop & Accessory,4,Married,9,0,14.0,2.0,2.0,3.0,176.31,Retained,No Complaint
54132,0,30.0,Computer,1,7.0,Debit Card,Male,3.0,4,Laptop & Accessory,3,Married,3,0,22.0,1.0,2.0,10.0,188.06,Retained,No Complaint
54133,1,1.0,Mobile Phone,1,7.0,Credit Card,Male,3.0,4,Mobile,1,Married,11,1,15.0,3.0,3.0,3.0,172.87,Churned,Filed Complaint
54134,0,16.0,Mobile Phone,1,9.0,Debit Card,Male,3.0,4,Others,3,Married,7,0,15.0,2.0,5.0,15.0,313.8,Retained,No Complaint
54135,1,20.0,Phone,1,14.0,Cash on Delivery,Male,4.0,4,Mobile,3,Married,10,0,12.0,7.0,10.0,9.0,148.39,Churned,No Complaint
54136,0,15.0,Mobile Phone,1,35.0,Debit Card,Female,3.0,5,Grocery,4,Married,2,0,24.0,2.0,2.0,11.0,260.7,Retained,No Complaint
54137,0,8.0,Mobile Phone,3,35.0,E wallet,Female,4.0,5,Laptop & Accessory,3,Married,3,0,22.0,2.0,2.0,8.0,192.12,Retained,No Complaint
54138,0,10.0,Computer,3,22.0,E wallet,Male,3.0,6,Laptop & Accessory,1,Married,3,0,25.0,5.0,12.0,12.0,179.06,Retained,No Complaint
54139,0,15.0,Mobile Phone,3,10.0,Debit Card,Male,3.0,5,Laptop & Accessory,4,Married,4,0,12.0,1.0,2.0,3.0,214.38,Retained,No Complaint
54140,0,6.0,Phone,1,9.0,Cash on Delivery,Male,4.0,4,Mobile,5,Single,3,0,15.0,2.0,2.0,3.0,149.39,Retained,No Complaint
54141,0,9.0,Mobile Phone,2,33.0,Debit Card,Female,3.0,4,Fashion,1,Single,3,1,17.0,2.0,2.0,3.0,213.37,Retained,Filed Complaint
54142,0,12.0,Mobile Phone,3,17.0,Debit Card,Female,4.0,4,Laptop & Accessory,1,Married,3,0,12.0,1.0,2.0,10.0,178.43,Retained,No Complaint
54143,1,14.0,Computer,3,7.0,Debit Card,Male,4.0,4,Laptop & Accessory,3,Married,9,0,13.0,2.0,2.0,2.0,192.28,Churned,No Complaint
54144,0,10.0,Mobile Phone,3,18.0,E wallet,Female,4.0,5,Laptop & Accessory,1,Married,6,0,14.0,2.0,2.0,1.0,191.52,Retained,No Complaint
54145,0,19.0,Mobile Phone,3,27.0,Debit Card,Female,3.0,4,Laptop & Accessory,3,Single,10,0,16.0,2.0,2.0,2.0,173.5,Retained,No Complaint
54146,0,14.0,Mobile Phone,1,9.0,Debit Card,Male,3.0,5,Mobile,3,Single,4,0,15.0,1.0,3.0,3.0,153.09,Retained,No Complaint
54147,0,9.0,Computer,1,25.0,Debit Card,Male,4.0,4,Laptop & Accessory,3,Married,3,1,15.0,2.0,2.0,3.0,181.89,Retained,Filed Complaint
54148,0,14.0,Phone,1,9.0,Credit Card,Female,4.0,4,Mobile,3,Married,4,0,15.0,2.0,2.0,3.0,145.01,Retained,No Complaint
54149,0,9.0,Mobile Phone,1,7.0,Debit Card,Female,4.0,6,Mobile,1,Married,3,0,13.0,1.0,2.0,2.0,154.77,Retained,No Complaint
54150,0,3.0,Mobile Phone,1,20.0,UPI,Male,3.0,5,Laptop & Accessory,4,Married,6,1,14.0,2.0,2.0,4.0,165.25,Retained,Filed Complaint
54151,0,3.0,Mobile Phone,1,35.0,Credit Card,Female,4.0,5,Mobile,5,Single,3,0,15.0,1.0,2.0,5.0,162.85,Retained,No Complaint
54152,1,14.0,Mobile Phone,3,35.0,E wallet,Male,3.0,5,Fashion,5,Married,6,1,14.0,1.0,2.0,1.0,233.54000000000002,Churned,Filed Complaint
54153,0,13.0,Mobile Phone,3,31.0,E wallet,Female,3.0,5,Grocery,1,Married,2,0,12.0,2.0,2.0,7.0,245.31,Retained,No Complaint
54154,0,5.0,Computer,1,12.0,Credit Card,Male,4.0,4,Laptop & Accessory,5,Single,2,0,20.0,1.0,2.0,3.0,224.36,Retained,No Complaint
54155,0,1.0,Mobile Phone,3,12.0,UPI,Female,2.0,5,Mobile,3,Single,2,0,19.0,1.0,2.0,1.0,154.66,Retained,No Complaint
54156,0,10.0,Computer,1,30.0,Credit Card,Male,3.0,2,Laptop & Accessory,1,Married,6,0,18.0,1.0,2.0,4.0,150.71,Retained,No Complaint
54157,0,13.0,Mobile Phone,1,13.0,Credit Card,Male,3.0,5,Fashion,5,Married,6,0,16.0,2.0,2.0,3.0,224.91,Retained,No Complaint
54158,0,1.0,Mobile Phone,1,11.0,Debit Card,Male,3.0,2,Laptop & Accessory,4,Married,3,1,21.0,2.0,2.0,4.0,186.42,Retained,Filed Complaint
54159,0,23.0,Computer,3,9.0,Credit Card,Male,4.0,5,Laptop & Accessory,4,Married,4,0,15.0,2.0,2.0,9.0,178.9,Retained,No Complaint
54160,0,8.0,Mobile Phone,1,15.0,Credit Card,Male,3.0,2,Laptop & Accessory,3,Married,4,0,13.0,1.0,2.0,3.0,169.04,Retained,No Complaint
54161,1,5.0,Mobile Phone,3,7.0,Debit Card,Female,4.0,4,Laptop & Accessory,1,Single,10,1,12.0,1.0,2.0,6.0,184.93,Churned,Filed Complaint
54162,0,23.0,Computer,1,15.0,Debit Card,Male,4.0,5,Laptop & Accessory,4,Married,3,0,24.0,1.0,2.0,8.0,176.3,Retained,No Complaint
54163,1,1.0,Phone,1,9.0,UPI,Male,4.0,5,Mobile,3,Single,8,1,16.0,1.0,2.0,1.0,145.9,Churned,Filed Complaint
54164,0,7.0,Computer,1,10.0,Debit Card,Female,3.0,4,Mobile,3,Married,3,1,12.0,3.0,4.0,1.0,154.09,Retained,Filed Complaint
54165,0,1.0,Mobile Phone,1,9.0,Credit Card,Male,3.0,4,Mobile,4,Married,11,0,13.0,2.0,3.0,3.0,159.68,Retained,No Complaint
54166,0,6.0,Computer,1,9.0,Debit Card,Male,4.0,4,Mobile,1,Single,2,0,14.0,2.0,4.0,7.0,155.68,Retained,No Complaint
54167,0,31.0,Mobile Phone,1,10.0,Credit Card,Female,3.0,2,Mobile,5,Married,6,1,21.0,1.0,2.0,1.0,151.7,Retained,Filed Complaint
54168,0,4.0,Mobile Phone,1,31.0,Debit Card,Male,4.0,4,Mobile,3,Married,3,0,23.0,2.0,2.0,1.0,151.93,Retained,No Complaint
54169,0,12.0,Computer,1,30.0,Debit Card,Male,3.0,5,Fashion,3,Single,2,0,22.0,2.0,2.0,3.0,220.26,Retained,No Complaint
54170,0,10.0,Mobile Phone,1,34.0,Credit Card,Male,4.0,4,Laptop & Accessory,3,Married,8,0,14.0,1.0,8.0,8.0,177.37,Retained,No Complaint
54171,0,9.0,Phone,1,23.0,Credit Card,Male,3.0,2,Mobile,4,Married,2,0,14.0,2.0,2.0,4.0,149.26,Retained,No Complaint
54172,0,3.0,Mobile Phone,1,22.0,Debit Card,Female,3.0,5,Laptop & Accessory,3,Single,2,1,13.0,2.0,2.0,9.0,166.93,Retained,Filed Complaint
54173,0,5.0,Mobile Phone,1,33.0,Debit Card,Male,3.0,4,Mobile,3,Married,3,0,18.0,4.0,5.0,4.0,154.11,Retained,No Complaint
54174,0,8.0,Mobile Phone,1,26.0,Credit Card,Male,4.0,4,Mobile,1,Married,2,0,12.0,1.0,2.0,3.0,151.61,Retained,No Complaint
54175,1,1.0,Phone,1,31.0,Debit Card,Male,3.0,5,Mobile,3,Single,7,1,15.0,1.0,2.0,4.0,145.28,Churned,Filed Complaint
54176,0,3.0,Mobile Phone,1,28.0,Debit Card,Female,3.0,2,Fashion,5,Married,3,0,12.0,7.0,9.0,3.0,224.8,Retained,No Complaint
54177,0,6.0,Mobile Phone,1,12.0,Debit Card,Male,4.0,2,Mobile,4,Married,2,1,13.0,2.0,2.0,6.0,157.98,Retained,Filed Complaint
54178,0,1.0,Computer,1,23.0,Credit Card,Male,4.0,2,Mobile,1,Married,3,1,14.0,1.0,2.0,1.0,154.35,Retained,Filed Complaint
54179,0,27.0,Mobile Phone,3,9.0,Debit Card,Female,4.0,5,Grocery,1,Married,4,0,17.0,1.0,4.0,8.0,279.27,Retained,No Complaint
54180,0,12.0,Mobile Phone,1,9.0,Debit Card,Male,3.0,4,Mobile,1,Single,7,1,12.0,1.0,2.0,3.0,164.44,Retained,Filed Complaint
54181,0,1.0,Computer,1,18.0,UPI,Female,4.0,2,Laptop & Accessory,3,Married,2,0,19.0,1.0,2.0,4.0,165.11,Retained,No Complaint
54182,1,1.0,Mobile Phone,3,16.0,Debit Card,Male,3.0,5,Mobile,5,Single,9,0,24.0,1.0,2.0,4.0,159.07,Churned,No Complaint
54183,0,8.0,Mobile Phone,1,14.0,Debit Card,Female,3.0,4,Fashion,4,Single,2,0,12.0,1.0,2.0,12.0,244.94,Retained,No Complaint
54184,0,1.0,Phone,1,22.0,Debit Card,Male,4.0,4,Mobile,1,Single,3,0,15.0,2.0,2.0,1.0,137.32,Retained,No Complaint
54185,1,1.0,Mobile Phone,1,13.0,Credit Card,Male,3.0,4,Mobile,5,Single,4,0,12.0,1.0,2.0,4.0,154.6,Churned,No Complaint
54186,0,27.0,Mobile Phone,1,12.0,UPI,Female,3.0,4,Others,3,Married,6,0,15.0,2.0,5.0,9.0,315.94,Retained,No Complaint
54187,1,1.0,Computer,1,23.0,Debit Card,Female,4.0,6,Mobile,5,Single,3,1,23.0,1.0,7.0,8.0,164.19,Churned,Filed Complaint
54188,0,16.0,Mobile Phone,3,15.0,E wallet,Male,3.0,4,Laptop & Accessory,4,Married,2,0,12.0,3.0,5.0,3.0,193.25,Retained,No Complaint
54189,0,18.0,Mobile Phone,1,14.0,Credit Card,Female,3.0,5,Fashion,1,Married,5,0,15.0,1.0,6.0,3.0,227.48,Retained,No Complaint
54190,0,20.0,Mobile Phone,3,9.0,E wallet,Female,3.0,4,Others,5,Single,5,0,15.0,3.0,3.0,2.0,314.47,Retained,No Complaint
54191,0,7.0,Mobile Phone,1,9.0,Credit Card,Male,4.0,4,Mobile,1,Single,6,0,12.0,1.0,2.0,1.0,149.96,Retained,No Complaint
54192,0,18.0,Mobile Phone,1,17.0,UPI,Male,3.0,4,Laptop & Accessory,1,Married,4,1,14.0,1.0,2.0,4.0,189.65,Retained,Filed Complaint
54193,0,4.0,Phone,1,16.0,Credit Card,Male,3.0,5,Mobile,3,Single,3,0,14.0,1.0,2.0,9.0,147.06,Retained,No Complaint
54194,1,3.0,Phone,3,12.0,Cash on Delivery,Male,3.0,4,Laptop & Accessory,1,Married,5,0,15.0,1.0,2.0,1.0,145.86,Churned,No Complaint
54195,1,1.0,Phone,1,7.0,Credit Card,Male,4.0,4,Mobile,1,Married,4,1,17.0,1.0,3.0,1.0,147.93,Churned,Filed Complaint
54196,0,17.0,Mobile Phone,1,9.0,Credit Card,Female,4.0,2,Mobile,3,Married,3,0,13.0,2.0,2.0,5.0,151.45,Retained,No Complaint
54197,1,14.0,Mobile Phone,3,10.0,E wallet,Male,3.0,5,Mobile,3,Married,3,1,15.0,2.0,2.0,3.0,151.83,Churned,Filed Complaint
54198,0,9.0,Phone,3,9.0,E wallet,Female,4.0,4,Mobile,1,Married,3,0,14.0,3.0,3.0,3.0,145.14,Retained,No Complaint
54199,0,10.0,Mobile Phone,1,12.0,Debit Card,Female,3.0,5,Mobile,5,Married,11,1,15.0,2.0,2.0,1.0,159.19,Retained,Filed Complaint
54200,0,7.0,Computer,3,7.0,Debit Card,Female,3.0,2,Laptop & Accessory,5,Married,4,0,20.0,1.0,2.0,4.0,178.76,Retained,No Complaint
54201,0,9.0,Phone,1,11.0,UPI,Male,4.0,4,Mobile,1,Married,3,0,13.0,2.0,2.0,1.0,144.51,Retained,No Complaint
54202,0,1.0,Phone,1,9.0,Debit Card,Female,3.0,4,Mobile,5,Married,3,0,14.0,2.0,2.0,1.0,148.41,Retained,No Complaint
54203,1,1.0,Phone,1,32.0,Debit Card,Male,3.0,6,Mobile,3,Single,3,0,13.0,1.0,2.0,2.0,147.93,Churned,No Complaint
54204,0,1.0,Computer,3,15.0,Debit Card,Male,3.0,4,Fashion,3,Single,3,0,16.0,2.0,2.0,3.0,212.26,Retained,No Complaint
54205,0,4.0,Computer,1,7.0,Credit Card,Female,3.0,4,Laptop & Accessory,1,Single,3,0,24.0,2.0,4.0,8.0,165.11,Retained,No Complaint
54206,1,5.0,Mobile Phone,1,19.0,Cash on Delivery,Female,3.0,4,Others,3,Married,3,0,15.0,2.0,16.0,9.0,320.45,Churned,No Complaint
54207,0,8.0,Computer,3,30.0,E wallet,Male,4.0,4,Laptop & Accessory,3,Single,2,0,21.0,1.0,9.0,8.0,170.68,Retained,No Complaint
54208,0,11.0,Mobile Phone,1,26.0,Debit Card,Male,4.0,4,Mobile,4,Married,6,0,22.0,1.0,2.0,1.0,155.22,Retained,No Complaint
54209,0,20.0,Computer,3,12.0,E wallet,Male,4.0,4,Laptop & Accessory,1,Single,6,1,22.0,2.0,2.0,9.0,182.72,Retained,Filed Complaint
54210,0,9.0,Phone,1,15.0,Debit Card,Male,3.0,2,Mobile,1,Married,3,0,20.0,2.0,2.0,2.0,147.69,Retained,No Complaint
54211,1,12.0,Mobile Phone,1,7.0,Debit Card,Male,4.0,5,Fashion,3,Single,11,1,14.0,1.0,2.0,1.0,178.81,Churned,Filed Complaint
54212,1,1.0,Mobile Phone,1,12.0,Cash on Delivery,Male,3.0,4,Mobile,3,Single,3,1,14.0,1.0,3.0,3.0,159.41,Churned,Filed Complaint
54213,0,18.0,Mobile Phone,3,7.0,E wallet,Female,4.0,4,Laptop & Accessory,5,Married,7,1,22.0,2.0,2.0,4.0,179.54,Retained,Filed Complaint
54214,0,9.0,Computer,1,18.0,Credit Card,Male,4.0,5,Fashion,5,Married,4,1,14.0,2.0,3.0,3.0,223.84,Retained,Filed Complaint
54215,0,1.0,Mobile Phone,3,30.0,E wallet,Female,3.0,5,Laptop & Accessory,1,Married,9,1,20.0,1.0,2.0,1.0,166.57,Retained,Filed Complaint
54216,0,7.0,Computer,1,30.0,Debit Card,Female,4.0,4,Fashion,1,Single,3,1,13.0,4.0,2.0,13.0,259.58,Retained,Filed Complaint
54217,0,9.0,Computer,3,6.0,Debit Card,Male,4.0,4,Fashion,5,Married,3,0,23.0,1.0,2.0,3.0,215.69,Retained,No Complaint
54218,0,9.0,Mobile Phone,1,30.0,Credit Card,Female,2.0,4,Mobile,5,Married,5,1,16.0,1.0,3.0,3.0,165.14,Retained,Filed Complaint
54219,0,5.0,Mobile Phone,1,14.0,Debit Card,Male,3.0,4,Laptop & Accessory,1,Married,5,0,23.0,1.0,2.0,8.0,184.15,Retained,No Complaint
54220,0,11.0,Mobile Phone,1,7.0,Debit Card,Male,3.0,5,Laptop & Accessory,3,Married,3,0,19.0,1.0,2.0,8.0,184.93,Retained,No Complaint
54221,0,6.0,Mobile Phone,1,7.0,Credit Card,Male,3.0,4,Laptop & Accessory,1,Married,3,1,23.0,6.0,8.0,9.0,186.62,Retained,Filed Complaint
54222,0,12.0,Computer,1,36.0,Debit Card,Female,3.0,4,Laptop & Accessory,1,Single,3,0,12.0,7.0,10.0,10.0,149.06,Retained,No Complaint
54223,0,24.0,Mobile Phone,1,14.0,Credit Card,Female,3.0,5,Others,3,Married,7,1,15.0,5.0,14.0,9.0,312.4,Retained,Filed Complaint
54224,0,31.0,Mobile Phone,3,32.0,Debit Card,Female,5.0,4,Fashion,5,Single,9,0,12.0,7.0,8.0,10.0,201.37,Retained,No Complaint
54225,0,10.0,Mobile Phone,1,15.0,Cash on Delivery,Female,3.0,4,Fashion,3,Married,3,0,14.0,8.0,13.0,3.0,225.96,Retained,No Complaint
54226,0,29.0,Mobile Phone,1,15.0,Credit Card,Female,3.0,4,Grocery,3,Married,4,1,15.0,1.0,2.0,3.0,272.56,Retained,Filed Complaint
54227,0,10.0,Computer,1,18.0,Debit Card,Male,4.0,5,Laptop & Accessory,4,Single,3,0,14.0,2.0,2.0,4.0,189.99,Retained,No Complaint
54228,0,19.0,Mobile Phone,1,14.0,Debit Card,Male,3.0,4,Fashion,5,Married,4,0,18.0,1.0,2.0,3.0,222.24,Retained,No Complaint
54229,0,9.0,Computer,1,7.0,Credit Card,Male,4.0,4,Mobile,5,Married,6,0,14.0,1.0,2.0,3.0,146.94,Retained,No Complaint
54230,1,1.0,Mobile Phone,1,16.0,Credit Card,Male,4.0,5,Mobile,3,Married,2,1,18.0,2.0,2.0,1.0,158.88,Churned,Filed Complaint
54231,0,31.0,Computer,3,7.0,Debit Card,Female,3.0,5,Laptop & Accessory,3,Single,9,0,12.0,2.0,2.0,4.0,179.73,Retained,No Complaint
54232,0,3.0,Mobile Phone,1,9.0,Debit Card,Male,4.0,4,Mobile,4,Married,2,0,24.0,2.0,2.0,5.0,152.03,Retained,No Complaint
54233,0,5.0,Mobile Phone,1,7.0,Credit Card,Male,3.0,4,Mobile,4,Single,3,0,18.0,2.0,2.0,1.0,150.01,Retained,No Complaint
54234,0,6.0,Mobile Phone,1,7.0,Debit Card,Male,4.0,4,Laptop & Accessory,4,Married,3,0,18.0,2.0,2.0,10.0,187.2,Retained,No Complaint
54235,0,10.0,Mobile Phone,1,13.0,Debit Card,Female,3.0,2,Mobile,1,Married,5,0,13.0,1.0,2.0,1.0,155.38,Retained,No Complaint
54236,0,5.0,Mobile Phone,1,15.0,Debit Card,Female,4.0,4,Laptop & Accessory,1,Single,3,0,24.0,2.0,2.0,9.0,169.24,Retained,No Complaint
54237,0,9.0,Mobile Phone,3,7.0,E wallet,Male,3.0,5,Laptop & Accessory,5,Single,2,0,15.0,2.0,3.0,9.0,168.12,Retained,No Complaint
54238,0,19.0,Mobile Phone,1,13.0,UPI,Male,3.0,4,Fashion,5,Married,6,1,15.0,2.0,2.0,1.0,257.45,Retained,Filed Complaint
54239,0,11.0,Mobile Phone,1,14.0,Credit Card,Male,2.0,4,Fashion,3,Single,6,0,14.0,1.0,2.0,3.0,261.64,Retained,No Complaint
54240,0,20.0,Mobile Phone,2,12.0,Credit Card,Male,4.0,4,Laptop & Accessory,4,Married,3,1,23.0,2.0,2.0,3.0,175.21,Retained,Filed Complaint
54241,0,4.0,Mobile Phone,1,7.0,Debit Card,Male,3.0,5,Laptop & Accessory,1,Married,3,1,13.0,2.0,4.0,1.0,176.26,Retained,Filed Complaint
54242,0,9.0,Mobile Phone,1,7.0,Credit Card,Male,2.0,5,Mobile,3,Single,3,0,19.0,2.0,2.0,5.0,153.59,Retained,No Complaint
54243,0,29.0,Mobile Phone,3,7.0,Debit Card,Male,4.0,4,Fashion,1,Married,5,0,15.0,1.0,2.0,3.0,227.39,Retained,No Complaint
54244,0,12.0,Computer,1,13.0,Credit Card,Female,4.0,6,Laptop & Accessory,1,Married,9,1,13.0,1.0,2.0,10.0,178.29,Retained,Filed Complaint
54245,0,8.0,Mobile Phone,1,7.0,Credit Card,Male,4.0,4,Laptop & Accessory,4,Married,3,0,16.0,2.0,2.0,4.0,168.25,Retained,No Complaint
54246,0,30.0,Mobile Phone,1,14.0,Debit Card,Male,3.0,6,Fashion,1,Single,6,0,12.0,1.0,2.0,3.0,197.6,Retained,No Complaint
54247,0,1.0,Phone,3,9.0,Cash on Delivery,Male,4.0,4,Mobile,5,Married,5,0,14.0,2.0,2.0,1.0,148.22,Retained,No Complaint
54248,0,25.0,Phone,1,16.0,Debit Card,Male,4.0,4,Mobile,1,Married,5,0,24.0,2.0,2.0,4.0,145.75,Retained,No Complaint
54249,0,4.0,Mobile Phone,1,9.0,Debit Card,Male,5.0,5,Laptop & Accessory,1,Married,3,0,20.0,4.0,11.0,9.0,166.52,Retained,No Complaint
54250,1,10.0,Mobile Phone,3,16.0,Credit Card,Male,4.0,5,Fashion,1,Single,3,0,17.0,4.0,5.0,3.0,221.19,Churned,No Complaint
54251,0,14.0,Computer,1,7.0,Debit Card,Male,4.0,5,Grocery,4,Married,3,0,23.0,6.0,2.0,12.0,260.03,Retained,No Complaint
54252,0,25.0,Mobile Phone,3,28.0,E wallet,Male,4.0,4,Laptop & Accessory,1,Single,2,1,23.0,1.0,2.0,1.0,179.41,Retained,Filed Complaint
54253,0,4.0,Mobile Phone,3,11.0,Credit Card,Female,4.0,5,Laptop & Accessory,4,Married,3,1,13.0,3.0,3.0,8.0,177.09,Retained,Filed Complaint
54254,0,20.0,Computer,1,7.0,Credit Card,Male,3.0,5,Fashion,5,Married,4,1,14.0,5.0,2.0,6.0,231.73000000000002,Retained,Filed Complaint
54255,0,6.0,Mobile Phone,3,13.0,Credit Card,Male,3.0,4,Laptop & Accessory,3,Single,3,0,17.0,6.0,6.0,8.0,175.1,Retained,No Complaint
54256,0,28.0,Mobile Phone,1,9.0,Cash on Delivery,Female,3.0,4,Fashion,3,Married,11,0,13.0,1.0,2.0,4.0,260.49,Retained,No Complaint
54257,0,1.0,Mobile Phone,3,10.0,UPI,Female,3.0,4,Laptop & Accessory,3,Married,2,0,22.0,1.0,2.0,3.0,174.99,Retained,No Complaint
54258,0,2.0,Computer,3,11.0,Credit Card,Male,3.0,4,Laptop & Accessory,3,Married,3,0,16.0,1.0,2.0,5.0,167.21,Retained,No Complaint
54259,0,31.0,Mobile Phone,3,17.0,Credit Card,Male,3.0,4,Grocery,3,Single,2,0,14.0,1.0,2.0,9.0,263.72,Retained,No Complaint
54260,0,18.0,Computer,1,30.0,Credit Card,Male,4.0,4,Laptop & Accessory,4,Married,6,0,13.0,1.0,2.0,3.0,145.42,Retained,No Complaint
54261,1,1.0,Phone,2,13.0,UPI,Male,4.0,4,Mobile,5,Married,6,1,23.0,1.0,2.0,3.0,145.73,Churned,Filed Complaint
54262,0,6.0,Mobile Phone,1,7.0,Debit Card,Male,4.0,4,Mobile,5,Single,3,0,14.0,1.0,2.0,1.0,154.56,Retained,No Complaint
54263,1,1.0,Computer,1,13.0,Debit Card,Female,4.0,5,Mobile,1,Single,3,1,19.0,1.0,2.0,1.0,154.26,Churned,Filed Complaint
54264,0,8.0,Mobile Phone,1,13.0,UPI,Female,3.0,4,Laptop & Accessory,3,Single,3,0,15.0,1.0,3.0,11.0,173.09,Retained,No Complaint
54265,0,11.0,Computer,1,9.0,Debit Card,Male,4.0,5,Laptop & Accessory,1,Married,7,0,15.0,2.0,2.0,1.0,176.63,Retained,No Complaint
54266,0,31.0,Computer,2,9.0,UPI,Female,3.0,5,Others,1,Married,11,0,15.0,1.0,3.0,3.0,313.44,Retained,No Complaint
54267,0,24.0,Computer,1,7.0,Debit Card,Female,4.0,4,Others,4,Married,5,1,15.0,1.0,2.0,8.0,306.72,Retained,Filed Complaint
54268,1,1.0,Mobile Phone,3,12.0,E wallet,Male,3.0,5,Laptop & Accessory,3,Single,3,1,12.0,1.0,2.0,4.0,182.44,Churned,Filed Complaint
54269,0,1.0,Mobile Phone,1,14.0,Credit Card,Male,4.0,5,Mobile,1,Married,3,0,12.0,1.0,3.0,2.0,153.89,Retained,No Complaint
54270,0,1.0,Mobile Phone,1,22.0,Credit Card,Female,3.0,4,Mobile,1,Single,3,0,16.0,2.0,2.0,1.0,153.71,Retained,No Complaint
54271,0,25.0,Computer,1,7.0,Credit Card,Female,2.0,5,Fashion,5,Single,5,0,21.0,5.0,13.0,9.0,199.84,Retained,No Complaint
54272,1,1.0,Computer,1,14.0,Debit Card,Male,4.0,6,Laptop & Accessory,3,Single,3,1,25.0,2.0,2.0,7.0,185.74,Churned,Filed Complaint
54273,0,28.0,Computer,2,33.0,UPI,Female,2.0,2,Grocery,1,Single,4,1,15.0,3.0,5.0,5.0,298.28,Retained,Filed Complaint
54274,0,1.0,Mobile Phone,1,25.0,Debit Card,Male,3.0,4,Mobile,3,Married,2,0,13.0,1.0,2.0,3.0,152.74,Retained,No Complaint
54275,0,8.0,Mobile Phone,1,13.0,Debit Card,Female,3.0,5,Laptop & Accessory,4,Married,8,0,16.0,2.0,2.0,1.0,170.05,Retained,No Complaint
54276,0,11.0,Mobile Phone,3,10.0,Debit Card,Male,3.0,4,Fashion,1,Single,4,0,13.0,1.0,2.0,4.0,199.28,Retained,No Complaint
54277,0,8.0,Mobile Phone,1,12.0,Credit Card,Female,3.0,5,Fashion,5,Single,4,0,13.0,3.0,2.0,9.0,241.31,Retained,No Complaint
54278,0,10.0,Computer,3,18.0,Cash on Delivery,Female,4.0,4,Fashion,1,Married,2,0,15.0,1.0,3.0,3.0,222.38,Retained,No Complaint
54279,0,10.0,Mobile Phone,1,10.0,Debit Card,Female,3.0,4,Mobile,1,Married,7,0,23.0,1.0,2.0,1.0,153.35,Retained,No Complaint
54280,0,17.0,Computer,3,33.0,Debit Card,Male,4.0,4,Grocery,1,Married,3,1,15.0,2.0,5.0,13.0,294.59,Retained,Filed Complaint
54281,0,4.0,Computer,1,30.0,Debit Card,Male,4.0,6,Mobile,3,Married,3,0,26.0,1.0,2.0,10.0,151.13,Retained,No Complaint
54282,0,7.0,Computer,3,29.0,E wallet,Male,4.0,4,Laptop & Accessory,4,Married,2,0,14.0,1.0,2.0,8.0,186.46,Retained,No Complaint
54283,1,20.0,Mobile Phone,1,21.0,Debit Card,Female,4.0,4,Mobile,4,Married,11,1,19.0,4.0,5.0,4.0,174.63,Churned,Filed Complaint
54284,0,25.0,Mobile Phone,1,13.0,Debit Card,Male,3.0,4,Others,3,Single,9,0,15.0,9.0,16.0,16.0,320.37,Retained,No Complaint
54285,1,1.0,Mobile Phone,3,13.0,Debit Card,Male,4.0,6,Laptop & Accessory,3,Married,6,1,19.0,1.0,8.0,8.0,186.72,Churned,Filed Complaint
54286,0,1.0,Phone,1,13.0,UPI,Female,3.0,5,Mobile,4,Married,3,0,20.0,3.0,5.0,4.0,148.68,Retained,No Complaint
54287,1,21.0,Mobile Phone,1,30.0,Credit Card,Female,4.0,4,Fashion,1,Married,3,0,13.0,8.0,16.0,3.0,228.12,Churned,No Complaint
54288,1,1.0,Phone,3,29.0,E wallet,Male,3.0,4,Mobile,3,Single,3,1,20.0,2.0,2.0,1.0,141.75,Churned,Filed Complaint
54289,0,1.0,Mobile Phone,1,9.0,Cash on Delivery,Male,4.0,4,Mobile,1,Married,2,0,15.0,3.0,3.0,2.0,150.23,Retained,No Complaint
54290,0,23.0,Mobile Phone,1,27.0,Credit Card,Female,4.0,4,Laptop & Accessory,5,Married,3,0,15.0,6.0,6.0,12.0,190.67,Retained,No Complaint
54291,0,17.0,Computer,1,35.0,Credit Card,Female,4.0,2,Mobile,3,Single,6,0,13.0,1.0,2.0,3.0,172.39,Retained,No Complaint
54292,0,24.0,Computer,3,19.0,E wallet,Female,4.0,4,Fashion,1,Single,6,0,12.0,2.0,3.0,3.0,217.08,Retained,No Complaint
54293,1,1.0,Mobile Phone,3,27.0,Debit Card,Female,4.0,6,Laptop & Accessory,3,Married,5,1,12.0,1.0,3.0,3.0,170.59,Churned,Filed Complaint
54294,0,15.0,Mobile Phone,3,16.0,Debit Card,Male,4.0,4,Fashion,3,Married,5,1,14.0,1.0,2.0,8.0,206.89,Retained,Filed Complaint
54295,0,1.0,Mobile Phone,2,32.0,Debit Card,Female,4.0,4,Mobile,3,Married,3,0,24.0,3.0,6.0,8.0,154.42,Retained,No Complaint
54296,0,10.0,Mobile Phone,1,13.0,Credit Card,Male,3.0,4,Laptop & Accessory,4,Married,8,0,21.0,1.0,2.0,2.0,174.41,Retained,No Complaint
54297,1,15.0,Computer,1,15.0,Debit Card,Male,3.0,6,Fashion,1,Single,4,0,16.0,2.0,2.0,4.0,231.5,Churned,No Complaint
54298,0,13.0,Mobile Phone,3,11.0,Debit Card,Female,3.0,5,Laptop & Accessory,3,Married,6,0,15.0,6.0,6.0,10.0,184.02,Retained,No Complaint
54299,0,1.0,Mobile Phone,3,35.0,Debit Card,Male,3.0,5,Laptop & Accessory,3,Married,4,0,19.0,2.0,3.0,3.0,211.39,Retained,No Complaint
54300,0,4.0,Mobile Phone,2,16.0,UPI,Male,3.0,4,Laptop & Accessory,1,Married,2,1,20.0,5.0,5.0,8.0,188.47,Retained,Filed Complaint
54301,1,1.0,Mobile Phone,1,16.0,Credit Card,Female,3.0,4,Mobile,5,Single,9,0,23.0,2.0,2.0,5.0,167.0,Churned,No Complaint
54302,0,19.0,Mobile Phone,1,36.0,Credit Card,Male,3.0,4,Mobile,1,Single,7,0,14.0,2.0,2.0,4.0,159.52,Retained,No Complaint
54303,0,12.0,Mobile Phone,1,10.0,Cash on Delivery,Female,3.0,4,Laptop & Accessory,3,Single,5,1,21.0,3.0,3.0,3.0,168.17,Retained,Filed Complaint
54304,0,4.0,Mobile Phone,1,25.0,Debit Card,Female,4.0,4,Mobile,3,Single,3,0,15.0,2.0,2.0,5.0,151.32,Retained,No Complaint
54305,0,6.0,Computer,3,16.0,Credit Card,Male,3.0,6,Laptop & Accessory,1,Married,2,0,18.0,1.0,2.0,8.0,171.68,Retained,No Complaint
54306,0,4.0,Mobile Phone,1,12.0,Cash on Delivery,Female,3.0,4,Mobile,5,Married,7,0,15.0,1.0,3.0,31.0,157.04,Retained,No Complaint
54307,0,4.0,Mobile Phone,1,9.0,Credit Card,Male,3.0,5,Mobile,1,Single,2,0,14.0,1.0,2.0,3.0,152.2,Retained,No Complaint
54308,0,15.0,Computer,1,17.0,Debit Card,Male,4.0,5,Grocery,5,Married,6,0,15.0,3.0,8.0,8.0,296.81,Retained,No Complaint
54309,0,15.0,Phone,1,16.0,Debit Card,Male,4.0,4,Mobile,5,Married,4,0,22.0,1.0,2.0,5.0,147.38,Retained,No Complaint
54310,0,1.0,Phone,1,10.0,Credit Card,Female,4.0,4,Mobile,4,Single,3,0,15.0,2.0,2.0,1.0,139.83,Retained,No Complaint
54311,0,14.0,Computer,1,33.0,Credit Card,Female,3.0,4,Laptop & Accessory,4,Married,3,0,12.0,1.0,3.0,14.0,181.05,Retained,No Complaint
54312,0,9.0,Mobile Phone,3,7.0,E wallet,Male,4.0,4,Fashion,4,Married,3,0,14.0,1.0,2.0,7.0,197.95,Retained,No Complaint
54313,0,27.0,Phone,3,13.0,E wallet,Male,3.0,4,Laptop & Accessory,3,Married,4,1,21.0,1.0,5.0,6.0,148.06,Retained,Filed Complaint
54314,0,19.0,Phone,1,16.0,Debit Card,Male,3.0,4,Laptop & Accessory,4,Married,10,0,19.0,2.0,2.0,16.0,148.48,Retained,No Complaint
54315,0,6.0,Computer,3,15.0,E wallet,Female,3.0,4,Fashion,1,Single,3,0,15.0,3.0,4.0,3.0,214.98,Retained,No Complaint
54316,0,3.0,Computer,1,7.0,Cash on Delivery,Male,3.0,4,Laptop & Accessory,3,Married,3,0,14.0,1.0,2.0,10.0,168.19,Retained,No Complaint
54317,0,25.0,Mobile Phone,1,14.0,Credit Card,Male,3.0,5,Laptop & Accessory,3,Married,4,0,18.0,2.0,2.0,1.0,186.32,Retained,No Complaint
54318,0,31.0,Mobile Phone,1,16.0,Credit Card,Female,4.0,5,Mobile,4,Married,6,1,21.0,2.0,2.0,1.0,158.46,Retained,Filed Complaint
54319,0,14.0,Mobile Phone,3,11.0,E wallet,Male,4.0,5,Fashion,1,Married,9,0,12.0,2.0,2.0,12.0,233.55,Retained,No Complaint
54320,0,8.0,Computer,3,9.0,E wallet,Female,4.0,4,Mobile,3,Married,8,0,19.0,1.0,2.0,3.0,147.31,Retained,No Complaint
54321,0,1.0,Phone,1,26.0,Credit Card,Male,4.0,4,Mobile,1,Married,3,0,25.0,3.0,3.0,3.0,148.23,Retained,No Complaint
54322,0,1.0,Computer,1,16.0,Credit Card,Male,3.0,4,Mobile,4,Married,8,0,19.0,3.0,3.0,3.0,145.24,Retained,No Complaint
54323,0,2.0,Mobile Phone,1,28.0,Credit Card,Male,3.0,4,Mobile,1,Married,3,0,12.0,1.0,2.0,3.0,152.13,Retained,No Complaint
54324,0,31.0,Mobile Phone,1,31.0,Debit Card,Male,3.0,2,Fashion,1,Married,5,1,17.0,2.0,2.0,3.0,219.39,Retained,Filed Complaint
54325,0,1.0,Computer,1,10.0,Credit Card,Male,4.0,5,Mobile,3,Married,3,1,16.0,1.0,2.0,2.0,150.66,Retained,Filed Complaint
54326,0,24.0,Mobile Phone,1,18.0,Debit Card,Female,3.0,4,Others,4,Single,5,0,16.0,1.0,5.0,5.0,324.26,Retained,No Complaint
54327,0,15.0,Mobile Phone,1,21.0,Debit Card,Male,3.0,4,Mobile,3,Married,6,0,13.0,2.0,2.0,9.0,149.51,Retained,No Complaint
54328,0,4.0,Mobile Phone,3,12.0,Debit Card,Female,3.0,4,Fashion,1,Married,4,0,13.0,2.0,8.0,3.0,219.19,Retained,No Complaint
54329,0,12.0,Mobile Phone,3,7.0,Debit Card,Female,3.0,5,Laptop & Accessory,1,Single,6,0,23.0,1.0,2.0,3.0,211.86,Retained,No Complaint
54330,0,6.0,Mobile Phone,1,13.0,Debit Card,Male,3.0,4,Mobile,3,Single,5,0,21.0,1.0,2.0,5.0,155.38,Retained,No Complaint
54331,0,1.0,Mobile Phone,1,24.0,Cash on Delivery,Male,3.0,4,Mobile,4,Married,2,1,17.0,1.0,2.0,2.0,155.58,Retained,Filed Complaint
54332,1,1.0,Computer,3,7.0,Cash on Delivery,Female,4.0,6,Mobile,5,Single,2,0,22.0,2.0,2.0,1.0,148.25,Churned,No Complaint
54333,0,10.0,Computer,1,10.0,Credit Card,Male,2.0,4,Mobile,4,Single,6,0,13.0,3.0,8.0,3.0,145.88,Retained,No Complaint
54334,0,4.0,Computer,1,16.0,Credit Card,Male,4.0,4,Laptop & Accessory,5,Married,3,0,12.0,6.0,7.0,11.0,155.72,Retained,No Complaint
54335,0,19.0,Mobile Phone,3,11.0,Debit Card,Female,2.0,4,Laptop & Accessory,5,Married,6,1,12.0,1.0,2.0,4.0,175.06,Retained,Filed Complaint
54336,0,30.0,Mobile Phone,1,15.0,Debit Card,Female,4.0,4,Mobile,5,Married,6,1,19.0,3.0,3.0,3.0,167.57,Retained,Filed Complaint
54337,0,7.0,Mobile Phone,1,9.0,Debit Card,Male,3.0,4,Mobile,1,Single,2,0,15.0,2.0,2.0,3.0,150.0,Retained,No Complaint
54338,1,1.0,Phone,1,9.0,Debit Card,Male,3.0,5,Mobile,1,Single,3,0,23.0,2.0,2.0,1.0,136.02,Churned,No Complaint
54339,0,20.0,Mobile Phone,3,7.0,E wallet,Female,4.0,4,Fashion,5,Married,3,0,26.0,9.0,16.0,3.0,229.53,Retained,No Complaint
54340,0,12.0,Phone,1,16.0,Debit Card,Female,4.0,4,Mobile,1,Single,3,0,13.0,2.0,3.0,2.0,147.88,Retained,No Complaint
54341,0,5.0,Mobile Phone,1,19.0,Credit Card,Female,4.0,4,Mobile,1,Married,10,1,24.0,2.0,2.0,3.0,164.29,Retained,Filed Complaint
54342,0,8.0,Phone,1,34.0,Credit Card,Female,4.0,4,Mobile,4,Single,4,0,16.0,1.0,2.0,3.0,148.11,Retained,No Complaint
54343,1,5.0,Mobile Phone,3,27.0,E wallet,Female,4.0,4,Mobile,4,Single,3,1,23.0,1.0,2.0,3.0,156.4,Churned,Filed Complaint
54344,0,24.0,Mobile Phone,1,7.0,Credit Card,Male,3.0,5,Mobile,3,Married,4,0,16.0,2.0,2.0,3.0,161.9,Retained,No Complaint
54345,0,27.0,Mobile Phone,1,20.0,Credit Card,Female,3.0,2,Laptop & Accessory,5,Married,3,0,12.0,2.0,2.0,4.0,169.5,Retained,No Complaint
54346,0,7.0,Mobile Phone,1,21.0,Credit Card,Female,4.0,4,Mobile,4,Married,3,0,14.0,2.0,2.0,7.0,152.56,Retained,No Complaint
54347,0,14.0,Mobile Phone,1,11.0,Credit Card,Female,3.0,4,Others,3,Married,3,0,15.0,2.0,10.0,10.0,315.33,Retained,No Complaint
54348,0,29.0,Mobile Phone,1,21.0,Credit Card,Male,4.0,2,Others,4,Single,10,0,15.0,3.0,3.0,16.0,312.22,Retained,No Complaint
54349,0,8.0,Computer,1,9.0,Debit Card,Male,3.0,5,Laptop & Accessory,3,Married,3,0,18.0,1.0,2.0,3.0,220.47,Retained,No Complaint
54350,0,25.0,Mobile Phone,1,10.0,Credit Card,Female,4.0,4,Grocery,4,Single,5,0,19.0,1.0,2.0,1.0,262.34,Retained,No Complaint
54351,0,26.0,Mobile Phone,1,7.0,Debit Card,Male,4.0,5,Others,3,Married,2,0,15.0,8.0,12.0,10.0,324.99,Retained,No Complaint
54352,0,1.0,Phone,1,16.0,Credit Card,Female,5.0,4,Mobile,4,Single,3,0,17.0,1.0,2.0,4.0,147.79,Retained,No Complaint
54353,1,1.0,Mobile Phone,1,30.0,Debit Card,Male,3.0,5,Laptop & Accessory,3,Married,5,1,14.0,2.0,2.0,2.0,184.16,Churned,Filed Complaint
54354,0,17.0,Computer,1,14.0,Credit Card,Male,3.0,2,Mobile,1,Married,6,0,15.0,2.0,3.0,3.0,145.89,Retained,No Complaint
54355,0,19.0,Computer,1,9.0,Credit Card,Male,4.0,5,Grocery,1,Married,11,0,15.0,2.0,12.0,9.0,292.92,Retained,No Complaint
54356,0,11.0,Mobile Phone,1,28.0,Debit Card,Male,4.0,2,Mobile,5,Married,3,1,13.0,2.0,2.0,8.0,160.64,Retained,Filed Complaint
54357,0,9.0,Computer,1,9.0,Credit Card,Female,3.0,4,Laptop & Accessory,4,Single,7,0,12.0,1.0,2.0,3.0,169.25,Retained,No Complaint
54358,0,16.0,Computer,1,28.0,Credit Card,Female,3.0,4,Laptop & Accessory,3,Married,4,0,17.0,1.0,2.0,3.0,177.65,Retained,No Complaint
54359,0,12.0,Mobile Phone,1,9.0,Debit Card,Male,3.0,4,Laptop & Accessory,3,Married,11,0,15.0,2.0,2.0,1.0,190.53,Retained,No Complaint
54360,0,12.0,Mobile Phone,1,36.0,Cash on Delivery,Male,3.0,4,Laptop & Accessory,1,Married,5,0,19.0,1.0,2.0,8.0,187.61,Retained,No Complaint
54361,0,1.0,Computer,1,7.0,Cash on Delivery,Male,3.0,5,Laptop & Accessory,5,Married,7,0,20.0,3.0,3.0,1.0,167.98,Retained,No Complaint
54362,0,23.0,Computer,1,25.0,Debit Card,Male,4.0,4,Laptop & Accessory,1,Married,3,1,16.0,1.0,2.0,8.0,193.04,Retained,Filed Complaint
54363,0,8.0,Computer,1,17.0,Credit Card,Male,3.0,4,Mobile,3,Married,3,1,18.0,3.0,3.0,1.0,163.15,Retained,Filed Complaint
54364,0,14.0,Mobile Phone,1,26.0,Credit Card,Male,2.0,4,Laptop & Accessory,1,Married,10,1,16.0,4.0,4.0,8.0,152.41,Retained,Filed Complaint
54365,1,2.0,Mobile Phone,1,36.0,Credit Card,Male,4.0,4,Laptop & Accessory,5,Married,9,1,20.0,2.0,2.0,1.0,191.73,Churned,Filed Complaint
54366,1,1.0,Mobile Phone,3,34.0,E wallet,Female,3.0,4,Fashion,1,Married,3,0,23.0,1.0,2.0,10.0,201.39,Churned,No Complaint
54367,0,1.0,Phone,1,12.0,Debit Card,Male,3.0,2,Mobile,4,Married,3,1,17.0,3.0,3.0,3.0,148.28,Retained,Filed Complaint
54368,0,10.0,Computer,1,25.0,Credit Card,Female,4.0,4,Mobile,1,Single,3,0,14.0,1.0,2.0,8.0,146.53,Retained,No Complaint
54369,0,14.0,Computer,1,16.0,Debit Card,Male,4.0,5,Laptop & Accessory,1,Married,11,0,15.0,1.0,2.0,3.0,173.76,Retained,No Complaint
54370,0,20.0,Mobile Phone,1,7.0,Credit Card,Male,4.0,4,Fashion,5,Married,9,0,17.0,1.0,2.0,3.0,218.96,Retained,No Complaint
54371,1,1.0,Mobile Phone,3,11.0,Credit Card,Male,3.0,6,Fashion,1,Married,3,0,12.0,7.0,10.0,3.0,229.0,Churned,No Complaint
54372,0,4.0,Computer,1,7.0,Debit Card,Male,3.0,5,Fashion,3,Single,3,0,23.0,5.0,6.0,3.0,209.74,Retained,No Complaint
54373,0,1.0,Computer,3,27.0,Debit Card,Female,3.0,4,Laptop & Accessory,3,Single,3,0,15.0,2.0,2.0,3.0,224.81,Retained,No Complaint
54374,0,25.0,Mobile Phone,1,15.0,Debit Card,Male,3.0,5,Fashion,4,Married,7,0,17.0,3.0,2.0,8.0,249.89999999999998,Retained,No Complaint
54375,1,1.0,Mobile Phone,1,10.0,Cash on Delivery,Female,3.0,4,Mobile,5,Single,7,1,12.0,1.0,2.0,5.0,151.57,Churned,Filed Complaint
54376,0,15.0,Mobile Phone,3,13.0,Debit Card,Female,4.0,4,Fashion,1,Single,5,1,19.0,1.0,2.0,1.0,260.91,Retained,Filed Complaint
54377,1,1.0,Computer,3,33.0,E wallet,Female,3.0,5,Laptop & Accessory,5,Single,7,0,16.0,2.0,2.0,2.0,191.96,Churned,No Complaint
54378,1,1.0,Phone,1,7.0,Cash on Delivery,Male,3.0,4,Mobile,3,Single,2,0,15.0,1.0,2.0,6.0,145.58,Churned,No Complaint
54379,0,19.0,Computer,3,13.0,Credit Card,Female,3.0,5,Fashion,1,Single,8,0,13.0,6.0,13.0,3.0,213.65,Retained,No Complaint
54380,0,28.0,Mobile Phone,3,10.0,E wallet,Female,3.0,4,Laptop & Accessory,5,Married,4,0,15.0,2.0,2.0,6.0,184.4,Retained,No Complaint
54381,0,10.0,Mobile Phone,1,12.0,Debit Card,Male,4.0,4,Laptop & Accessory,4,Single,10,0,17.0,3.0,4.0,8.0,184.14,Retained,No Complaint
54382,0,7.0,Mobile Phone,1,11.0,Credit Card,Female,3.0,5,Mobile,4,Married,8,0,22.0,1.0,2.0,2.0,151.22,Retained,No Complaint
54383,0,11.0,Computer,1,18.0,UPI,Male,3.0,4,Fashion,1,Married,3,1,15.0,2.0,2.0,8.0,246.85000000000002,Retained,Filed Complaint
54384,0,12.0,Mobile Phone,3,10.0,Debit Card,Male,4.0,4,Fashion,3,Married,2,0,13.0,2.0,6.0,3.0,231.08999999999997,Retained,No Complaint
54385,0,5.0,Computer,1,7.0,Credit Card,Male,3.0,6,Laptop & Accessory,3,Married,2,0,13.0,1.0,2.0,5.0,168.45,Retained,No Complaint
54386,0,31.0,Phone,1,10.0,Debit Card,Male,4.0,5,Mobile,1,Married,5,0,18.0,1.0,2.0,1.0,146.77,Retained,No Complaint
54387,0,11.0,Computer,3,11.0,E wallet,Male,3.0,4,Mobile,1,Married,6,0,18.0,4.0,6.0,9.0,152.93,Retained,No Complaint
54388,0,3.0,Computer,3,7.0,Credit Card,Female,3.0,4,Fashion,1,Married,3,0,15.0,5.0,5.0,2.0,204.18,Retained,No Complaint
54389,0,9.0,Computer,3,7.0,E wallet,Female,4.0,4,Fashion,3,Single,3,0,15.0,2.0,2.0,3.0,212.89,Retained,No Complaint
54390,1,1.0,Phone,1,25.0,Credit Card,Male,3.0,5,Mobile,1,Single,3,1,14.0,1.0,2.0,2.0,148.89,Churned,Filed Complaint
54391,0,26.0,Mobile Phone,1,9.0,Debit Card,Female,3.0,5,Mobile,1,Single,9,0,16.0,3.0,3.0,3.0,157.12,Retained,No Complaint
54392,0,16.0,Mobile Phone,1,11.0,Cash on Delivery,Male,3.0,4,Others,1,Married,3,0,15.0,1.0,12.0,16.0,317.32,Retained,No Complaint
54393,0,31.0,Phone,2,13.0,Credit Card,Male,3.0,4,Mobile,3,Married,10,0,18.0,1.0,3.0,3.0,147.67,Retained,No Complaint
54394,0,24.0,Mobile Phone,3,7.0,Credit Card,Female,4.0,4,Others,1,Married,5,0,15.0,2.0,2.0,7.0,320.17,Retained,No Complaint
54395,1,1.0,Phone,1,21.0,Credit Card,Male,3.0,4,Mobile,1,Married,7,1,14.0,2.0,2.0,5.0,149.36,Churned,Filed Complaint
54396,0,17.0,Mobile Phone,3,23.0,E wallet,Female,4.0,4,Grocery,1,Married,7,1,23.0,1.0,2.0,10.0,285.64,Retained,Filed Complaint
54397,1,1.0,Mobile Phone,1,9.0,Debit Card,Female,3.0,4,Mobile,5,Married,9,0,21.0,2.0,2.0,8.0,152.07,Churned,No Complaint
54398,0,26.0,Computer,3,9.0,Debit Card,Male,4.0,5,Others,3,Single,3,1,15.0,2.0,16.0,13.0,315.68,Retained,Filed Complaint
54399,0,6.0,Mobile Phone,3,11.0,Debit Card,Female,3.0,4,Mobile,4,Married,4,0,12.0,2.0,2.0,3.0,164.31,Retained,No Complaint
54400,1,1.0,Mobile Phone,1,7.0,Debit Card,Male,4.0,5,Mobile,3,Single,2,1,15.0,1.0,2.0,3.0,162.3,Churned,Filed Complaint
54401,0,13.0,Phone,1,7.0,Credit Card,Female,4.0,4,Mobile,3,Married,9,0,15.0,2.0,2.0,3.0,147.32,Retained,No Complaint
54402,0,6.0,Computer,3,33.0,E wallet,Male,4.0,4,Laptop & Accessory,1,Married,2,0,19.0,3.0,3.0,3.0,169.65,Retained,No Complaint
54403,0,15.0,Mobile Phone,1,26.0,Debit Card,Male,3.0,4,Laptop & Accessory,5,Married,4,0,17.0,1.0,2.0,1.0,155.72,Retained,No Complaint
54404,0,14.0,Mobile Phone,1,31.0,Cash on Delivery,Male,4.0,4,Laptop & Accessory,1,Married,3,0,18.0,3.0,5.0,8.0,158.19,Retained,No Complaint
54405,0,19.0,Mobile Phone,1,7.0,UPI,Male,4.0,2,Others,1,Married,2,0,15.0,2.0,2.0,8.0,317.02,Retained,No Complaint
54406,0,5.0,Computer,1,10.0,Credit Card,Male,4.0,4,Fashion,3,Married,11,0,13.0,1.0,3.0,3.0,261.75,Retained,No Complaint
54407,0,7.0,Mobile Phone,1,12.0,Debit Card,Female,4.0,5,Mobile,1,Married,3,0,14.0,1.0,2.0,3.0,154.11,Retained,No Complaint
54408,0,8.0,Mobile Phone,1,9.0,Debit Card,Male,3.0,5,Laptop & Accessory,5,Married,8,0,14.0,1.0,6.0,10.0,184.57,Retained,No Complaint
54409,0,11.0,Mobile Phone,1,7.0,Credit Card,Female,3.0,5,Mobile,5,Married,4,0,15.0,1.0,2.0,3.0,164.2,Retained,No Complaint
54410,0,19.0,Computer,1,14.0,Debit Card,Male,4.0,2,Laptop & Accessory,3,Married,6,0,18.0,2.0,2.0,3.0,189.34,Retained,No Complaint
54411,1,1.0,Computer,1,17.0,Credit Card,Male,4.0,4,Fashion,3,Married,8,0,12.0,1.0,2.0,3.0,225.48,Churned,No Complaint
54412,0,13.0,Computer,1,9.0,Cash on Delivery,Female,4.0,4,Fashion,3,Single,2,0,26.0,7.0,2.0,9.0,234.38,Retained,No Complaint
54413,0,3.0,Phone,1,22.0,Debit Card,Male,3.0,4,Mobile,1,Single,3,0,20.0,2.0,2.0,6.0,148.4,Retained,No Complaint
54414,0,16.0,Mobile Phone,1,24.0,Debit Card,Female,3.0,2,Laptop & Accessory,5,Single,5,1,14.0,2.0,2.0,3.0,190.45,Retained,Filed Complaint
54415,0,3.0,Mobile Phone,3,27.0,E wallet,Male,3.0,4,Laptop & Accessory,1,Married,4,0,15.0,2.0,2.0,3.0,194.31,Retained,No Complaint
54416,0,1.0,Mobile Phone,1,7.0,Debit Card,Female,4.0,4,Laptop & Accessory,3,Married,2,0,13.0,2.0,2.0,3.0,173.98,Retained,No Complaint
54417,0,16.0,Mobile Phone,1,9.0,Credit Card,Female,3.0,5,Mobile,5,Married,2,1,12.0,8.0,8.0,9.0,150.93,Retained,Filed Complaint
54418,0,14.0,Mobile Phone,1,9.0,Credit Card,Male,3.0,4,Others,3,Married,2,0,15.0,4.0,4.0,10.0,319.36,Retained,No Complaint
54419,0,25.0,Mobile Phone,1,7.0,Debit Card,Male,4.0,4,Mobile,1,Married,3,0,12.0,2.0,2.0,1.0,152.23,Retained,No Complaint
54420,1,1.0,Computer,1,36.0,Credit Card,Male,4.0,5,Mobile,4,Single,2,0,12.0,1.0,2.0,5.0,159.79,Churned,No Complaint
54421,0,6.0,Computer,1,14.0,Debit Card,Male,4.0,2,Mobile,4,Married,3,0,21.0,1.0,2.0,4.0,152.94,Retained,No Complaint
54422,0,12.0,Computer,3,9.0,Debit Card,Male,3.0,5,Laptop & Accessory,1,Married,5,0,19.0,2.0,8.0,6.0,177.49,Retained,No Complaint
54423,0,6.0,Phone,1,9.0,Cash on Delivery,Male,3.0,5,Laptop & Accessory,5,Single,6,0,14.0,1.0,2.0,5.0,146.76,Retained,No Complaint
54424,0,20.0,Mobile Phone,3,9.0,Cash on Delivery,Female,4.0,6,Grocery,4,Married,5,1,15.0,7.0,8.0,8.0,293.72,Retained,Filed Complaint
54425,1,1.0,Mobile Phone,1,9.0,Debit Card,Male,4.0,4,Mobile,3,Single,4,0,12.0,1.0,2.0,1.0,159.85,Churned,No Complaint
54426,0,3.0,Mobile Phone,3,9.0,Credit Card,Male,4.0,5,Laptop & Accessory,4,Married,4,0,20.0,2.0,2.0,1.0,191.44,Retained,No Complaint
54427,0,5.0,Mobile Phone,1,30.0,Credit Card,Male,4.0,5,Laptop & Accessory,1,Married,2,0,22.0,1.0,8.0,9.0,180.82,Retained,No Complaint
54428,0,1.0,Computer,1,12.0,Debit Card,Male,3.0,2,Laptop & Accessory,5,Married,3,0,13.0,2.0,2.0,6.0,165.0,Retained,No Complaint
54429,0,19.0,Mobile Phone,1,27.0,Credit Card,Male,4.0,4,Grocery,1,Married,2,1,15.0,3.0,2.0,11.0,259.96,Retained,Filed Complaint
54430,0,10.0,Mobile Phone,1,13.0,Debit Card,Male,3.0,4,Mobile,1,Married,2,0,12.0,2.0,11.0,12.0,157.1,Retained,No Complaint
54431,0,29.0,Mobile Phone,1,7.0,Credit Card,Male,3.0,4,Others,5,Single,2,1,15.0,4.0,5.0,14.0,315.45,Retained,Filed Complaint
54432,1,11.0,Computer,1,36.0,Debit Card,Male,3.0,4,Fashion,4,Married,3,1,13.0,5.0,2.0,10.0,243.49,Churned,Filed Complaint
54433,0,2.0,Phone,1,16.0,Credit Card,Male,4.0,4,Mobile,1,Married,3,0,24.0,2.0,2.0,5.0,145.7,Retained,No Complaint
54434,0,11.0,Mobile Phone,3,13.0,Credit Card,Male,4.0,4,Laptop & Accessory,1,Married,6,0,15.0,2.0,2.0,2.0,190.02,Retained,No Complaint
54435,0,1.0,Mobile Phone,1,10.0,Credit Card,Male,4.0,5,Mobile,3,Single,3,0,18.0,2.0,2.0,1.0,157.3,Retained,No Complaint
54436,0,11.0,Computer,1,7.0,Credit Card,Female,4.0,4,Fashion,1,Married,4,1,19.0,1.0,2.0,3.0,261.03,Retained,Filed Complaint
54437,0,9.0,Mobile Phone,1,29.0,Debit Card,Female,4.0,2,Fashion,4,Married,9,0,19.0,6.0,2.0,3.0,244.95999999999998,Retained,No Complaint
54438,0,12.0,Mobile Phone,3,14.0,Credit Card,Female,3.0,2,Laptop & Accessory,5,Married,3,1,25.0,5.0,8.0,8.0,181.05,Retained,Filed Complaint
54439,0,1.0,Computer,1,7.0,Debit Card,Female,3.0,4,Laptop & Accessory,4,Married,3,0,21.0,2.0,2.0,5.0,188.97,Retained,No Complaint
54440,0,24.0,Mobile Phone,1,11.0,Debit Card,Male,4.0,4,Others,4,Married,5,0,15.0,1.0,2.0,7.0,316.44,Retained,No Complaint
54441,0,27.0,Mobile Phone,1,10.0,Credit Card,Male,3.0,4,Grocery,3,Married,5,1,15.0,2.0,2.0,4.0,300.84,Retained,Filed Complaint
54442,0,16.0,Mobile Phone,3,7.0,Debit Card,Male,2.0,4,Laptop & Accessory,3,Married,3,0,26.0,7.0,12.0,7.0,174.07,Retained,No Complaint
54443,0,3.0,Computer,3,9.0,Debit Card,Male,3.0,4,Laptop & Accessory,1,Single,3,0,19.0,1.0,2.0,10.0,170.54,Retained,No Complaint
54444,0,29.0,Mobile Phone,1,27.0,Cash on Delivery,Male,3.0,4,Laptop & Accessory,1,Married,5,1,20.0,1.0,2.0,9.0,179.15,Retained,Filed Complaint
54445,0,1.0,Computer,1,18.0,Credit Card,Male,3.0,4,Laptop & Accessory,5,Married,3,1,14.0,2.0,4.0,4.0,172.41,Retained,Filed Complaint
54446,0,11.0,Phone,1,7.0,Debit Card,Female,3.0,4,Mobile,1,Single,3,0,13.0,2.0,6.0,8.0,146.15,Retained,No Complaint
54447,1,8.0,Computer,1,31.0,Debit Card,Male,3.0,4,Mobile,3,Married,5,1,23.0,1.0,2.0,1.0,156.61,Churned,Filed Complaint
54448,0,12.0,Mobile Phone,1,30.0,Debit Card,Male,3.0,4,Laptop & Accessory,1,Married,11,0,15.0,1.0,2.0,3.0,182.45,Retained,No Complaint
54449,1,1.0,Phone,1,23.0,Credit Card,Male,3.0,4,Mobile,4,Married,4,1,14.0,2.0,2.0,3.0,148.73,Churned,Filed Complaint
54450,0,2.0,Mobile Phone,1,15.0,Debit Card,Female,4.0,4,Mobile,1,Single,3,0,22.0,2.0,2.0,3.0,158.1,Retained,No Complaint
54451,0,23.0,Computer,1,17.0,Debit Card,Female,3.0,4,Others,5,Single,11,1,15.0,1.0,2.0,3.0,311.65,Retained,Filed Complaint
54452,0,10.0,Mobile Phone,1,10.0,Cash on Delivery,Male,2.0,4,Laptop & Accessory,4,Single,6,0,13.0,3.0,8.0,8.0,169.85,Retained,No Complaint
54453,0,5.0,Computer,3,12.0,E wallet,Female,3.0,4,Mobile,4,Married,3,0,12.0,1.0,3.0,3.0,152.89,Retained,No Complaint
54454,1,1.0,Mobile Phone,3,11.0,E wallet,Male,3.0,5,Laptop & Accessory,1,Single,3,1,13.0,5.0,8.0,5.0,183.28,Churned,Filed Complaint
54455,0,11.0,Computer,1,16.0,Credit Card,Male,3.0,4,Mobile,1,Married,3,1,13.0,1.0,2.0,3.0,148.26,Retained,Filed Complaint
54456,0,16.0,Computer,3,33.0,E wallet,Female,4.0,4,Grocery,4,Married,7,0,15.0,4.0,2.0,9.0,260.25,Retained,No Complaint
54457,1,1.0,Phone,1,10.0,Debit Card,Male,3.0,4,Mobile,3,Single,3,0,14.0,2.0,2.0,1.0,139.2,Churned,No Complaint
54458,0,9.0,Mobile Phone,3,23.0,E wallet,Male,4.0,4,Fashion,4,Married,2,0,16.0,4.0,7.0,10.0,205.2,Retained,No Complaint
54459,0,10.0,Computer,1,25.0,Debit Card,Male,3.0,2,Mobile,1,Married,6,0,19.0,2.0,2.0,1.0,161.88,Retained,No Complaint
54460,0,25.0,Mobile Phone,1,9.0,Credit Card,Male,3.0,6,Laptop & Accessory,4,Married,7,0,19.0,1.0,2.0,3.0,179.82,Retained,No Complaint
54461,0,15.0,Mobile Phone,3,9.0,Debit Card,Male,3.0,4,Grocery,4,Single,3,0,20.0,1.0,2.0,5.0,285.15,Retained,No Complaint
54462,0,1.0,Phone,3,17.0,Credit Card,Female,4.0,5,Mobile,3,Single,3,0,13.0,1.0,2.0,1.0,137.0,Retained,No Complaint
54463,0,2.0,Mobile Phone,1,23.0,Credit Card,Male,4.0,2,Laptop & Accessory,5,Single,2,0,20.0,1.0,2.0,8.0,181.61,Retained,No Complaint
54464,0,5.0,Mobile Phone,3,14.0,Cash on Delivery,Male,4.0,2,Laptop & Accessory,1,Married,6,0,12.0,4.0,8.0,8.0,194.29,Retained,No Complaint
54465,0,13.0,Mobile Phone,1,7.0,Credit Card,Male,3.0,2,Fashion,1,Married,2,0,18.0,2.0,4.0,3.0,221.13,Retained,No Complaint
54466,0,10.0,Computer,1,31.0,Debit Card,Female,3.0,4,Laptop & Accessory,4,Married,9,0,16.0,2.0,2.0,9.0,181.74,Retained,No Complaint
54467,0,6.0,Mobile Phone,3,14.0,Debit Card,Male,4.0,5,Laptop & Accessory,3,Married,3,0,15.0,4.0,5.0,9.0,179.84,Retained,No Complaint
54468,0,12.0,Mobile Phone,1,32.0,Debit Card,Female,3.0,5,Fashion,4,Married,5,0,18.0,1.0,2.0,2.0,245.61,Retained,No Complaint
54469,0,31.0,Computer,1,7.0,Debit Card,Male,3.0,6,Laptop & Accessory,3,Married,4,1,14.0,2.0,2.0,3.0,181.6,Retained,Filed Complaint
54470,0,5.0,Mobile Phone,1,12.0,Cash on Delivery,Male,3.0,4,Mobile,1,Married,2,1,13.0,2.0,2.0,4.0,173.21,Retained,Filed Complaint
54471,0,5.0,Mobile Phone,2,9.0,UPI,Male,4.0,5,Laptop & Accessory,5,Married,5,0,13.0,1.0,2.0,1.0,189.1,Retained,No Complaint
54472,0,19.0,Computer,1,14.0,Debit Card,Male,4.0,4,Fashion,5,Married,3,0,19.0,3.0,10.0,12.0,177.1,Retained,No Complaint
54473,0,5.0,Mobile Phone,1,9.0,Debit Card,Male,3.0,4,Mobile,1,Married,2,1,19.0,3.0,3.0,3.0,151.95,Retained,Filed Complaint
54474,0,7.0,Computer,1,12.0,Debit Card,Female,4.0,4,Fashion,4,Married,8,0,12.0,8.0,2.0,9.0,243.77999999999997,Retained,No Complaint
54475,0,1.0,Mobile Phone,1,17.0,Credit Card,Male,4.0,4,Grocery,5,Married,3,1,15.0,2.0,12.0,11.0,295.68,Retained,Filed Complaint
54476,0,17.0,Computer,1,17.0,Debit Card,Female,3.0,4,Mobile,1,Single,2,0,20.0,1.0,2.0,8.0,149.55,Retained,No Complaint
54477,0,23.0,Mobile Phone,1,7.0,Cash on Delivery,Female,3.0,5,Grocery,3,Single,9,1,13.0,1.0,2.0,8.0,264.64,Retained,Filed Complaint
54478,1,16.0,Mobile Phone,1,15.0,Credit Card,Male,3.0,5,Laptop & Accessory,4,Married,4,0,16.0,8.0,8.0,8.0,174.41,Churned,No Complaint
54479,0,1.0,Mobile Phone,1,12.0,Debit Card,Female,3.0,4,Mobile,4,Single,3,1,13.0,1.0,2.0,3.0,149.78,Retained,Filed Complaint
54480,0,6.0,Mobile Phone,3,15.0,Cash on Delivery,Female,4.0,5,Laptop & Accessory,4,Married,3,1,12.0,12.0,12.0,10.0,177.28,Retained,Filed Complaint
54481,0,1.0,Mobile Phone,3,9.0,Debit Card,Male,4.0,4,Laptop & Accessory,3,Single,3,1,12.0,1.0,2.0,5.0,169.78,Retained,Filed Complaint
54482,0,5.0,Mobile Phone,3,14.0,E wallet,Male,4.0,4,Laptop & Accessory,1,Married,6,0,13.0,1.0,2.0,8.0,200.47,Retained,No Complaint
54483,0,6.0,Mobile Phone,1,9.0,Credit Card,Female,4.0,2,Laptop & Accessory,1,Single,9,0,17.0,1.0,2.0,8.0,175.55,Retained,No Complaint
54484,1,1.0,Mobile Phone,1,9.0,Credit Card,Male,3.0,6,Mobile,1,Married,7,1,14.0,2.0,3.0,3.0,159.64,Churned,Filed Complaint
54485,0,4.0,Mobile Phone,1,35.0,Credit Card,Female,4.0,4,Laptop & Accessory,1,Married,3,0,14.0,2.0,2.0,10.0,182.75,Retained,No Complaint
54486,0,5.0,Computer,1,14.0,Debit Card,Female,3.0,5,Fashion,3,Married,3,0,25.0,8.0,9.0,3.0,214.43,Retained,No Complaint
54487,0,13.0,Computer,1,14.0,Credit Card,Male,3.0,5,Others,1,Married,3,0,15.0,7.0,14.0,4.0,317.72,Retained,No Complaint
54488,1,3.0,Mobile Phone,3,10.0,Credit Card,Female,3.0,4,Laptop & Accessory,3,Married,6,1,19.0,2.0,2.0,1.0,177.38,Churned,Filed Complaint
54489,0,7.0,Computer,3,17.0,E wallet,Male,3.0,5,Laptop & Accessory,1,Single,5,0,15.0,2.0,2.0,2.0,171.82,Retained,No Complaint
54490,0,21.0,Mobile Phone,1,12.0,Debit Card,Male,3.0,4,Others,3,Married,6,0,15.0,2.0,2.0,2.0,308.0,Retained,No Complaint
54491,0,17.0,Computer,1,17.0,Debit Card,Female,3.0,5,Laptop & Accessory,3,Married,3,0,12.0,2.0,2.0,1.0,177.57,Retained,No Complaint
54492,0,1.0,Computer,3,7.0,E wallet,Male,4.0,4,Laptop & Accessory,4,Married,2,1,14.0,1.0,2.0,5.0,188.49,Retained,Filed Complaint
54493,0,28.0,Computer,1,27.0,Debit Card,Female,3.0,4,Laptop & Accessory,3,Single,5,0,13.0,1.0,2.0,4.0,173.69,Retained,No Complaint
54494,0,17.0,Mobile Phone,1,14.0,Debit Card,Female,3.0,4,Fashion,5,Married,10,0,17.0,2.0,2.0,3.0,224.85,Retained,No Complaint
54495,0,19.0,Mobile Phone,1,15.0,UPI,Male,4.0,4,Laptop & Accessory,1,Married,11,0,15.0,9.0,10.0,9.0,161.97,Retained,No Complaint
54496,0,14.0,Mobile Phone,3,7.0,Credit Card,Male,3.0,6,Laptop & Accessory,1,Married,4,1,23.0,2.0,2.0,3.0,199.57,Retained,Filed Complaint
54497,1,1.0,Phone,1,15.0,UPI,Male,4.0,6,Mobile,5,Married,3,1,12.0,1.0,2.0,8.0,146.19,Churned,Filed Complaint
54498,0,3.0,Mobile Phone,1,16.0,UPI,Male,2.0,5,Mobile,1,Single,2,0,18.0,2.0,3.0,3.0,164.83,Retained,No Complaint
54499,0,4.0,Mobile Phone,3,12.0,E wallet,Female,2.0,5,Laptop & Accessory,3,Married,3,0,14.0,2.0,2.0,3.0,186.18,Retained,No Complaint
54500,0,1.0,Mobile Phone,3,15.0,E wallet,Female,3.0,4,Laptop & Accessory,4,Married,3,0,19.0,1.0,2.0,8.0,187.14,Retained,No Complaint
54501,0,11.0,Mobile Phone,1,12.0,Credit Card,Male,4.0,4,Laptop & Accessory,1,Married,9,0,17.0,2.0,2.0,5.0,188.47,Retained,No Complaint
54502,0,12.0,Mobile Phone,1,22.0,Debit Card,Male,4.0,5,Fashion,1,Married,2,1,15.0,3.0,2.0,10.0,240.10000000000002,Retained,Filed Complaint
54503,0,5.0,Mobile Phone,1,14.0,Credit Card,Female,3.0,4,Fashion,1,Single,3,1,15.0,5.0,5.0,11.0,196.43,Retained,Filed Complaint
54504,0,3.0,Mobile Phone,3,17.0,E wallet,Female,3.0,5,Laptop & Accessory,4,Married,3,1,15.0,2.0,2.0,8.0,207.68,Retained,Filed Complaint
54505,0,9.0,Mobile Phone,1,12.0,Cash on Delivery,Male,4.0,4,Fashion,4,Single,2,0,14.0,2.0,2.0,14.0,205.95,Retained,No Complaint
54506,0,1.0,Mobile Phone,1,33.0,Debit Card,Male,3.0,4,Mobile,1,Married,3,0,13.0,1.0,2.0,3.0,154.04,Retained,No Complaint
54507,0,15.0,Mobile Phone,1,13.0,Credit Card,Male,4.0,5,Laptop & Accessory,4,Single,8,1,16.0,2.0,2.0,3.0,185.32,Retained,Filed Complaint
54508,0,21.0,Computer,3,11.0,Credit Card,Male,4.0,4,Laptop & Accessory,3,Single,5,0,20.0,1.0,2.0,1.0,154.76,Retained,No Complaint
54509,0,16.0,Mobile Phone,1,30.0,Debit Card,Female,3.0,4,Grocery,1,Single,4,0,15.0,1.0,2.0,1.0,284.92,Retained,No Complaint
54510,0,3.0,Computer,3,9.0,Debit Card,Male,4.0,4,Laptop & Accessory,3,Married,3,0,15.0,2.0,2.0,3.0,171.49,Retained,No Complaint
54511,0,16.0,Mobile Phone,2,9.0,Cash on Delivery,Male,3.0,4,Mobile,3,Married,2,1,12.0,2.0,2.0,1.0,151.96,Retained,Filed Complaint
54512,0,6.0,Phone,1,9.0,Credit Card,Female,4.0,4,Mobile,4,Married,3,0,14.0,1.0,2.0,8.0,148.7,Retained,No Complaint
54513,0,22.0,Mobile Phone,3,36.0,Credit Card,Female,4.0,4,Fashion,3,Married,5,0,22.0,1.0,2.0,1.0,250.04000000000002,Retained,No Complaint
54514,0,11.0,Mobile Phone,1,13.0,Credit Card,Male,3.0,2,Laptop & Accessory,5,Married,6,1,14.0,7.0,7.0,8.0,184.74,Retained,Filed Complaint
54515,0,4.0,Computer,3,32.0,Cash on Delivery,Female,3.0,4,Laptop & Accessory,3,Married,9,1,13.0,3.0,3.0,3.0,172.36,Retained,Filed Complaint
54516,0,1.0,Mobile Phone,3,7.0,Debit Card,Male,3.0,4,Laptop & Accessory,3,Married,3,0,18.0,1.0,8.0,8.0,177.96,Retained,No Complaint
54517,0,16.0,Mobile Phone,1,9.0,UPI,Male,4.0,5,Laptop & Accessory,1,Single,5,0,24.0,2.0,2.0,1.0,192.81,Retained,No Complaint
54518,1,1.0,Computer,3,7.0,Cash on Delivery,Female,4.0,5,Mobile,4,Single,3,1,12.0,2.0,2.0,3.0,146.74,Churned,Filed Complaint
54519,0,10.0,Computer,3,7.0,Credit Card,Female,3.0,4,Laptop & Accessory,1,Single,6,0,16.0,2.0,2.0,1.0,191.53,Retained,No Complaint
54520,0,10.0,Computer,3,10.0,Credit Card,Male,3.0,5,Fashion,1,Married,6,0,12.0,1.0,2.0,3.0,221.99,Retained,No Complaint
54521,0,31.0,Mobile Phone,1,7.0,Credit Card,Male,3.0,4,Laptop & Accessory,3,Married,4,0,12.0,1.0,2.0,3.0,192.55,Retained,No Complaint
54522,0,14.0,Phone,1,17.0,Debit Card,Female,3.0,2,Mobile,3,Married,5,1,14.0,1.0,2.0,8.0,147.13,Retained,Filed Complaint
54523,0,1.0,Computer,3,16.0,Credit Card,Male,3.0,4,Mobile,1,Single,3,0,25.0,3.0,3.0,3.0,151.1,Retained,No Complaint
54524,1,1.0,Mobile Phone,3,12.0,E wallet,Female,3.0,4,Mobile,3,Single,3,1,14.0,1.0,2.0,1.0,153.51,Churned,Filed Complaint
54525,0,11.0,Mobile Phone,1,17.0,Credit Card,Female,4.0,4,Mobile,5,Married,8,0,21.0,2.0,2.0,4.0,159.52,Retained,No Complaint
54526,0,20.0,Computer,1,14.0,Credit Card,Female,2.0,4,Laptop & Accessory,3,Married,4,0,15.0,2.0,2.0,1.0,177.58,Retained,No Complaint
54527,1,5.0,Computer,3,11.0,E wallet,Male,3.0,4,Laptop & Accessory,4,Single,3,0,19.0,5.0,8.0,3.0,218.55,Churned,No Complaint
54528,0,24.0,Mobile Phone,1,17.0,Cash on Delivery,Male,4.0,5,Fashion,1,Single,8,0,16.0,2.0,2.0,3.0,229.96,Retained,No Complaint
54529,1,4.0,Mobile Phone,3,29.0,E wallet,Male,4.0,5,Laptop & Accessory,3,Married,4,1,13.0,2.0,2.0,1.0,188.8,Churned,Filed Complaint
54530,0,5.0,Mobile Phone,1,16.0,Debit Card,Male,3.0,5,Mobile,4,Single,2,1,17.0,3.0,3.0,3.0,151.57,Retained,Filed Complaint
54531,1,1.0,Mobile Phone,3,19.0,Debit Card,Female,3.0,2,Mobile,4,Single,3,0,16.0,1.0,2.0,1.0,152.16,Churned,No Complaint
54532,0,3.0,Phone,1,30.0,Debit Card,Male,3.0,4,Mobile,1,Single,11,0,17.0,1.0,2.0,3.0,147.01,Retained,No Complaint
54533,0,9.0,Mobile Phone,1,16.0,Debit Card,Male,4.0,5,Laptop & Accessory,4,Single,11,0,20.0,1.0,2.0,1.0,190.4,Retained,No Complaint
54534,0,1.0,Mobile Phone,1,7.0,Credit Card,Male,3.0,4,Mobile,4,Married,3,0,12.0,1.0,2.0,5.0,163.16,Retained,No Complaint
54535,0,2.0,Mobile Phone,3,16.0,Debit Card,Male,4.0,4,Laptop & Accessory,1,Single,3,0,17.0,2.0,2.0,8.0,177.53,Retained,No Complaint
54536,0,23.0,Mobile Phone,1,14.0,UPI,Male,3.0,5,Fashion,3,Single,10,0,25.0,2.0,2.0,1.0,234.64999999999998,Retained,No Complaint
54537,0,25.0,Mobile Phone,3,21.0,Debit Card,Female,3.0,4,Laptop & Accessory,1,Married,6,0,12.0,2.0,2.0,8.0,174.36,Retained,No Complaint
54538,0,10.0,Mobile Phone,1,9.0,Debit Card,Female,4.0,4,Mobile,3,Married,6,0,14.0,3.0,3.0,3.0,150.43,Retained,No Complaint
54539,1,1.0,Computer,3,26.0,E wallet,Male,4.0,2,Laptop & Accessory,1,Single,10,1,14.0,1.0,2.0,5.0,178.04,Churned,Filed Complaint
54540,0,29.0,Mobile Phone,1,9.0,Debit Card,Female,4.0,4,Grocery,1,Single,4,1,14.0,1.0,2.0,3.0,291.59,Retained,Filed Complaint
54541,0,1.0,Mobile Phone,3,17.0,E wallet,Female,4.0,4,Laptop & Accessory,3,Married,3,1,13.0,1.0,2.0,4.0,167.6,Retained,Filed Complaint
54542,0,4.0,Mobile Phone,3,9.0,Cash on Delivery,Male,4.0,4,Mobile,4,Married,3,0,19.0,2.0,2.0,1.0,149.76,Retained,No Complaint
54543,1,1.0,Computer,1,10.0,Cash on Delivery,Male,4.0,4,Mobile,5,Single,2,0,23.0,1.0,2.0,5.0,156.02,Churned,No Complaint
54544,0,1.0,Phone,1,18.0,Credit Card,Female,3.0,4,Mobile,4,Married,3,0,14.0,2.0,2.0,3.0,147.44,Retained,No Complaint
54545,0,10.0,Mobile Phone,3,9.0,Credit Card,Male,4.0,5,Fashion,3,Married,3,0,14.0,9.0,10.0,1.0,200.96,Retained,No Complaint
54546,1,1.0,Computer,1,11.0,Cash on Delivery,Male,3.0,4,Mobile,1,Single,11,1,24.0,2.0,2.0,1.0,147.85,Churned,Filed Complaint
54547,0,11.0,Mobile Phone,1,21.0,Debit Card,Female,4.0,4,Mobile,5,Married,3,0,13.0,11.0,13.0,18.0,155.34,Retained,No Complaint
54548,0,14.0,Mobile Phone,3,9.0,E wallet,Female,3.0,4,Laptop & Accessory,4,Married,9,0,13.0,1.0,2.0,4.0,182.15,Retained,No Complaint
54549,0,16.0,Mobile Phone,1,7.0,Debit Card,Female,4.0,4,Mobile,5,Married,5,0,17.0,1.0,2.0,3.0,150.76,Retained,No Complaint
54550,0,11.0,Mobile Phone,1,17.0,Debit Card,Male,3.0,4,Laptop & Accessory,4,Single,4,1,13.0,1.0,2.0,2.0,166.97,Retained,Filed Complaint
54551,0,17.0,Mobile Phone,1,19.0,Debit Card,Male,3.0,5,Grocery,4,Married,3,0,12.0,1.0,4.0,10.0,268.36,Retained,No Complaint
54552,0,14.0,Mobile Phone,1,9.0,Credit Card,Female,4.0,5,Laptop & Accessory,3,Married,8,0,23.0,2.0,2.0,1.0,159.48,Retained,No Complaint
54553,0,28.0,Mobile Phone,1,12.0,Credit Card,Male,3.0,4,Others,5,Married,6,0,15.0,2.0,2.0,3.0,319.06,Retained,No Complaint
54554,0,8.0,Computer,3,11.0,E wallet,Female,4.0,4,Laptop & Accessory,3,Married,11,0,16.0,1.0,2.0,3.0,190.38,Retained,No Complaint
54555,0,5.0,Mobile Phone,1,14.0,Credit Card,Female,3.0,4,Laptop & Accessory,5,Married,3,0,13.0,4.0,4.0,13.0,168.06,Retained,No Complaint
54556,0,17.0,Computer,1,28.0,Credit Card,Male,4.0,4,Mobile,1,Married,9,0,21.0,2.0,2.0,3.0,147.58,Retained,No Complaint
54557,0,17.0,Mobile Phone,1,15.0,UPI,Female,4.0,4,Laptop & Accessory,3,Married,6,1,15.0,2.0,2.0,3.0,170.22,Retained,Filed Complaint
54558,0,1.0,Mobile Phone,3,11.0,Debit Card,Female,4.0,5,Laptop & Accessory,1,Single,3,1,12.0,1.0,2.0,4.0,169.87,Retained,Filed Complaint
54559,0,11.0,Computer,1,32.0,Credit Card,Female,4.0,4,Laptop & Accessory,3,Married,5,1,16.0,5.0,11.0,8.0,169.49,Retained,Filed Complaint
54560,0,5.0,Phone,1,7.0,Debit Card,Male,4.0,5,Mobile,5,Married,3,0,13.0,4.0,4.0,3.0,147.18,Retained,No Complaint
54561,0,13.0,Computer,1,7.0,Debit Card,Male,3.0,4,Others,3,Married,3,1,15.0,1.0,2.0,7.0,316.97,Retained,Filed Complaint
54562,0,30.0,Computer,3,13.0,Debit Card,Female,3.0,2,Grocery,5,Married,11,0,12.0,7.0,2.0,8.0,257.12,Retained,No Complaint
54563,0,4.0,Mobile Phone,3,19.0,Cash on Delivery,Female,3.0,4,Laptop & Accessory,3,Single,2,0,12.0,4.0,5.0,5.0,190.77,Retained,No Complaint
54564,0,15.0,Mobile Phone,3,7.0,E wallet,Male,3.0,2,Fashion,5,Married,3,0,17.0,2.0,2.0,8.0,208.92,Retained,No Complaint
54565,0,2.0,Mobile Phone,1,24.0,Credit Card,Male,4.0,4,Laptop & Accessory,5,Married,3,0,13.0,1.0,2.0,9.0,170.58,Retained,No Complaint
54566,1,1.0,Mobile Phone,1,10.0,Credit Card,Male,4.0,4,Mobile,5,Married,7,0,14.0,2.0,2.0,3.0,165.31,Churned,No Complaint
54567,0,26.0,Mobile Phone,1,10.0,Credit Card,Male,3.0,5,Fashion,3,Married,4,1,15.0,2.0,2.0,5.0,204.69,Retained,Filed Complaint
54568,0,19.0,Mobile Phone,1,17.0,Debit Card,Male,4.0,4,Mobile,1,Married,5,0,22.0,1.0,2.0,3.0,151.54,Retained,No Complaint
54569,0,26.0,Mobile Phone,1,11.0,Debit Card,Female,2.0,4,Grocery,1,Married,4,0,14.0,1.0,2.0,5.0,290.55,Retained,No Complaint
54570,0,16.0,Computer,1,36.0,Debit Card,Female,4.0,4,Laptop & Accessory,3,Married,4,0,12.0,2.0,2.0,3.0,170.56,Retained,No Complaint
54571,0,4.0,Mobile Phone,1,9.0,Debit Card,Female,3.0,6,Laptop & Accessory,1,Single,4,0,21.0,2.0,2.0,3.0,185.91,Retained,No Complaint
54572,0,31.0,Mobile Phone,1,14.0,Debit Card,Female,3.0,4,Others,5,Married,7,0,15.0,2.0,12.0,11.0,320.66,Retained,No Complaint
54573,0,20.0,Mobile Phone,1,25.0,Credit Card,Female,3.0,4,Laptop & Accessory,3,Married,4,0,15.0,2.0,2.0,9.0,173.1,Retained,No Complaint
54574,0,16.0,Computer,1,35.0,Cash on Delivery,Female,3.0,5,Laptop & Accessory,1,Married,2,0,12.0,1.0,2.0,5.0,170.23,Retained,No Complaint
54575,1,1.0,Mobile Phone,3,7.0,Cash on Delivery,Female,4.0,4,Mobile,4,Single,3,1,17.0,1.0,2.0,5.0,157.02,Churned,Filed Complaint
54576,1,1.0,Computer,3,13.0,E wallet,Female,3.0,6,Mobile,3,Married,2,0,17.0,1.0,2.0,1.0,148.51,Churned,No Complaint
54577,0,12.0,Computer,1,9.0,Debit Card,Male,3.0,4,Mobile,1,Married,3,1,24.0,2.0,2.0,1.0,142.02,Retained,Filed Complaint
54578,0,14.0,Mobile Phone,3,9.0,Debit Card,Female,4.0,4,Others,3,Married,2,0,15.0,2.0,2.0,13.0,305.41,Retained,No Complaint
54579,0,1.0,Mobile Phone,1,30.0,Debit Card,Female,3.0,4,Mobile,1,Married,3,0,23.0,1.0,2.0,3.0,153.86,Retained,No Complaint
54580,0,4.0,Computer,1,10.0,Debit Card,Male,3.0,4,Mobile,1,Married,6,0,16.0,2.0,2.0,5.0,145.97,Retained,No Complaint
54581,0,3.0,Mobile Phone,1,10.0,Credit Card,Male,4.0,5,Fashion,3,Married,3,0,19.0,1.0,2.0,8.0,244.35000000000002,Retained,No Complaint
54582,1,1.0,Mobile Phone,1,32.0,Cash on Delivery,Female,4.0,5,Mobile,4,Married,7,0,17.0,2.0,2.0,2.0,150.46,Churned,No Complaint
54583,1,1.0,Mobile Phone,2,9.0,Cash on Delivery,Male,3.0,5,Mobile,1,Single,3,0,13.0,1.0,2.0,1.0,150.64,Churned,No Complaint
54584,0,4.0,Computer,3,29.0,UPI,Female,4.0,4,Fashion,5,Married,2,0,12.0,4.0,8.0,9.0,209.12,Retained,No Complaint
54585,0,31.0,Mobile Phone,3,36.0,E wallet,Male,3.0,5,Grocery,1,Married,5,0,13.0,1.0,2.0,1.0,266.18,Retained,No Complaint
54586,0,24.0,Mobile Phone,1,36.0,Debit Card,Male,3.0,5,Grocery,3,Married,2,0,15.0,16.0,16.0,8.0,295.46,Retained,No Complaint
54587,0,4.0,Computer,1,9.0,Credit Card,Female,3.0,4,Mobile,1,Single,2,0,15.0,2.0,7.0,8.0,150.64,Retained,No Complaint
54588,0,31.0,Computer,3,35.0,E wallet,Female,4.0,5,Fashion,5,Married,6,0,20.0,4.0,14.0,3.0,227.66,Retained,No Complaint
54589,0,21.0,Mobile Phone,1,9.0,Credit Card,Female,4.0,4,Laptop & Accessory,1,Married,7,0,14.0,1.0,2.0,5.0,175.7,Retained,No Complaint
54590,0,20.0,Mobile Phone,1,9.0,Debit Card,Male,3.0,4,Grocery,3,Married,8,0,15.0,2.0,2.0,2.0,303.61,Retained,No Complaint
54591,0,9.0,Mobile Phone,1,29.0,Debit Card,Male,3.0,6,Mobile,3,Single,2,0,16.0,2.0,5.0,4.0,167.3,Retained,No Complaint
54592,0,28.0,Mobile Phone,1,6.0,Debit Card,Female,3.0,4,Laptop & Accessory,3,Single,9,0,12.0,1.0,2.0,1.0,162.8,Retained,No Complaint
54593,0,8.0,Mobile Phone,1,9.0,Debit Card,Male,4.0,5,Mobile,3,Married,5,0,13.0,4.0,6.0,8.0,152.68,Retained,No Complaint
54594,0,6.0,Mobile Phone,3,17.0,E wallet,Female,4.0,5,Fashion,1,Married,4,1,20.0,1.0,2.0,3.0,215.71,Retained,Filed Complaint
54595,0,5.0,Mobile Phone,1,16.0,Debit Card,Male,3.0,4,Fashion,4,Married,3,0,26.0,1.0,2.0,9.0,231.48000000000002,Retained,No Complaint
54596,1,1.0,Mobile Phone,1,22.0,Credit Card,Male,3.0,4,Fashion,3,Married,9,1,13.0,1.0,8.0,8.0,261.1,Churned,Filed Complaint
54597,1,1.0,Mobile Phone,1,17.0,Credit Card,Male,3.0,6,Mobile,1,Married,9,0,14.0,1.0,2.0,4.0,159.08,Churned,No Complaint
54598,0,4.0,Mobile Phone,3,14.0,E wallet,Male,3.0,4,Mobile,4,Single,2,0,15.0,1.0,2.0,3.0,154.83,Retained,No Complaint
54599,0,9.0,Mobile Phone,1,23.0,Debit Card,Male,4.0,4,Fashion,3,Married,6,1,13.0,1.0,2.0,1.0,201.32,Retained,Filed Complaint
54600,1,1.0,Computer,1,27.0,Debit Card,Male,4.0,4,Fashion,3,Married,5,0,13.0,2.0,2.0,3.0,223.24,Churned,No Complaint
54601,1,1.0,Computer,2,30.0,UPI,Female,3.0,4,Fashion,5,Married,11,1,16.0,2.0,2.0,3.0,224.5,Churned,Filed Complaint
54602,0,16.0,Computer,1,12.0,UPI,Male,4.0,4,Mobile,3,Married,6,0,18.0,1.0,3.0,1.0,145.93,Retained,No Complaint
54603,0,10.0,Computer,3,17.0,Credit Card,Male,3.0,4,Fashion,1,Single,3,0,15.0,9.0,10.0,3.0,224.8,Retained,No Complaint
54604,1,1.0,Computer,1,11.0,Cash on Delivery,Male,4.0,5,Mobile,3,Single,7,0,17.0,1.0,2.0,3.0,163.94,Churned,No Complaint
54605,0,22.0,Mobile Phone,3,9.0,E wallet,Female,3.0,4,Laptop & Accessory,1,Married,4,0,15.0,7.0,7.0,8.0,165.51,Retained,No Complaint
54606,0,29.0,Mobile Phone,3,25.0,Debit Card,Female,3.0,4,Grocery,4,Single,5,0,15.0,2.0,8.0,9.0,293.35,Retained,No Complaint
54607,0,15.0,Computer,3,17.0,Debit Card,Male,3.0,4,Laptop & Accessory,1,Single,9,0,15.0,1.0,2.0,11.0,187.3,Retained,No Complaint
54608,0,9.0,Mobile Phone,3,7.0,E wallet,Male,3.0,4,Laptop & Accessory,3,Married,11,0,12.0,1.0,7.0,10.0,172.17,Retained,No Complaint
54609,0,14.0,Mobile Phone,1,13.0,Debit Card,Female,4.0,4,Grocery,3,Single,9,0,16.0,5.0,2.0,14.0,257.37,Retained,No Complaint
54610,0,13.0,Computer,1,15.0,Debit Card,Female,3.0,4,Mobile,3,Married,3,0,12.0,2.0,2.0,8.0,162.55,Retained,No Complaint
54611,0,5.0,Mobile Phone,3,9.0,Debit Card,Male,4.0,4,Laptop & Accessory,1,Single,6,1,14.0,2.0,2.0,6.0,190.82,Retained,Filed Complaint
54612,0,16.0,Mobile Phone,1,31.0,Credit Card,Male,3.0,4,Fashion,5,Married,3,1,22.0,6.0,6.0,9.0,199.06,Retained,Filed Complaint
54613,0,19.0,Mobile Phone,3,9.0,UPI,Male,4.0,4,Laptop & Accessory,4,Married,2,0,20.0,4.0,4.0,8.0,173.05,Retained,No Complaint
54614,1,1.0,Computer,2,24.0,Debit Card,Female,3.0,4,Mobile,3,Married,2,1,12.0,1.0,2.0,1.0,152.41,Churned,Filed Complaint
54615,0,3.0,Mobile Phone,1,26.0,Cash on Delivery,Male,3.0,4,Laptop & Accessory,1,Married,6,0,13.0,2.0,2.0,3.0,167.62,Retained,No Complaint
54616,0,7.0,Mobile Phone,1,7.0,Credit Card,Female,4.0,2,Grocery,3,Married,6,0,20.0,1.0,2.0,6.0,286.84,Retained,No Complaint
54617,0,5.0,Mobile Phone,3,14.0,Debit Card,Male,3.0,5,Fashion,1,Married,11,0,22.0,2.0,2.0,2.0,240.57,Retained,No Complaint
54618,1,1.0,Computer,3,12.0,E wallet,Male,4.0,4,Mobile,4,Single,3,1,15.0,2.0,2.0,1.0,143.78,Churned,Filed Complaint
54619,0,14.0,Computer,3,35.0,UPI,Male,3.0,6,Fashion,5,Married,5,0,16.0,1.0,2.0,2.0,234.32,Retained,No Complaint
54620,0,15.0,Computer,1,9.0,UPI,Female,4.0,5,Laptop & Accessory,3,Single,4,1,18.0,1.0,2.0,8.0,193.11,Retained,Filed Complaint
54621,0,1.0,Mobile Phone,3,36.0,Credit Card,Male,3.0,4,Laptop & Accessory,3,Married,7,0,13.0,1.0,2.0,1.0,168.06,Retained,No Complaint
54622,0,9.0,Mobile Phone,3,7.0,Credit Card,Female,4.0,4,Laptop & Accessory,3,Single,3,0,17.0,2.0,2.0,4.0,173.59,Retained,No Complaint
54623,0,8.0,Mobile Phone,3,28.0,Debit Card,Male,4.0,2,Laptop & Accessory,1,Single,3,0,13.0,1.0,6.0,8.0,178.37,Retained,No Complaint
54624,1,1.0,Phone,1,31.0,Cash on Delivery,Male,4.0,6,Mobile,1,Single,3,1,19.0,1.0,2.0,1.0,148.4,Churned,Filed Complaint
54625,0,11.0,Mobile Phone,1,7.0,Cash on Delivery,Female,3.0,4,Fashion,1,Single,6,0,18.0,2.0,2.0,3.0,199.91,Retained,No Complaint
54626,0,20.0,Computer,1,25.0,Credit Card,Female,3.0,4,Fashion,3,Married,7,0,12.0,1.0,2.0,3.0,230.27,Retained,No Complaint
54627,0,15.0,Mobile Phone,3,9.0,Debit Card,Female,4.0,4,Grocery,5,Married,9,0,17.0,1.0,12.0,9.0,290.95,Retained,No Complaint
54628,0,11.0,Computer,3,16.0,Credit Card,Male,4.0,4,Fashion,4,Married,3,0,14.0,2.0,8.0,3.0,213.34,Retained,No Complaint
54629,0,26.0,Mobile Phone,1,13.0,Cash on Delivery,Male,4.0,4,Laptop & Accessory,5,Married,5,1,13.0,3.0,7.0,10.0,180.77,Retained,Filed Complaint
54630,1,1.0,Computer,3,18.0,UPI,Male,3.0,2,Laptop & Accessory,3,Married,10,0,13.0,2.0,2.0,3.0,172.07,Churned,No Complaint
54631,0,1.0,Computer,3,31.0,Credit Card,Male,3.0,4,Mobile,1,Married,2,0,14.0,2.0,3.0,2.0,149.0,Retained,No Complaint
54632,0,12.0,Mobile Phone,1,17.0,Credit Card,Female,4.0,4,Laptop & Accessory,3,Married,5,0,20.0,1.0,2.0,3.0,223.24,Retained,No Complaint
54633,0,11.0,Mobile Phone,1,7.0,Debit Card,Female,4.0,4,Laptop & Accessory,4,Married,8,0,13.0,5.0,5.0,4.0,189.47,Retained,No Complaint
54634,0,23.0,Mobile Phone,1,25.0,Debit Card,Male,3.0,5,Others,3,Married,3,1,15.0,2.0,2.0,10.0,320.02,Retained,Filed Complaint
54635,0,1.0,Mobile Phone,1,30.0,Credit Card,Male,3.0,2,Mobile,1,Married,3,1,12.0,1.0,2.0,5.0,152.25,Retained,Filed Complaint
54636,0,1.0,Mobile Phone,3,35.0,E wallet,Male,4.0,4,Laptop & Accessory,4,Married,3,0,21.0,1.0,2.0,5.0,187.72,Retained,No Complaint
54637,0,1.0,Phone,1,24.0,UPI,Male,4.0,5,Mobile,4,Married,3,0,22.0,2.0,2.0,1.0,146.27,Retained,No Complaint
54638,0,24.0,Computer,2,10.0,Credit Card,Male,4.0,4,Others,4,Married,3,0,15.0,2.0,11.0,8.0,307.0,Retained,No Complaint
54639,0,1.0,Phone,3,20.0,Credit Card,Male,3.0,4,Mobile,3,Married,3,0,12.0,2.0,2.0,7.0,145.96,Retained,No Complaint
54640,1,1.0,Computer,1,14.0,Debit Card,Female,3.0,4,Mobile,3,Married,3,1,17.0,1.0,2.0,3.0,153.86,Churned,Filed Complaint
54641,1,1.0,Computer,3,19.0,Debit Card,Male,4.0,5,Mobile,5,Married,3,0,19.0,2.0,2.0,1.0,145.33,Churned,No Complaint
54642,0,8.0,Mobile Phone,1,7.0,Debit Card,Male,3.0,5,Mobile,1,Married,3,1,14.0,2.0,2.0,4.0,161.22,Retained,Filed Complaint
54643,1,1.0,Mobile Phone,3,20.0,Credit Card,Male,3.0,4,Laptop & Accessory,5,Married,4,0,18.0,1.0,2.0,3.0,167.33,Churned,No Complaint
54644,0,9.0,Mobile Phone,1,32.0,UPI,Male,3.0,5,Laptop & Accessory,1,Single,6,0,15.0,2.0,2.0,3.0,161.81,Retained,No Complaint
54645,0,5.0,Mobile Phone,3,13.0,Credit Card,Male,4.0,2,Laptop & Accessory,1,Married,6,0,23.0,6.0,6.0,8.0,179.6,Retained,No Complaint
54646,0,1.0,Phone,1,13.0,Credit Card,Female,4.0,5,Mobile,3,Married,2,0,13.0,1.0,2.0,4.0,146.87,Retained,No Complaint
54647,0,11.0,Mobile Phone,3,9.0,E wallet,Male,4.0,4,Laptop & Accessory,3,Married,6,1,12.0,1.0,2.0,3.0,221.02,Retained,Filed Complaint
54648,0,1.0,Mobile Phone,1,7.0,Debit Card,Female,3.0,5,Mobile,4,Single,3,0,14.0,1.0,2.0,1.0,153.36,Retained,No Complaint
54649,0,16.0,Mobile Phone,1,9.0,Debit Card,Female,3.0,4,Laptop & Accessory,1,Married,3,0,14.0,1.0,3.0,3.0,165.89,Retained,No Complaint
54650,0,17.0,Mobile Phone,1,13.0,UPI,Male,3.0,5,Grocery,1,Married,6,1,15.0,1.0,2.0,1.0,291.27,Retained,Filed Complaint
54651,0,12.0,Mobile Phone,1,7.0,Debit Card,Female,3.0,4,Mobile,5,Single,5,0,18.0,1.0,2.0,1.0,151.19,Retained,No Complaint
54652,0,17.0,Computer,1,16.0,Credit Card,Male,4.0,4,Laptop & Accessory,3,Married,5,1,14.0,2.0,5.0,8.0,181.79,Retained,Filed Complaint
54653,0,22.0,Mobile Phone,1,7.0,Debit Card,Female,3.0,5,Grocery,5,Married,9,0,12.0,1.0,2.0,3.0,279.02,Retained,No Complaint
54654,0,18.0,Mobile Phone,2,7.0,Debit Card,Female,3.0,5,Laptop & Accessory,3,Single,6,0,12.0,2.0,2.0,3.0,184.85,Retained,No Complaint
54655,0,8.0,Mobile Phone,3,21.0,Cash on Delivery,Female,3.0,4,Mobile,3,Married,3,1,19.0,2.0,2.0,7.0,150.79,Retained,Filed Complaint
54656,1,1.0,Mobile Phone,3,9.0,E wallet,Male,3.0,4,Mobile,5,Married,2,0,12.0,2.0,2.0,3.0,155.41,Churned,No Complaint
54657,0,1.0,Mobile Phone,3,29.0,Cash on Delivery,Male,3.0,4,Mobile,3,Single,3,0,12.0,1.0,2.0,3.0,159.47,Retained,No Complaint
54658,0,18.0,Mobile Phone,1,10.0,UPI,Male,3.0,4,Others,1,Married,6,1,15.0,1.0,2.0,2.0,320.13,Retained,Filed Complaint
54659,0,1.0,Mobile Phone,1,13.0,Credit Card,Male,4.0,4,Mobile,3,Married,2,0,21.0,2.0,3.0,3.0,152.73,Retained,No Complaint
54660,0,7.0,Mobile Phone,3,15.0,E wallet,Male,3.0,4,Laptop & Accessory,3,Married,2,0,13.0,1.0,2.0,3.0,196.04,Retained,No Complaint
54661,0,6.0,Mobile Phone,1,16.0,Debit Card,Female,4.0,4,Laptop & Accessory,1,Married,3,1,13.0,2.0,2.0,6.0,188.22,Retained,Filed Complaint
54662,0,4.0,Computer,1,10.0,Credit Card,Female,4.0,4,Mobile,3,Married,3,0,21.0,2.0,2.0,1.0,145.83,Retained,No Complaint
54663,0,27.0,Mobile Phone,3,7.0,Credit Card,Female,3.0,4,Laptop & Accessory,5,Single,9,0,21.0,5.0,9.0,11.0,208.81,Retained,No Complaint
54664,0,8.0,Mobile Phone,1,7.0,Debit Card,Male,3.0,4,Mobile,1,Married,3,0,13.0,2.0,9.0,9.0,151.91,Retained,No Complaint
54665,1,9.0,Computer,3,33.0,Debit Card,Female,4.0,4,Laptop & Accessory,5,Married,4,0,15.0,1.0,2.0,1.0,167.86,Churned,No Complaint
54666,0,1.0,Mobile Phone,1,13.0,Debit Card,Female,4.0,4,Mobile,1,Married,3,1,14.0,1.0,2.0,3.0,81.0,Retained,Filed Complaint
54667,0,11.0,Mobile Phone,1,10.0,UPI,Male,3.0,4,Fashion,3,Married,3,0,16.0,8.0,8.0,3.0,219.34,Retained,No Complaint
54668,0,3.0,Mobile Phone,3,10.0,Credit Card,Female,4.0,4,Laptop & Accessory,3,Married,3,0,15.0,1.0,2.0,3.0,180.61,Retained,No Complaint
54669,0,9.0,Mobile Phone,1,13.0,Debit Card,Male,3.0,6,Laptop & Accessory,1,Single,3,0,14.0,1.0,12.0,9.0,191.46,Retained,No Complaint
54670,0,7.0,Computer,1,13.0,Debit Card,Male,2.0,4,Laptop & Accessory,1,Married,5,0,24.0,4.0,5.0,8.0,202.25,Retained,No Complaint
54671,0,28.0,Mobile Phone,2,26.0,Credit Card,Male,3.0,4,Fashion,4,Married,4,0,16.0,3.0,2.0,2.0,232.25,Retained,No Complaint
54672,0,10.0,Mobile Phone,1,16.0,Credit Card,Male,3.0,5,Laptop & Accessory,4,Married,4,1,12.0,1.0,2.0,3.0,213.47,Retained,Filed Complaint
54673,0,1.0,Phone,1,10.0,Credit Card,Male,3.0,5,Mobile,1,Single,2,0,14.0,2.0,2.0,2.0,145.45,Retained,No Complaint
54674,1,1.0,Phone,1,17.0,Credit Card,Male,3.0,4,Mobile,3,Single,3,1,12.0,2.0,2.0,2.0,135.09,Churned,Filed Complaint
54675,1,1.0,Computer,1,10.0,Debit Card,Male,4.0,4,Mobile,5,Single,3,1,12.0,6.0,10.0,8.0,158.48,Churned,Filed Complaint
54676,0,9.0,Computer,1,10.0,Debit Card,Male,3.0,5,Mobile,3,Married,3,0,19.0,2.0,2.0,1.0,137.81,Retained,No Complaint
54677,0,1.0,Mobile Phone,1,11.0,Credit Card,Male,3.0,2,Mobile,5,Married,4,0,17.0,1.0,2.0,3.0,153.19,Retained,No Complaint
54678,0,1.0,Mobile Phone,3,15.0,Debit Card,Male,3.0,2,Laptop & Accessory,4,Married,2,0,23.0,2.0,2.0,3.0,173.51,Retained,No Complaint
54679,0,12.0,Mobile Phone,3,14.0,E wallet,Female,3.0,5,Laptop & Accessory,1,Single,2,0,21.0,2.0,2.0,6.0,165.28,Retained,No Complaint
54680,0,3.0,Computer,1,7.0,Debit Card,Male,4.0,6,Mobile,1,Married,3,0,19.0,1.0,3.0,9.0,152.2,Retained,No Complaint
54681,0,22.0,Mobile Phone,3,9.0,E wallet,Male,3.0,2,Laptop & Accessory,4,Married,5,0,13.0,1.0,3.0,3.0,206.2,Retained,No Complaint
54682,0,1.0,Computer,3,10.0,Credit Card,Female,4.0,2,Laptop & Accessory,1,Married,3,1,21.0,2.0,2.0,5.0,171.47,Retained,Filed Complaint
54683,0,11.0,Mobile Phone,1,17.0,Debit Card,Male,4.0,2,Mobile,1,Single,5,0,18.0,2.0,2.0,1.0,171.8,Retained,No Complaint
54684,0,24.0,Mobile Phone,1,35.0,Credit Card,Male,4.0,2,Mobile,3,Married,3,1,12.0,1.0,4.0,9.0,157.21,Retained,Filed Complaint
54685,0,8.0,Mobile Phone,1,16.0,Credit Card,Female,3.0,5,Fashion,4,Single,3,0,15.0,5.0,8.0,3.0,211.21,Retained,No Complaint
54686,1,1.0,Mobile Phone,3,10.0,Debit Card,Female,4.0,4,Laptop & Accessory,3,Single,11,0,15.0,2.0,3.0,1.0,170.77,Churned,No Complaint
54687,0,13.0,Mobile Phone,1,9.0,Cash on Delivery,Female,4.0,5,Laptop & Accessory,3,Single,3,0,12.0,2.0,12.0,11.0,170.53,Retained,No Complaint
54688,0,6.0,Mobile Phone,3,17.0,E wallet,Male,3.0,4,Laptop & Accessory,1,Single,3,0,13.0,2.0,2.0,9.0,178.96,Retained,No Complaint
54689,1,14.0,Computer,3,15.0,Cash on Delivery,Male,3.0,4,Laptop & Accessory,3,Married,5,1,15.0,1.0,2.0,4.0,192.96,Churned,Filed Complaint
54690,0,12.0,Mobile Phone,1,7.0,Debit Card,Female,3.0,2,Laptop & Accessory,1,Single,2,0,14.0,1.0,2.0,9.0,201.25,Retained,No Complaint
54691,0,1.0,Mobile Phone,1,7.0,Debit Card,Female,4.0,4,Fashion,5,Married,3,0,12.0,1.0,2.0,8.0,199.12,Retained,No Complaint
54692,0,6.0,Mobile Phone,1,10.0,Debit Card,Female,3.0,4,Fashion,1,Single,5,0,16.0,7.0,2.0,8.0,236.58999999999997,Retained,No Complaint
54693,0,21.0,Mobile Phone,3,21.0,E wallet,Male,3.0,4,Laptop & Accessory,5,Single,4,0,13.0,2.0,2.0,8.0,174.6,Retained,No Complaint
54694,0,14.0,Computer,3,12.0,Debit Card,Male,3.0,5,Fashion,5,Married,7,1,22.0,1.0,2.0,3.0,229.75,Retained,Filed Complaint
54695,0,27.0,Mobile Phone,1,14.0,Debit Card,Male,3.0,2,Grocery,3,Married,5,0,20.0,1.0,2.0,4.0,273.14,Retained,No Complaint
54696,0,15.0,Mobile Phone,2,17.0,UPI,Male,4.0,5,Others,1,Married,5,0,15.0,4.0,13.0,7.0,316.41,Retained,No Complaint
54697,0,31.0,Mobile Phone,3,23.0,E wallet,Male,3.0,4,Laptop & Accessory,5,Single,10,0,15.0,3.0,3.0,3.0,179.05,Retained,No Complaint
54698,0,1.0,Computer,1,17.0,Debit Card,Male,3.0,4,Fashion,5,Married,3,0,22.0,1.0,2.0,3.0,212.93,Retained,No Complaint
54699,0,15.0,Mobile Phone,2,7.0,UPI,Male,3.0,5,Others,3,Married,3,0,15.0,2.0,3.0,11.0,316.89,Retained,No Complaint
54700,0,24.0,Mobile Phone,3,15.0,E wallet,Male,3.0,4,Mobile,4,Married,9,0,16.0,1.0,3.0,3.0,163.75,Retained,No Complaint
54701,1,1.0,Phone,1,7.0,Debit Card,Female,4.0,6,Mobile,4,Single,9,1,14.0,2.0,4.0,8.0,147.16,Churned,Filed Complaint
54702,0,10.0,Computer,1,15.0,Debit Card,Female,4.0,2,Fashion,5,Married,11,0,15.0,1.0,2.0,6.0,242.13,Retained,No Complaint
54703,0,12.0,Mobile Phone,1,7.0,Debit Card,Female,3.0,4,Fashion,3,Single,6,1,15.0,1.0,2.0,1.0,203.61,Retained,Filed Complaint
54704,0,18.0,Computer,1,31.0,Credit Card,Male,3.0,6,Mobile,3,Single,4,0,15.0,1.0,2.0,5.0,162.08,Retained,No Complaint
54705,0,21.0,Computer,3,10.0,Credit Card,Female,3.0,4,Grocery,3,Married,11,1,13.0,1.0,12.0,14.0,262.7,Retained,Filed Complaint
54706,0,4.0,Mobile Phone,3,34.0,E wallet,Male,4.0,4,Laptop & Accessory,1,Married,9,0,24.0,3.0,8.0,8.0,178.04,Retained,No Complaint
54707,0,3.0,Mobile Phone,3,17.0,Debit Card,Male,4.0,4,Mobile,3,Single,3,0,12.0,2.0,2.0,1.0,151.42,Retained,No Complaint
54708,1,6.0,Computer,1,26.0,Credit Card,Male,3.0,2,Mobile,3,Married,8,1,13.0,1.0,3.0,3.0,152.59,Churned,Filed Complaint
54709,0,17.0,Computer,3,22.0,Debit Card,Male,3.0,5,Laptop & Accessory,1,Married,5,0,19.0,2.0,3.0,3.0,193.04,Retained,No Complaint
54710,0,8.0,Mobile Phone,1,15.0,Credit Card,Female,4.0,4,Laptop & Accessory,3,Single,5,0,12.0,1.0,5.0,4.0,186.42,Retained,No Complaint
54711,0,1.0,Mobile Phone,1,16.0,Credit Card,Male,3.0,4,Mobile,5,Married,3,0,15.0,2.0,2.0,3.0,150.0,Retained,No Complaint
54712,0,13.0,Mobile Phone,2,10.0,UPI,Female,3.0,2,Laptop & Accessory,4,Married,11,0,16.0,1.0,4.0,7.0,188.89,Retained,No Complaint
54713,0,30.0,Mobile Phone,1,16.0,Credit Card,Male,3.0,4,Grocery,1,Married,9,0,12.0,1.0,2.0,2.0,236.02999999999997,Retained,No Complaint
54714,0,14.0,Phone,1,9.0,Credit Card,Female,3.0,5,Mobile,1,Single,2,1,21.0,1.0,3.0,4.0,148.42,Retained,Filed Complaint
54715,0,1.0,Mobile Phone,1,14.0,Credit Card,Female,3.0,5,Laptop & Accessory,5,Single,10,0,20.0,2.0,2.0,8.0,193.11,Retained,No Complaint
54716,0,3.0,Phone,3,17.0,E wallet,Male,3.0,4,Mobile,4,Married,3,0,15.0,3.0,3.0,3.0,147.97,Retained,No Complaint
54717,0,27.0,Phone,1,13.0,Debit Card,Male,3.0,4,Laptop & Accessory,1,Single,4,0,18.0,3.0,3.0,3.0,149.5,Retained,No Complaint
54718,0,9.0,Computer,1,9.0,Debit Card,Female,4.0,4,Laptop & Accessory,5,Married,4,0,12.0,2.0,2.0,1.0,175.93,Retained,No Complaint
54719,0,6.0,Computer,1,31.0,Debit Card,Male,4.0,4,Laptop & Accessory,1,Married,3,0,16.0,2.0,5.0,8.0,178.09,Retained,No Complaint
54720,0,12.0,Mobile Phone,1,9.0,Credit Card,Male,4.0,4,Mobile,3,Married,8,1,14.0,1.0,2.0,2.0,155.57,Retained,Filed Complaint
54721,0,8.0,Mobile Phone,1,15.0,Debit Card,Female,3.0,4,Laptop & Accessory,5,Married,5,0,15.0,2.0,2.0,1.0,176.21,Retained,No Complaint
54722,0,26.0,Mobile Phone,3,10.0,E wallet,Male,3.0,5,Grocery,5,Married,3,0,15.0,2.0,2.0,17.0,293.56,Retained,No Complaint
54723,1,1.0,Mobile Phone,1,7.0,UPI,Male,4.0,4,Mobile,1,Single,3,1,14.0,7.0,8.0,9.0,151.86,Churned,Filed Complaint
54724,0,1.0,Mobile Phone,3,33.0,Credit Card,Female,3.0,4,Laptop & Accessory,1,Single,3,0,24.0,1.0,2.0,5.0,186.8,Retained,No Complaint
54725,0,19.0,Mobile Phone,3,9.0,Cash on Delivery,Male,3.0,6,Laptop & Accessory,3,Single,2,0,14.0,2.0,4.0,2.0,191.32,Retained,No Complaint
54726,0,1.0,Mobile Phone,1,17.0,Credit Card,Male,4.0,2,Mobile,3,Single,3,0,19.0,1.0,2.0,3.0,160.05,Retained,No Complaint
54727,1,11.0,Computer,3,34.0,Debit Card,Female,4.0,2,Laptop & Accessory,3,Single,6,1,13.0,1.0,2.0,4.0,188.97,Churned,Filed Complaint
54728,0,8.0,Mobile Phone,3,9.0,UPI,Male,3.0,4,Laptop & Accessory,1,Single,3,0,23.0,1.0,2.0,5.0,187.74,Retained,No Complaint
54729,1,19.0,Mobile Phone,1,9.0,Credit Card,Male,4.0,4,Others,5,Married,7,1,14.0,2.0,2.0,5.0,323.59,Churned,Filed Complaint
54730,0,10.0,Computer,3,15.0,Debit Card,Male,4.0,5,Fashion,5,Single,3,0,16.0,1.0,2.0,10.0,200.87,Retained,No Complaint
54731,0,26.0,Computer,1,26.0,Credit Card,Male,3.0,4,Mobile,1,Married,2,0,19.0,2.0,2.0,3.0,167.58,Retained,No Complaint
54732,0,1.0,Computer,1,7.0,Debit Card,Female,4.0,6,Mobile,1,Married,5,0,15.0,3.0,3.0,1.0,168.64,Retained,No Complaint
54733,0,3.0,Mobile Phone,1,34.0,Credit Card,Female,4.0,4,Laptop & Accessory,3,Married,6,0,13.0,1.0,2.0,2.0,168.35,Retained,No Complaint
54734,1,1.0,Mobile Phone,3,15.0,Cash on Delivery,Male,3.0,5,Laptop & Accessory,5,Single,8,0,18.0,1.0,2.0,3.0,178.26,Churned,No Complaint
54735,0,8.0,Mobile Phone,1,7.0,Debit Card,Female,4.0,2,Mobile,1,Single,4,0,17.0,2.0,2.0,4.0,157.8,Retained,No Complaint
54736,0,28.0,Mobile Phone,1,26.0,Credit Card,Female,4.0,4,Laptop & Accessory,5,Married,11,1,12.0,1.0,2.0,5.0,179.85,Retained,Filed Complaint
54737,0,1.0,Computer,3,15.0,E wallet,Male,3.0,4,Laptop & Accessory,1,Married,2,0,20.0,2.0,2.0,2.0,168.42,Retained,No Complaint
54738,0,11.0,Mobile Phone,1,17.0,Debit Card,Female,3.0,4,Mobile,5,Married,2,1,14.0,5.0,5.0,4.0,152.82,Retained,Filed Complaint
54739,0,12.0,Computer,1,9.0,Debit Card,Female,4.0,2,Laptop & Accessory,5,Single,8,1,13.0,1.0,5.0,13.0,184.8,Retained,Filed Complaint
54740,0,8.0,Mobile Phone,1,9.0,Credit Card,Female,3.0,5,Mobile,5,Single,3,0,12.0,2.0,2.0,4.0,168.81,Retained,No Complaint
54741,0,9.0,Mobile Phone,3,15.0,Debit Card,Female,4.0,4,Mobile,1,Married,3,0,17.0,2.0,2.0,3.0,150.72,Retained,No Complaint
54742,0,4.0,Mobile Phone,1,7.0,Debit Card,Male,3.0,6,Mobile,3,Married,5,0,22.0,2.0,2.0,3.0,163.33,Retained,No Complaint
54743,0,14.0,Computer,1,9.0,Credit Card,Female,3.0,2,Laptop & Accessory,4,Married,3,0,25.0,1.0,4.0,8.0,167.44,Retained,No Complaint
54744,0,8.0,Mobile Phone,3,15.0,Debit Card,Female,4.0,4,Laptop & Accessory,5,Married,7,0,18.0,2.0,2.0,3.0,190.0,Retained,No Complaint
54745,0,16.0,Computer,1,15.0,Debit Card,Male,4.0,4,Others,1,Married,3,0,15.0,6.0,15.0,10.0,309.3,Retained,No Complaint
54746,1,1.0,Phone,1,13.0,Debit Card,Male,4.0,2,Mobile,5,Married,3,1,22.0,1.0,2.0,1.0,141.01,Churned,Filed Complaint
54747,0,1.0,Computer,1,16.0,Debit Card,Male,3.0,5,Mobile,4,Married,3,0,12.0,1.0,2.0,1.0,151.94,Retained,No Complaint
54748,0,26.0,Mobile Phone,1,18.0,Debit Card,Female,3.0,4,Laptop & Accessory,3,Married,10,0,21.0,2.0,2.0,5.0,156.49,Retained,No Complaint
54749,0,24.0,Mobile Phone,1,9.0,Credit Card,Male,4.0,4,Grocery,3,Married,7,0,15.0,1.0,2.0,4.0,301.39,Retained,No Complaint
54750,1,1.0,Phone,1,7.0,Debit Card,Female,3.0,5,Mobile,5,Married,3,1,12.0,1.0,2.0,1.0,148.19,Churned,Filed Complaint
54751,0,7.0,Mobile Phone,1,14.0,Credit Card,Male,3.0,4,Fashion,3,Married,2,0,12.0,2.0,2.0,8.0,241.91000000000003,Retained,No Complaint
54752,1,1.0,Mobile Phone,3,23.0,E wallet,Female,4.0,4,Laptop & Accessory,5,Single,7,0,16.0,2.0,2.0,3.0,178.24,Churned,No Complaint
54753,0,21.0,Mobile Phone,1,9.0,UPI,Female,3.0,4,Grocery,1,Married,3,1,15.0,4.0,4.0,1.0,292.52,Retained,Filed Complaint
54754,0,10.0,Mobile Phone,1,7.0,UPI,Female,3.0,4,Laptop & Accessory,4,Married,2,0,16.0,2.0,2.0,6.0,177.28,Retained,No Complaint
54755,0,3.0,Mobile Phone,1,30.0,Debit Card,Male,3.0,2,Mobile,3,Married,3,0,25.0,2.0,2.0,8.0,152.0,Retained,No Complaint
54756,1,21.0,Mobile Phone,1,9.0,Debit Card,Male,3.0,4,Others,4,Single,9,1,15.0,8.0,14.0,9.0,317.46,Churned,Filed Complaint
54757,0,9.0,Mobile Phone,1,7.0,Debit Card,Female,3.0,2,Mobile,3,Single,5,0,14.0,3.0,3.0,3.0,150.06,Retained,No Complaint
54758,0,16.0,Mobile Phone,1,7.0,Debit Card,Female,3.0,5,Laptop & Accessory,1,Married,11,1,14.0,1.0,2.0,3.0,185.62,Retained,Filed Complaint
54759,1,1.0,Mobile Phone,1,9.0,Credit Card,Male,3.0,4,Mobile,3,Single,8,0,18.0,3.0,3.0,2.0,168.82,Churned,No Complaint
54760,0,10.0,Phone,2,20.0,UPI,Male,3.0,4,Mobile,4,Married,6,0,14.0,2.0,2.0,5.0,146.43,Retained,No Complaint
54761,0,6.0,Mobile Phone,1,11.0,Debit Card,Female,4.0,5,Laptop & Accessory,3,Married,3,0,13.0,6.0,7.0,9.0,186.62,Retained,No Complaint
54762,0,14.0,Computer,1,23.0,Credit Card,Male,3.0,5,Laptop & Accessory,3,Single,8,0,15.0,1.0,2.0,1.0,175.94,Retained,No Complaint
54763,0,4.0,Mobile Phone,1,9.0,Credit Card,Female,3.0,5,Laptop & Accessory,1,Single,7,1,25.0,2.0,2.0,1.0,193.77,Retained,Filed Complaint
54764,0,19.0,Phone,1,9.0,Debit Card,Female,4.0,5,Mobile,3,Single,3,0,15.0,2.0,2.0,1.0,147.74,Retained,No Complaint
54765,0,16.0,Mobile Phone,1,36.0,Debit Card,Male,4.0,4,Laptop & Accessory,4,Married,3,0,14.0,6.0,8.0,9.0,169.34,Retained,No Complaint
54766,0,12.0,Computer,1,19.0,Debit Card,Male,1.0,5,Laptop & Accessory,5,Married,4,0,16.0,2.0,2.0,3.0,187.88,Retained,No Complaint
54767,0,8.0,Computer,1,23.0,Debit Card,Female,4.0,5,Mobile,1,Single,3,0,17.0,2.0,2.0,4.0,150.53,Retained,No Complaint
54768,1,13.0,Mobile Phone,3,18.0,E wallet,Female,3.0,4,Fashion,1,Married,3,0,19.0,1.0,8.0,8.0,201.54,Churned,No Complaint
54769,1,19.0,Mobile Phone,3,9.0,Credit Card,Male,3.0,4,Laptop & Accessory,1,Single,6,0,17.0,2.0,8.0,4.0,176.6,Churned,No Complaint
54770,0,17.0,Mobile Phone,1,21.0,Debit Card,Male,4.0,4,Grocery,5,Married,8,0,15.0,2.0,2.0,1.0,296.59,Retained,No Complaint
54771,0,1.0,Mobile Phone,1,12.0,Cash on Delivery,Male,3.0,5,Fashion,1,Married,3,1,17.0,2.0,2.0,9.0,253.07999999999998,Retained,Filed Complaint
54772,0,9.0,Mobile Phone,1,14.0,UPI,Male,3.0,4,Fashion,3,Single,5,0,22.0,1.0,2.0,3.0,227.21,Retained,No Complaint
54773,0,2.0,Mobile Phone,3,9.0,E wallet,Female,3.0,4,Laptop & Accessory,4,Married,3,1,21.0,7.0,8.0,6.0,172.79,Retained,Filed Complaint
54774,0,8.0,Mobile Phone,2,10.0,UPI,Male,3.0,4,Mobile,1,Married,2,0,20.0,2.0,2.0,3.0,162.37,Retained,No Complaint
54775,1,1.0,Computer,1,12.0,Credit Card,Female,3.0,5,Mobile,3,Married,3,1,15.0,1.0,2.0,8.0,148.66,Churned,Filed Complaint
54776,0,1.0,Computer,1,10.0,Credit Card,Male,3.0,4,Mobile,1,Married,3,0,12.0,1.0,2.0,1.0,142.06,Retained,No Complaint
54777,0,25.0,Mobile Phone,3,33.0,E wallet,Female,4.0,4,Grocery,3,Married,4,0,15.0,1.0,5.0,18.0,288.07,Retained,No Complaint
54778,0,18.0,Mobile Phone,1,11.0,Credit Card,Male,3.0,4,Laptop & Accessory,4,Single,11,0,13.0,2.0,3.0,4.0,184.33,Retained,No Complaint
54779,0,1.0,Mobile Phone,1,9.0,Credit Card,Male,4.0,2,Mobile,5,Single,9,0,14.0,1.0,2.0,2.0,159.24,Retained,No Complaint
54780,0,7.0,Mobile Phone,3,7.0,Credit Card,Male,3.0,2,Laptop & Accessory,5,Married,3,0,23.0,1.0,2.0,9.0,165.37,Retained,No Complaint
54781,0,9.0,Mobile Phone,1,34.0,Credit Card,Female,3.0,5,Mobile,5,Single,3,0,12.0,1.0,2.0,2.0,150.59,Retained,No Complaint
54782,0,10.0,Mobile Phone,3,7.0,Debit Card,Male,3.0,4,Laptop & Accessory,1,Married,3,1,15.0,4.0,5.0,12.0,187.01,Retained,Filed Complaint
54783,0,6.0,Mobile Phone,3,20.0,Debit Card,Male,4.0,4,Laptop & Accessory,1,Married,4,0,12.0,1.0,2.0,4.0,169.03,Retained,No Complaint
54784,0,4.0,Computer,1,12.0,Debit Card,Male,4.0,5,Mobile,1,Married,11,0,13.0,1.0,2.0,4.0,162.61,Retained,No Complaint
54785,0,27.0,Mobile Phone,3,14.0,E wallet,Female,4.0,5,Fashion,1,Married,9,1,19.0,1.0,2.0,5.0,234.33999999999997,Retained,Filed Complaint
54786,0,19.0,Mobile Phone,3,16.0,E wallet,Male,4.0,4,Fashion,5,Married,6,1,13.0,1.0,2.0,3.0,232.61,Retained,Filed Complaint
54787,0,6.0,Mobile Phone,1,15.0,Credit Card,Female,4.0,2,Laptop & Accessory,3,Married,7,0,13.0,2.0,2.0,4.0,176.75,Retained,No Complaint
54788,0,26.0,Computer,1,32.0,Credit Card,Female,3.0,5,Grocery,1,Married,5,0,23.0,1.0,2.0,1.0,263.26,Retained,No Complaint
54789,0,11.0,Mobile Phone,3,23.0,E wallet,Male,4.0,5,Laptop & Accessory,3,Married,6,0,20.0,2.0,2.0,1.0,188.34,Retained,No Complaint
54790,0,2.0,Mobile Phone,2,15.0,Credit Card,Male,4.0,5,Mobile,1,Married,3,0,14.0,2.0,2.0,5.0,174.36,Retained,No Complaint
54791,0,1.0,Mobile Phone,1,7.0,Debit Card,Male,3.0,5,Laptop & Accessory,1,Married,8,0,23.0,3.0,3.0,3.0,172.75,Retained,No Complaint
54792,0,18.0,Mobile Phone,1,15.0,Debit Card,Male,4.0,2,Mobile,1,Married,4,1,25.0,2.0,2.0,3.0,153.18,Retained,Filed Complaint
54793,0,16.0,Computer,1,9.0,Credit Card,Male,3.0,4,Mobile,1,Single,7,1,15.0,2.0,3.0,3.0,150.15,Retained,Filed Complaint
54794,0,10.0,Phone,2,15.0,Debit Card,Male,4.0,5,Mobile,5,Married,2,0,22.0,1.0,2.0,4.0,148.42,Retained,No Complaint
54795,0,1.0,Mobile Phone,3,10.0,UPI,Male,4.0,4,Laptop & Accessory,5,Married,3,1,19.0,1.0,2.0,4.0,166.94,Retained,Filed Complaint
54796,0,9.0,Mobile Phone,1,16.0,Debit Card,Female,4.0,5,Fashion,3,Married,3,1,21.0,4.0,2.0,16.0,231.85000000000002,Retained,Filed Complaint
54797,1,1.0,Computer,1,32.0,Debit Card,Female,4.0,4,Mobile,4,Married,3,1,20.0,7.0,8.0,9.0,145.22,Churned,Filed Complaint
54798,0,6.0,Computer,1,7.0,Debit Card,Male,4.0,4,Mobile,1,Married,2,0,13.0,2.0,2.0,3.0,148.14,Retained,No Complaint
54799,0,1.0,Mobile Phone,3,11.0,E wallet,Male,3.0,5,Laptop & Accessory,5,Married,3,0,13.0,2.0,2.0,4.0,167.56,Retained,No Complaint
54800,0,23.0,Mobile Phone,1,7.0,Cash on Delivery,Female,3.0,4,Mobile,5,Married,4,0,17.0,1.0,2.0,3.0,160.8,Retained,No Complaint
54801,0,1.0,Computer,1,11.0,Debit Card,Male,3.0,5,Mobile,1,Married,2,0,18.0,1.0,4.0,5.0,156.62,Retained,No Complaint
54802,0,6.0,Computer,3,12.0,Debit Card,Male,3.0,4,Laptop & Accessory,4,Married,3,0,15.0,3.0,6.0,4.0,190.24,Retained,No Complaint
54803,0,12.0,Mobile Phone,3,16.0,E wallet,Male,4.0,5,Mobile,4,Married,2,0,20.0,1.0,2.0,3.0,153.99,Retained,No Complaint
54804,0,16.0,Mobile Phone,1,10.0,Debit Card,Female,4.0,2,Laptop & Accessory,1,Married,4,1,14.0,2.0,2.0,4.0,177.31,Retained,Filed Complaint
54805,0,5.0,Phone,1,18.0,Debit Card,Male,3.0,4,Mobile,1,Married,5,1,20.0,1.0,2.0,3.0,148.56,Retained,Filed Complaint
54806,1,1.0,Mobile Phone,3,7.0,Credit Card,Female,3.0,5,Mobile,3,Married,8,1,20.0,2.0,2.0,3.0,153.0,Churned,Filed Complaint
54807,0,27.0,Mobile Phone,3,15.0,E wallet,Male,4.0,4,Grocery,1,Married,7,0,15.0,3.0,2.0,3.0,243.36,Retained,No Complaint
54808,0,9.0,Mobile Phone,1,32.0,Cash on Delivery,Male,4.0,5,Fashion,4,Married,5,0,17.0,3.0,2.0,9.0,234.02999999999997,Retained,No Complaint
54809,0,11.0,Computer,3,28.0,Credit Card,Female,3.0,4,Mobile,1,Married,7,0,16.0,2.0,2.0,1.0,154.73,Retained,No Complaint
54810,0,27.0,Mobile Phone,1,30.0,Debit Card,Female,4.0,4,Grocery,1,Single,8,0,19.0,1.0,4.0,9.0,267.75,Retained,No Complaint
54811,0,17.0,Computer,1,7.0,Debit Card,Female,3.0,4,Laptop & Accessory,1,Married,6,0,14.0,2.0,3.0,3.0,180.62,Retained,No Complaint
54812,0,21.0,Mobile Phone,3,9.0,E wallet,Female,3.0,4,Laptop & Accessory,1,Married,2,1,23.0,4.0,8.0,8.0,170.37,Retained,Filed Complaint
54813,0,11.0,Computer,3,26.0,Credit Card,Male,3.0,4,Fashion,4,Single,3,1,14.0,1.0,2.0,10.0,201.42,Retained,Filed Complaint
54814,0,24.0,Computer,1,9.0,Debit Card,Male,4.0,4,Grocery,5,Married,3,0,15.0,14.0,15.0,8.0,304.24,Retained,No Complaint
54815,0,13.0,Mobile Phone,2,9.0,Debit Card,Female,3.0,5,Laptop & Accessory,1,Married,10,0,12.0,2.0,2.0,5.0,177.04,Retained,No Complaint
54816,0,7.0,Phone,2,10.0,UPI,Male,3.0,4,Mobile,4,Married,5,1,12.0,1.0,2.0,4.0,147.77,Retained,Filed Complaint
54817,1,1.0,Mobile Phone,1,32.0,Debit Card,Male,3.0,4,Mobile,1,Single,3,1,25.0,1.0,2.0,2.0,152.95,Churned,Filed Complaint
54818,0,3.0,Mobile Phone,1,14.0,Credit Card,Female,4.0,5,Mobile,1,Married,8,0,15.0,2.0,2.0,4.0,150.32,Retained,No Complaint
54819,0,18.0,Mobile Phone,1,16.0,Debit Card,Male,4.0,4,Mobile,5,Married,3,1,14.0,6.0,8.0,2.0,150.59,Retained,Filed Complaint
54820,0,2.0,Mobile Phone,3,12.0,Credit Card,Male,4.0,4,Laptop & Accessory,1,Single,3,0,15.0,1.0,2.0,3.0,174.08,Retained,No Complaint
54821,1,21.0,Computer,1,9.0,Debit Card,Male,3.0,5,Mobile,1,Married,11,1,15.0,2.0,2.0,1.0,148.8,Churned,Filed Complaint
54822,0,17.0,Mobile Phone,1,15.0,Debit Card,Female,3.0,4,Laptop & Accessory,4,Married,6,0,22.0,2.0,2.0,1.0,172.65,Retained,No Complaint
54823,1,1.0,Phone,3,9.0,Credit Card,Female,3.0,5,Mobile,3,Single,3,0,14.0,2.0,2.0,3.0,145.44,Churned,No Complaint
54824,1,1.0,Mobile Phone,1,25.0,UPI,Female,4.0,4,Mobile,1,Single,3,0,20.0,2.0,2.0,1.0,151.93,Churned,No Complaint
54825,0,10.0,Mobile Phone,1,21.0,Debit Card,Male,4.0,4,Laptop & Accessory,1,Married,2,1,18.0,3.0,5.0,12.0,190.86,Retained,Filed Complaint
54826,0,21.0,Mobile Phone,3,9.0,Debit Card,Female,4.0,5,Mobile,1,Single,3,1,19.0,1.0,2.0,3.0,157.94,Retained,Filed Complaint
54827,1,1.0,Mobile Phone,1,10.0,Debit Card,Female,3.0,4,Laptop & Accessory,3,Married,2,1,20.0,2.0,2.0,3.0,166.71,Churned,Filed Complaint
54828,1,5.0,Mobile Phone,1,9.0,Debit Card,Female,3.0,6,Mobile,1,Married,6,1,14.0,1.0,2.0,1.0,152.78,Churned,Filed Complaint
54829,0,2.0,Phone,1,16.0,Credit Card,Female,4.0,4,Mobile,3,Married,7,0,19.0,1.0,3.0,3.0,148.77,Retained,No Complaint
54830,1,3.0,Phone,1,13.0,Credit Card,Male,4.0,4,Mobile,5,Married,9,1,22.0,2.0,3.0,3.0,149.04,Churned,Filed Complaint
54831,0,1.0,Phone,1,11.0,Debit Card,Female,4.0,4,Mobile,3,Single,3,0,20.0,1.0,2.0,1.0,148.18,Retained,No Complaint
54832,0,8.0,Phone,1,17.0,Debit Card,Male,3.0,4,Mobile,4,Married,3,0,15.0,2.0,2.0,1.0,145.08,Retained,No Complaint
54833,0,16.0,Mobile Phone,3,21.0,Credit Card,Female,4.0,5,Laptop & Accessory,3,Single,9,0,18.0,2.0,2.0,4.0,187.44,Retained,No Complaint
54834,0,7.0,Mobile Phone,1,7.0,UPI,Male,4.0,5,Mobile,5,Single,5,1,12.0,2.0,2.0,3.0,152.99,Retained,Filed Complaint
54835,0,31.0,Mobile Phone,1,12.0,Cash on Delivery,Female,3.0,5,Fashion,4,Married,4,1,14.0,2.0,2.0,3.0,230.52,Retained,Filed Complaint
54836,0,5.0,Phone,3,14.0,Debit Card,Male,3.0,5,Mobile,3,Married,5,0,16.0,3.0,6.0,3.0,148.29,Retained,No Complaint
54837,0,9.0,Mobile Phone,1,28.0,Debit Card,Female,3.0,4,Laptop & Accessory,1,Married,3,1,26.0,1.0,2.0,8.0,165.14,Retained,Filed Complaint
54838,0,23.0,Mobile Phone,1,15.0,UPI,Female,3.0,4,Fashion,4,Married,6,0,12.0,1.0,2.0,8.0,199.03,Retained,No Complaint
54839,0,22.0,Phone,1,27.0,Credit Card,Male,3.0,4,Mobile,3,Married,6,0,18.0,2.0,2.0,1.0,147.59,Retained,No Complaint
54840,0,5.0,Computer,3,27.0,E wallet,Female,3.0,4,Laptop & Accessory,3,Married,3,0,14.0,2.0,2.0,1.0,194.32,Retained,No Complaint
54841,0,10.0,Mobile Phone,1,14.0,UPI,Male,4.0,4,Mobile,1,Single,4,0,19.0,2.0,2.0,2.0,171.78,Retained,No Complaint
54842,0,12.0,Mobile Phone,1,7.0,Cash on Delivery,Female,4.0,4,Fashion,5,Married,3,0,14.0,5.0,6.0,12.0,260.82,Retained,No Complaint
54843,0,6.0,Computer,1,7.0,Debit Card,Female,4.0,5,Mobile,4,Married,8,0,21.0,1.0,2.0,3.0,148.32,Retained,No Complaint
54844,1,1.0,Phone,3,26.0,E wallet,Male,3.0,5,Mobile,4,Married,3,1,19.0,1.0,2.0,1.0,149.13,Churned,Filed Complaint
54845,0,14.0,Mobile Phone,3,17.0,E wallet,Male,4.0,5,Fashion,4,Married,4,0,13.0,1.0,2.0,3.0,222.05,Retained,No Complaint
54846,0,1.0,Computer,3,7.0,Credit Card,Male,3.0,5,Laptop & Accessory,5,Single,3,0,13.0,1.0,2.0,8.0,167.94,Retained,No Complaint
54847,0,15.0,Mobile Phone,1,13.0,Credit Card,Male,3.0,4,Mobile,5,Single,4,1,14.0,2.0,3.0,18.0,172.21,Retained,Filed Complaint
54848,0,10.0,Mobile Phone,1,9.0,Credit Card,Male,4.0,4,Mobile,3,Single,6,0,22.0,2.0,4.0,10.0,150.19,Retained,No Complaint
54849,1,1.0,Phone,3,28.0,UPI,Male,3.0,5,Mobile,4,Single,3,1,14.0,2.0,2.0,1.0,146.21,Churned,Filed Complaint
54850,1,1.0,Mobile Phone,1,11.0,Cash on Delivery,Male,3.0,4,Mobile,5,Single,3,0,20.0,2.0,2.0,1.0,154.73,Churned,No Complaint
54851,0,5.0,Mobile Phone,1,19.0,Credit Card,Female,3.0,4,Laptop & Accessory,1,Married,2,1,12.0,7.0,9.0,6.0,183.55,Retained,Filed Complaint
54852,0,14.0,Computer,1,16.0,Credit Card,Male,3.0,4,Mobile,4,Married,10,1,15.0,1.0,2.0,1.0,161.17,Retained,Filed Complaint
54853,0,6.0,Mobile Phone,1,10.0,Credit Card,Female,4.0,4,Laptop & Accessory,5,Married,3,0,13.0,2.0,7.0,4.0,192.25,Retained,No Complaint
54854,1,1.0,Mobile Phone,3,10.0,Debit Card,Male,3.0,5,Fashion,1,Married,3,1,12.0,4.0,4.0,3.0,228.25,Churned,Filed Complaint
54855,0,7.0,Mobile Phone,1,7.0,Debit Card,Female,3.0,5,Laptop & Accessory,1,Single,2,0,15.0,2.0,2.0,5.0,194.49,Retained,No Complaint
54856,1,1.0,Mobile Phone,3,7.0,Debit Card,Male,3.0,5,Fashion,3,Married,7,0,12.0,6.0,12.0,3.0,231.08999999999997,Churned,No Complaint
54857,0,19.0,Computer,1,11.0,Debit Card,Male,3.0,4,Laptop & Accessory,4,Married,3,0,13.0,2.0,2.0,9.0,169.47,Retained,No Complaint
54858,0,3.0,Computer,3,27.0,Cash on Delivery,Female,3.0,4,Mobile,1,Married,3,0,16.0,1.0,2.0,3.0,146.57,Retained,No Complaint
54859,0,9.0,Mobile Phone,3,25.0,Credit Card,Female,3.0,4,Laptop & Accessory,3,Married,3,0,17.0,2.0,2.0,1.0,171.01,Retained,No Complaint
54860,0,26.0,Mobile Phone,1,7.0,Debit Card,Male,4.0,4,Grocery,1,Married,4,0,15.0,4.0,8.0,9.0,295.99,Retained,No Complaint
54861,1,21.0,Mobile Phone,1,9.0,Cash on Delivery,Male,3.0,4,Mobile,3,Single,6,0,25.0,1.0,2.0,1.0,149.79,Churned,No Complaint
54862,0,27.0,Mobile Phone,3,9.0,Credit Card,Male,3.0,4,Grocery,3,Married,8,0,14.0,1.0,16.0,3.0,273.52,Retained,No Complaint
54863,0,4.0,Mobile Phone,3,15.0,UPI,Male,4.0,4,Fashion,3,Married,7,0,12.0,3.0,8.0,8.0,197.64,Retained,No Complaint
54864,0,12.0,Computer,3,17.0,Cash on Delivery,Female,3.0,4,Laptop & Accessory,1,Single,3,1,14.0,2.0,2.0,4.0,181.66,Retained,Filed Complaint
54865,0,9.0,Mobile Phone,3,10.0,Debit Card,Male,4.0,4,Fashion,1,Married,8,0,14.0,1.0,2.0,9.0,203.23,Retained,No Complaint
54866,0,13.0,Mobile Phone,3,9.0,Debit Card,Male,3.0,2,Fashion,3,Single,2,0,19.0,1.0,2.0,8.0,203.8,Retained,No Complaint
54867,1,4.0,Computer,3,31.0,Debit Card,Female,4.0,2,Grocery,4,Single,6,1,17.0,2.0,2.0,1.0,256.94,Churned,Filed Complaint
54868,0,21.0,Computer,1,23.0,Credit Card,Male,4.0,2,Laptop & Accessory,3,Married,3,1,20.0,2.0,3.0,8.0,175.67,Retained,Filed Complaint
54869,0,10.0,Computer,3,15.0,Cash on Delivery,Male,3.0,4,Laptop & Accessory,1,Married,6,0,14.0,2.0,2.0,8.0,175.79,Retained,No Complaint
54870,1,1.0,Computer,1,16.0,Credit Card,Male,3.0,5,Mobile,5,Single,2,1,23.0,1.0,2.0,3.0,148.21,Churned,Filed Complaint
54871,0,7.0,Computer,3,24.0,Debit Card,Male,3.0,4,Grocery,3,Single,3,0,15.0,6.0,7.0,1.0,299.44,Retained,No Complaint
54872,1,1.0,Phone,1,17.0,Debit Card,Female,4.0,5,Mobile,5,Single,8,1,21.0,2.0,2.0,1.0,149.04,Churned,Filed Complaint
54873,0,7.0,Mobile Phone,1,20.0,Debit Card,Female,3.0,4,Mobile,1,Single,5,0,19.0,2.0,2.0,3.0,159.52,Retained,No Complaint
54874,0,19.0,Phone,1,7.0,Credit Card,Female,4.0,4,Mobile,1,Married,5,0,15.0,2.0,2.0,3.0,147.7,Retained,No Complaint
54875,0,24.0,Mobile Phone,1,7.0,Credit Card,Male,4.0,4,Grocery,1,Married,11,0,15.0,1.0,2.0,4.0,298.99,Retained,No Complaint
54876,0,7.0,Computer,1,7.0,UPI,Female,3.0,2,Laptop & Accessory,4,Married,3,1,14.0,2.0,2.0,3.0,179.88,Retained,Filed Complaint
54877,0,15.0,Computer,1,16.0,Credit Card,Male,4.0,4,Others,3,Married,4,0,15.0,1.0,2.0,12.0,319.19,Retained,No Complaint
54878,0,1.0,Mobile Phone,1,23.0,Cash on Delivery,Female,3.0,4,Mobile,4,Married,11,0,15.0,3.0,3.0,3.0,153.11,Retained,No Complaint
54879,0,19.0,Computer,1,30.0,Debit Card,Male,3.0,4,Laptop & Accessory,5,Married,3,1,16.0,2.0,2.0,9.0,161.33,Retained,Filed Complaint
54880,0,21.0,Mobile Phone,3,11.0,Debit Card,Female,3.0,4,Laptop & Accessory,1,Single,3,1,18.0,2.0,2.0,8.0,166.63,Retained,Filed Complaint
54881,1,1.0,Phone,1,29.0,Debit Card,Female,3.0,4,Mobile,3,Married,6,1,12.0,1.0,2.0,2.0,146.32,Churned,Filed Complaint
54882,0,24.0,Mobile Phone,1,31.0,Debit Card,Male,4.0,4,Grocery,3,Married,5,1,19.0,1.0,2.0,6.0,264.73,Retained,Filed Complaint
54883,0,12.0,Computer,1,17.0,Credit Card,Male,4.0,4,Mobile,3,Married,2,0,18.0,1.0,2.0,3.0,151.84,Retained,No Complaint
54884,0,20.0,Mobile Phone,1,14.0,Credit Card,Male,4.0,4,Fashion,3,Married,8,0,14.0,2.0,2.0,8.0,233.45,Retained,No Complaint
54885,0,1.0,Mobile Phone,1,24.0,Credit Card,Female,3.0,5,Laptop & Accessory,3,Married,3,0,16.0,1.0,4.0,3.0,168.77,Retained,No Complaint
54886,1,1.0,Mobile Phone,1,21.0,UPI,Male,3.0,5,Mobile,4,Married,3,1,25.0,2.0,2.0,3.0,162.43,Churned,Filed Complaint
54887,0,5.0,Computer,1,7.0,Debit Card,Female,4.0,4,Laptop & Accessory,5,Married,3,0,13.0,2.0,2.0,4.0,166.48,Retained,No Complaint
54888,0,1.0,Computer,1,12.0,Debit Card,Male,4.0,4,Mobile,1,Single,3,0,16.0,1.0,2.0,1.0,135.51,Retained,No Complaint
54889,0,28.0,Mobile Phone,1,24.0,Cash on Delivery,Female,3.0,4,Fashion,3,Married,10,0,12.0,1.0,2.0,9.0,232.39,Retained,No Complaint
54890,0,9.0,Mobile Phone,1,32.0,Credit Card,Female,3.0,4,Fashion,3,Married,3,1,12.0,1.0,11.0,3.0,228.88,Retained,Filed Complaint
54891,0,4.0,Mobile Phone,1,15.0,Debit Card,Female,4.0,2,Fashion,5,Married,2,1,13.0,1.0,2.0,8.0,239.16000000000003,Retained,Filed Complaint
54892,1,1.0,Mobile Phone,1,18.0,Credit Card,Female,4.0,5,Mobile,5,Single,3,1,16.0,2.0,2.0,1.0,151.0,Churned,Filed Complaint
54893,1,1.0,Computer,1,12.0,Credit Card,Female,3.0,4,Mobile,4,Single,2,0,18.0,1.0,2.0,3.0,149.22,Churned,No Complaint
54894,0,1.0,Mobile Phone,1,9.0,Credit Card,Male,3.0,2,Laptop & Accessory,1,Married,3,0,13.0,2.0,2.0,4.0,179.72,Retained,No Complaint
54895,0,1.0,Mobile Phone,1,15.0,Debit Card,Male,4.0,6,Mobile,5,Married,3,0,16.0,1.0,2.0,2.0,149.51,Retained,No Complaint
54896,0,22.0,Mobile Phone,1,13.0,Debit Card,Male,4.0,5,Laptop & Accessory,3,Single,4,0,14.0,1.0,3.0,3.0,167.4,Retained,No Complaint
54897,0,22.0,Mobile Phone,1,11.0,Debit Card,Male,4.0,5,Fashion,3,Single,9,0,15.0,2.0,2.0,9.0,234.99,Retained,No Complaint
54898,0,15.0,Mobile Phone,1,14.0,Credit Card,Female,3.0,4,Laptop & Accessory,3,Single,8,0,15.0,3.0,3.0,2.0,175.03,Retained,No Complaint
54899,0,13.0,Mobile Phone,1,7.0,Debit Card,Female,4.0,5,Grocery,1,Married,3,0,17.0,10.0,2.0,9.0,252.42000000000002,Retained,No Complaint
54900,0,1.0,Mobile Phone,1,9.0,Debit Card,Female,3.0,4,Laptop & Accessory,1,Married,2,0,19.0,3.0,3.0,3.0,167.27,Retained,No Complaint
54901,0,9.0,Mobile Phone,1,17.0,UPI,Male,3.0,4,Mobile,1,Married,3,0,21.0,1.0,2.0,3.0,164.17,Retained,No Complaint
54902,0,1.0,Mobile Phone,3,12.0,E wallet,Male,3.0,4,Others,3,Married,8,0,15.0,1.0,2.0,1.0,308.03,Retained,No Complaint
54903,0,24.0,Phone,1,16.0,Debit Card,Male,4.0,4,Mobile,1,Married,6,0,19.0,2.0,2.0,1.0,148.8,Retained,No Complaint
54904,0,31.0,Mobile Phone,1,9.0,Debit Card,Female,4.0,5,Grocery,1,Single,5,1,14.0,1.0,5.0,4.0,262.26,Retained,Filed Complaint
54905,1,1.0,Mobile Phone,1,18.0,Credit Card,Female,4.0,6,Laptop & Accessory,4,Married,7,0,16.0,2.0,2.0,1.0,172.77,Churned,No Complaint
54906,0,29.0,Computer,1,25.0,Credit Card,Male,4.0,4,Laptop & Accessory,4,Married,5,1,15.0,3.0,7.0,8.0,188.85,Retained,Filed Complaint
54907,0,15.0,Computer,1,14.0,Debit Card,Female,3.0,6,Others,3,Married,3,0,23.0,6.0,6.0,11.0,324.73,Retained,No Complaint
54908,0,12.0,Mobile Phone,3,10.0,Debit Card,Male,3.0,4,Laptop & Accessory,1,Single,10,1,13.0,2.0,2.0,1.0,193.61,Retained,Filed Complaint
54909,1,1.0,Computer,3,36.0,Credit Card,Male,4.0,6,Laptop & Accessory,5,Single,10,0,19.0,2.0,3.0,3.0,174.69,Churned,No Complaint
54910,1,16.0,Mobile Phone,3,9.0,E wallet,Female,3.0,6,Others,1,Married,3,0,16.0,4.0,7.0,10.0,323.45,Churned,No Complaint
54911,0,18.0,Mobile Phone,3,35.0,Credit Card,Female,3.0,2,Grocery,1,Married,5,1,19.0,5.0,2.0,12.0,258.2,Retained,Filed Complaint
54912,0,24.0,Computer,3,7.0,Debit Card,Female,4.0,4,Laptop & Accessory,3,Married,2,0,13.0,1.0,2.0,14.0,188.47,Retained,No Complaint
54913,1,1.0,Mobile Phone,1,23.0,Debit Card,Female,3.0,2,Mobile,5,Single,3,0,17.0,4.0,16.0,15.0,152.43,Churned,No Complaint
54914,0,13.0,Computer,1,29.0,Credit Card,Female,3.0,4,Fashion,5,Single,3,1,14.0,2.0,2.0,9.0,233.8,Retained,Filed Complaint
54915,0,7.0,Computer,3,15.0,Debit Card,Female,3.0,5,Mobile,1,Single,2,0,20.0,1.0,3.0,3.0,148.42,Retained,No Complaint
54916,0,19.0,Mobile Phone,3,18.0,Debit Card,Female,3.0,4,Grocery,1,Married,5,0,15.0,1.0,2.0,2.0,301.5,Retained,No Complaint
54917,0,6.0,Computer,1,36.0,Credit Card,Female,4.0,4,Mobile,3,Single,11,0,13.0,7.0,8.0,8.0,165.25,Retained,No Complaint
54918,0,8.0,Mobile Phone,3,7.0,E wallet,Male,4.0,2,Laptop & Accessory,1,Married,2,0,12.0,1.0,2.0,3.0,222.25,Retained,No Complaint
54919,0,31.0,Mobile Phone,3,7.0,Cash on Delivery,Male,4.0,4,Fashion,1,Married,5,1,15.0,2.0,2.0,5.0,244.04000000000002,Retained,Filed Complaint
54920,0,19.0,Phone,2,31.0,Credit Card,Male,3.0,4,Mobile,4,Single,3,0,17.0,1.0,2.0,5.0,146.77,Retained,No Complaint
54921,0,27.0,Computer,3,9.0,E wallet,Female,3.0,5,Fashion,4,Married,4,0,13.0,6.0,7.0,13.0,200.25,Retained,No Complaint
54922,1,1.0,Mobile Phone,1,22.0,UPI,Male,3.0,4,Laptop & Accessory,3,Married,9,0,15.0,1.0,2.0,1.0,173.34,Churned,No Complaint
54923,1,1.0,Computer,1,9.0,Debit Card,Male,3.0,4,Mobile,5,Married,8,1,15.0,1.0,2.0,3.0,145.42,Churned,Filed Complaint
54924,0,8.0,Phone,3,17.0,Debit Card,Female,3.0,4,Mobile,3,Married,3,1,20.0,1.0,2.0,1.0,147.2,Retained,Filed Complaint
54925,0,2.0,Phone,3,17.0,Credit Card,Male,4.0,4,Mobile,4,Married,3,0,23.0,1.0,2.0,1.0,135.52,Retained,No Complaint
54926,0,12.0,Computer,1,10.0,UPI,Male,3.0,4,Mobile,3,Married,5,0,17.0,3.0,3.0,3.0,153.21,Retained,No Complaint
54927,0,24.0,Mobile Phone,1,9.0,Credit Card,Male,4.0,4,Others,3,Married,4,1,15.0,5.0,8.0,8.0,317.37,Retained,Filed Complaint
54928,0,11.0,Mobile Phone,1,10.0,UPI,Female,3.0,4,Laptop & Accessory,4,Single,5,0,16.0,2.0,2.0,2.0,166.07,Retained,No Complaint
54929,0,14.0,Mobile Phone,3,33.0,E wallet,Male,4.0,4,Laptop & Accessory,5,Married,3,0,15.0,4.0,8.0,6.0,208.96,Retained,No Complaint
54930,0,1.0,Computer,1,7.0,Credit Card,Female,4.0,5,Mobile,3,Married,3,0,14.0,1.0,2.0,4.0,145.07,Retained,No Complaint
54931,0,20.0,Mobile Phone,1,7.0,Credit Card,Male,3.0,4,Others,1,Married,11,0,15.0,2.0,3.0,3.0,321.27,Retained,No Complaint
54932,0,28.0,Mobile Phone,3,9.0,Debit Card,Female,3.0,5,Fashion,3,Married,8,0,12.0,7.0,2.0,1.0,231.86,Retained,No Complaint
54933,0,30.0,Computer,1,16.0,Credit Card,Female,4.0,4,Mobile,3,Married,4,0,20.0,2.0,2.0,4.0,154.42,Retained,No Complaint
54934,0,10.0,Mobile Phone,1,19.0,Credit Card,Female,3.0,5,Fashion,1,Single,2,0,12.0,6.0,8.0,3.0,213.58,Retained,No Complaint
54935,0,29.0,Computer,1,9.0,Credit Card,Male,3.0,5,Grocery,5,Single,9,0,15.0,3.0,7.0,3.0,292.56,Retained,No Complaint
54936,0,17.0,Mobile Phone,3,32.0,Credit Card,Male,4.0,5,Fashion,1,Married,7,0,14.0,2.0,2.0,1.0,232.98000000000002,Retained,No Complaint
54937,1,1.0,Computer,3,16.0,E wallet,Female,3.0,4,Mobile,1,Single,3,1,15.0,2.0,2.0,3.0,148.23,Churned,Filed Complaint
54938,1,1.0,Phone,1,17.0,Debit Card,Female,3.0,5,Mobile,5,Single,3,0,14.0,1.0,2.0,1.0,139.16,Churned,No Complaint
54939,0,20.0,Mobile Phone,1,15.0,Debit Card,Female,4.0,5,Laptop & Accessory,5,Married,10,1,24.0,2.0,2.0,8.0,171.15,Retained,Filed Complaint
54940,1,15.0,Mobile Phone,1,11.0,Debit Card,Male,3.0,4,Mobile,3,Married,11,1,13.0,1.0,3.0,8.0,149.61,Churned,Filed Complaint
54941,1,1.0,Computer,1,31.0,Cash on Delivery,Male,4.0,5,Fashion,5,Single,3,0,13.0,2.0,2.0,3.0,212.22,Churned,No Complaint
54942,0,1.0,Mobile Phone,1,7.0,Credit Card,Male,3.0,5,Mobile,5,Married,3,0,17.0,2.0,2.0,4.0,164.55,Retained,No Complaint
54943,0,4.0,Mobile Phone,1,27.0,UPI,Male,3.0,4,Laptop & Accessory,5,Married,2,0,16.0,1.0,2.0,3.0,224.57,Retained,No Complaint
54944,0,15.0,Mobile Phone,1,14.0,Cash on Delivery,Female,3.0,2,Mobile,3,Married,3,0,14.0,1.0,2.0,9.0,158.76,Retained,No Complaint
54945,0,12.0,Mobile Phone,1,24.0,Debit Card,Female,4.0,5,Fashion,3,Married,2,0,19.0,2.0,2.0,3.0,213.23,Retained,No Complaint
54946,0,14.0,Mobile Phone,1,27.0,Cash on Delivery,Male,4.0,4,Fashion,1,Married,6,0,21.0,4.0,12.0,3.0,228.22,Retained,No Complaint
54947,0,1.0,Computer,1,15.0,Debit Card,Male,3.0,6,Mobile,3,Married,3,0,20.0,2.0,2.0,3.0,171.21,Retained,No Complaint
54948,0,29.0,Computer,1,9.0,Debit Card,Male,4.0,4,Fashion,4,Married,5,0,19.0,1.0,2.0,3.0,234.76,Retained,No Complaint
54949,0,2.0,Mobile Phone,1,17.0,UPI,Female,3.0,4,Laptop & Accessory,3,Single,5,0,14.0,1.0,2.0,8.0,161.6,Retained,No Complaint
54950,1,8.0,Mobile Phone,2,7.0,Credit Card,Male,4.0,5,Fashion,5,Married,11,0,15.0,3.0,4.0,3.0,229.82,Churned,No Complaint
54951,0,7.0,Mobile Phone,1,12.0,Debit Card,Male,3.0,5,Fashion,1,Married,6,0,16.0,2.0,2.0,3.0,196.19,Retained,No Complaint
54952,1,1.0,Mobile Phone,3,11.0,Cash on Delivery,Male,3.0,4,Fashion,5,Single,2,1,23.0,3.0,5.0,3.0,220.82,Churned,Filed Complaint
54953,1,1.0,Computer,1,36.0,Credit Card,Female,3.0,5,Laptop & Accessory,3,Single,3,0,23.0,3.0,4.0,9.0,170.08,Churned,No Complaint
54954,0,2.0,Phone,1,22.0,Debit Card,Male,3.0,4,Mobile,3,Married,3,0,17.0,1.0,3.0,3.0,147.07,Retained,No Complaint
54955,0,8.0,Computer,1,10.0,Debit Card,Male,3.0,4,Laptop & Accessory,1,Single,2,0,18.0,2.0,2.0,5.0,202.56,Retained,No Complaint
54956,0,11.0,Mobile Phone,3,17.0,Debit Card,Female,3.0,5,Laptop & Accessory,1,Married,4,1,15.0,2.0,2.0,1.0,191.94,Retained,Filed Complaint
54957,1,1.0,Mobile Phone,1,11.0,Cash on Delivery,Male,3.0,4,Mobile,1,Married,3,1,16.0,5.0,6.0,7.0,161.91,Churned,Filed Complaint
54958,1,1.0,Phone,1,28.0,Credit Card,Male,3.0,4,Mobile,3,Married,3,0,21.0,2.0,2.0,1.0,148.77,Churned,No Complaint
54959,1,1.0,Phone,1,32.0,Credit Card,Male,3.0,5,Mobile,4,Single,6,1,21.0,2.0,3.0,3.0,148.13,Churned,Filed Complaint
54960,0,16.0,Mobile Phone,1,9.0,Credit Card,Male,3.0,4,Grocery,5,Married,2,0,15.0,6.0,14.0,8.0,301.65,Retained,No Complaint
54961,1,1.0,Computer,1,7.0,Credit Card,Male,3.0,5,Mobile,4,Married,3,0,16.0,2.0,2.0,1.0,150.96,Churned,No Complaint
54962,1,14.0,Computer,3,7.0,UPI,Male,3.0,4,Laptop & Accessory,3,Single,5,1,15.0,2.0,2.0,1.0,172.28,Churned,Filed Complaint
54963,0,7.0,Computer,3,14.0,Debit Card,Female,2.0,4,Laptop & Accessory,4,Married,2,0,18.0,1.0,2.0,3.0,168.02,Retained,No Complaint
54964,0,8.0,Computer,1,10.0,Debit Card,Male,3.0,5,Mobile,1,Married,5,0,18.0,1.0,2.0,1.0,154.79,Retained,No Complaint
54965,0,22.0,Computer,1,7.0,Credit Card,Male,3.0,2,Grocery,1,Single,4,0,15.0,1.0,3.0,2.0,293.85,Retained,No Complaint
54966,0,19.0,Computer,3,16.0,Debit Card,Female,4.0,5,Laptop & Accessory,3,Married,3,0,14.0,5.0,5.0,13.0,180.93,Retained,No Complaint
54967,0,26.0,Mobile Phone,1,6.0,Debit Card,Male,3.0,4,Fashion,4,Single,9,0,20.0,3.0,5.0,3.0,229.45,Retained,No Complaint
54968,0,12.0,Mobile Phone,3,17.0,E wallet,Male,4.0,5,Fashion,3,Married,2,1,15.0,2.0,3.0,3.0,212.4,Retained,Filed Complaint
54969,0,3.0,Mobile Phone,1,35.0,Debit Card,Female,4.0,4,Mobile,1,Married,6,0,23.0,2.0,2.0,8.0,150.14,Retained,No Complaint
54970,0,2.0,Mobile Phone,1,10.0,Credit Card,Female,4.0,4,Fashion,4,Married,2,0,18.0,1.0,2.0,8.0,201.55,Retained,No Complaint
54971,0,20.0,Mobile Phone,3,10.0,E wallet,Male,3.0,4,Grocery,3,Married,5,0,15.0,5.0,5.0,10.0,299.65,Retained,No Complaint
54972,0,12.0,Mobile Phone,3,9.0,E wallet,Male,3.0,4,Fashion,4,Single,9,0,17.0,2.0,2.0,1.0,198.51,Retained,No Complaint
54973,0,17.0,Computer,1,34.0,Debit Card,Female,3.0,4,Fashion,5,Married,10,0,12.0,2.0,2.0,2.0,233.2,Retained,No Complaint
54974,1,3.0,Computer,1,9.0,Debit Card,Male,3.0,4,Grocery,1,Married,9,0,12.0,11.0,2.0,6.0,246.69,Churned,No Complaint
54975,0,14.0,Mobile Phone,1,21.0,Credit Card,Male,3.0,5,Others,3,Single,3,0,15.0,4.0,5.0,10.0,321.26,Retained,No Complaint
54976,0,1.0,Phone,1,7.0,Cash on Delivery,Female,4.0,5,Mobile,4,Single,3,1,12.0,2.0,3.0,3.0,145.7,Retained,Filed Complaint
54977,0,13.0,Computer,1,16.0,Debit Card,Male,4.0,4,Laptop & Accessory,4,Single,11,0,16.0,2.0,2.0,4.0,192.82,Retained,No Complaint
54978,0,10.0,Computer,1,25.0,Debit Card,Male,4.0,4,Laptop & Accessory,1,Single,4,0,21.0,1.0,2.0,10.0,202.79,Retained,No Complaint
54979,0,5.0,Computer,3,27.0,Debit Card,Male,4.0,2,Mobile,1,Married,2,0,13.0,3.0,3.0,3.0,152.91,Retained,No Complaint
54980,0,2.0,Mobile Phone,1,9.0,Debit Card,Male,4.0,5,Mobile,4,Married,2,0,18.0,1.0,2.0,5.0,157.01,Retained,No Complaint
54981,0,9.0,Computer,3,18.0,E wallet,Male,3.0,4,Laptop & Accessory,1,Married,3,0,12.0,2.0,2.0,3.0,174.68,Retained,No Complaint
54982,0,23.0,Mobile Phone,3,15.0,Cash on Delivery,Male,3.0,5,Grocery,4,Married,8,0,18.0,2.0,2.0,4.0,256.2,Retained,No Complaint
54983,0,8.0,Computer,1,9.0,Debit Card,Male,4.0,4,Laptop & Accessory,3,Single,4,0,12.0,2.0,2.0,3.0,165.33,Retained,No Complaint
54984,0,3.0,Computer,1,17.0,Debit Card,Female,4.0,4,Mobile,4,Married,2,0,15.0,1.0,2.0,2.0,157.91,Retained,No Complaint
54985,0,16.0,Mobile Phone,1,36.0,Credit Card,Male,3.0,6,Laptop & Accessory,1,Single,6,0,20.0,2.0,2.0,1.0,167.72,Retained,No Complaint
54986,0,3.0,Mobile Phone,1,15.0,Credit Card,Male,4.0,5,Laptop & Accessory,1,Married,3,1,16.0,2.0,2.0,3.0,175.56,Retained,Filed Complaint
54987,0,12.0,Mobile Phone,2,7.0,UPI,Male,3.0,2,Mobile,3,Married,3,0,14.0,4.0,6.0,1.0,153.44,Retained,No Complaint
54988,0,2.0,Computer,1,13.0,Debit Card,Male,3.0,5,Mobile,3,Married,3,1,15.0,2.0,2.0,3.0,152.03,Retained,Filed Complaint
54989,1,1.0,Computer,1,15.0,Credit Card,Male,4.0,4,Mobile,3,Single,3,0,13.0,2.0,2.0,1.0,144.04,Churned,No Complaint
54990,1,1.0,Mobile Phone,3,16.0,E wallet,Female,4.0,4,Laptop & Accessory,5,Single,5,1,18.0,1.0,2.0,4.0,207.24,Churned,Filed Complaint
54991,0,15.0,Mobile Phone,1,19.0,Debit Card,Male,3.0,4,Mobile,1,Married,5,1,12.0,2.0,2.0,1.0,172.66,Retained,Filed Complaint
54992,1,1.0,Computer,1,22.0,Credit Card,Male,4.0,4,Mobile,3,Married,3,0,13.0,2.0,3.0,3.0,151.1,Churned,No Complaint
54993,0,11.0,Mobile Phone,1,32.0,Credit Card,Female,3.0,5,Laptop & Accessory,1,Married,9,0,14.0,2.0,2.0,4.0,182.31,Retained,No Complaint
54994,0,1.0,Mobile Phone,1,13.0,Debit Card,Male,3.0,5,Mobile,3,Married,3,0,14.0,2.0,3.0,3.0,150.39,Retained,No Complaint
54995,0,8.0,Mobile Phone,3,16.0,Debit Card,Female,4.0,4,Laptop & Accessory,3,Married,3,0,21.0,1.0,2.0,4.0,182.14,Retained,No Complaint
54996,0,9.0,Mobile Phone,2,15.0,Cash on Delivery,Male,4.0,4,Mobile,3,Single,3,0,18.0,1.0,2.0,5.0,168.23,Retained,No Complaint
54997,1,1.0,Mobile Phone,3,30.0,Debit Card,Female,3.0,5,Fashion,5,Married,3,0,14.0,2.0,4.0,11.0,198.36,Churned,No Complaint
54998,0,14.0,Computer,1,16.0,Credit Card,Female,3.0,4,Fashion,3,Single,11,0,18.0,2.0,2.0,14.0,259.99,Retained,No Complaint
54999,1,6.0,Computer,3,19.0,Debit Card,Male,3.0,4,Grocery,5,Single,2,1,13.0,1.0,14.0,15.0,262.58,Churned,Filed Complaint
55000,0,16.0,Mobile Phone,3,11.0,E wallet,Male,3.0,4,Laptop & Accessory,5,Single,9,0,14.0,2.0,2.0,6.0,176.55,Retained,No Complaint
55001,0,9.0,Phone,1,7.0,Credit Card,Male,3.0,5,Mobile,3,Married,8,0,13.0,2.0,2.0,8.0,147.58,Retained,No Complaint
55002,0,1.0,Mobile Phone,1,31.0,Credit Card,Male,3.0,4,Mobile,4,Single,10,0,23.0,1.0,2.0,3.0,160.97,Retained,No Complaint
55003,1,1.0,Mobile Phone,1,19.0,Debit Card,Female,4.0,4,Mobile,1,Married,3,1,12.0,2.0,2.0,1.0,150.15,Churned,Filed Complaint
55004,0,1.0,Mobile Phone,1,10.0,Credit Card,Male,3.0,2,Mobile,1,Married,3,0,23.0,2.0,2.0,8.0,169.2,Retained,No Complaint
55005,0,4.0,Mobile Phone,3,17.0,E wallet,Male,4.0,5,Laptop & Accessory,3,Married,3,0,19.0,1.0,2.0,5.0,190.78,Retained,No Complaint
55006,0,14.0,Computer,1,33.0,Credit Card,Female,4.0,5,Laptop & Accessory,1,Married,5,1,14.0,1.0,2.0,1.0,169.22,Retained,Filed Complaint
55007,0,9.0,Mobile Phone,1,9.0,Debit Card,Male,3.0,5,Fashion,4,Married,4,0,19.0,3.0,7.0,3.0,227.74,Retained,No Complaint
55008,0,8.0,Computer,1,8.0,Credit Card,Male,4.0,5,Laptop & Accessory,5,Single,2,0,21.0,1.0,5.0,10.0,178.43,Retained,No Complaint
55009,0,9.0,Computer,1,11.0,UPI,Male,3.0,5,Mobile,1,Married,3,0,14.0,2.0,3.0,3.0,148.76,Retained,No Complaint
55010,1,7.0,Mobile Phone,3,16.0,E wallet,Female,3.0,6,Laptop & Accessory,3,Single,10,0,14.0,1.0,2.0,4.0,178.46,Churned,No Complaint
55011,0,6.0,Computer,3,9.0,Debit Card,Female,4.0,4,Mobile,5,Married,3,0,13.0,2.0,2.0,1.0,153.27,Retained,No Complaint
55012,0,30.0,Mobile Phone,1,11.0,Cash on Delivery,Female,4.0,4,Others,5,Married,6,0,14.0,5.0,5.0,3.0,324.43,Retained,No Complaint
55013,0,3.0,Mobile Phone,1,13.0,Credit Card,Female,3.0,4,Mobile,1,Married,3,0,14.0,1.0,2.0,9.0,156.31,Retained,No Complaint
55014,0,1.0,Mobile Phone,1,16.0,Debit Card,Male,3.0,4,Mobile,5,Single,3,0,26.0,1.0,2.0,1.0,150.52,Retained,No Complaint
55015,0,19.0,Mobile Phone,1,14.0,Credit Card,Female,3.0,4,Mobile,3,Married,6,1,20.0,1.0,2.0,3.0,169.77,Retained,Filed Complaint
55016,0,11.0,Mobile Phone,1,8.0,Debit Card,Female,3.0,5,Laptop & Accessory,1,Married,3,0,14.0,1.0,4.0,12.0,189.74,Retained,No Complaint
55017,0,1.0,Mobile Phone,1,6.0,Debit Card,Male,3.0,5,Mobile,3,Single,3,0,13.0,1.0,2.0,3.0,155.33,Retained,No Complaint
55018,1,8.0,Mobile Phone,1,17.0,Debit Card,Male,4.0,4,Mobile,3,Single,3,1,12.0,2.0,2.0,3.0,154.36,Churned,Filed Complaint
55019,0,27.0,Mobile Phone,1,14.0,Credit Card,Female,3.0,4,Others,3,Married,5,0,15.0,4.0,5.0,8.0,311.06,Retained,No Complaint
55020,0,3.0,Phone,1,22.0,Debit Card,Female,4.0,6,Mobile,1,Married,2,1,19.0,2.0,2.0,4.0,146.68,Retained,Filed Complaint
55021,1,1.0,Computer,1,10.0,Debit Card,Male,3.0,5,Mobile,1,Married,2,1,12.0,1.0,2.0,1.0,153.53,Churned,Filed Complaint
55022,0,20.0,Mobile Phone,3,9.0,E wallet,Female,4.0,4,Grocery,5,Married,10,0,15.0,7.0,16.0,10.0,295.48,Retained,No Complaint
55023,0,18.0,Computer,1,24.0,Debit Card,Male,4.0,6,Mobile,3,Single,4,0,14.0,2.0,2.0,1.0,147.9,Retained,No Complaint
55024,0,7.0,Mobile Phone,2,9.0,UPI,Male,4.0,4,Mobile,3,Married,3,0,14.0,2.0,2.0,5.0,161.0,Retained,No Complaint
55025,1,5.0,Computer,1,12.0,Debit Card,Male,4.0,5,Mobile,5,Married,8,0,18.0,1.0,2.0,1.0,146.07,Churned,No Complaint
55026,0,4.0,Mobile Phone,3,36.0,Debit Card,Male,4.0,4,Laptop & Accessory,5,Married,10,0,20.0,2.0,2.0,4.0,166.15,Retained,No Complaint
55027,0,14.0,Computer,3,9.0,Credit Card,Male,4.0,4,Laptop & Accessory,4,Married,7,0,13.0,2.0,2.0,1.0,168.27,Retained,No Complaint
55028,0,24.0,Computer,1,9.0,Credit Card,Female,2.0,4,Grocery,5,Married,4,0,15.0,1.0,3.0,3.0,303.56,Retained,No Complaint
55029,0,2.0,Mobile Phone,1,26.0,Credit Card,Male,4.0,5,Mobile,5,Married,3,0,13.0,2.0,4.0,4.0,156.96,Retained,No Complaint
55030,0,20.0,Mobile Phone,1,22.0,Debit Card,Male,3.0,4,Others,4,Married,7,0,15.0,2.0,2.0,4.0,315.81,Retained,No Complaint
55031,0,9.0,Mobile Phone,3,24.0,Debit Card,Male,4.0,4,Laptop & Accessory,5,Married,5,1,16.0,1.0,2.0,3.0,214.66,Retained,Filed Complaint
55032,1,1.0,Phone,1,24.0,Debit Card,Female,4.0,4,Mobile,4,Married,3,0,14.0,2.0,2.0,1.0,147.1,Churned,No Complaint
55033,0,7.0,Computer,3,32.0,Credit Card,Female,3.0,4,Laptop & Accessory,3,Married,3,0,13.0,1.0,2.0,2.0,170.39,Retained,No Complaint
55034,0,10.0,Mobile Phone,1,13.0,Debit Card,Male,3.0,6,Mobile,3,Married,3,0,15.0,2.0,2.0,8.0,152.41,Retained,No Complaint
55035,0,4.0,Mobile Phone,1,14.0,Debit Card,Male,3.0,4,Laptop & Accessory,3,Married,3,0,14.0,5.0,9.0,10.0,159.91,Retained,No Complaint
55036,0,18.0,Mobile Phone,1,36.0,UPI,Male,3.0,4,Laptop & Accessory,1,Single,3,0,26.0,7.0,14.0,18.0,170.41,Retained,No Complaint
55037,0,1.0,Mobile Phone,3,28.0,E wallet,Male,3.0,2,Mobile,1,Single,3,0,18.0,3.0,3.0,3.0,151.78,Retained,No Complaint
55038,0,20.0,Mobile Phone,1,9.0,Cash on Delivery,Male,3.0,4,Laptop & Accessory,1,Married,4,0,12.0,1.0,2.0,5.0,198.79,Retained,No Complaint
55039,0,16.0,Computer,2,9.0,Credit Card,Male,4.0,2,Laptop & Accessory,5,Married,9,0,17.0,2.0,2.0,4.0,187.72,Retained,No Complaint
55040,0,31.0,Mobile Phone,3,14.0,E wallet,Male,3.0,2,Laptop & Accessory,1,Married,2,1,19.0,1.0,2.0,10.0,177.2,Retained,Filed Complaint
55041,0,6.0,Computer,1,20.0,UPI,Female,4.0,5,Mobile,4,Married,3,0,21.0,3.0,3.0,3.0,159.0,Retained,No Complaint
55042,0,6.0,Computer,1,9.0,Debit Card,Female,3.0,4,Laptop & Accessory,3,Single,6,1,15.0,2.0,2.0,8.0,174.98,Retained,Filed Complaint
55043,0,10.0,Mobile Phone,1,8.0,Cash on Delivery,Female,4.0,6,Fashion,5,Married,4,1,22.0,8.0,8.0,3.0,227.52,Retained,Filed Complaint
55044,0,7.0,Mobile Phone,1,16.0,Credit Card,Male,3.0,4,Mobile,1,Married,2,0,14.0,1.0,5.0,11.0,152.81,Retained,No Complaint
55045,0,14.0,Mobile Phone,3,17.0,Cash on Delivery,Female,3.0,5,Laptop & Accessory,4,Married,9,0,13.0,2.0,2.0,4.0,193.52,Retained,No Complaint
55046,0,1.0,Mobile Phone,3,17.0,Debit Card,Male,3.0,4,Laptop & Accessory,1,Single,2,0,15.0,2.0,2.0,2.0,174.5,Retained,No Complaint
55047,0,4.0,Mobile Phone,1,8.0,Credit Card,Male,4.0,4,Mobile,4,Married,2,1,22.0,4.0,6.0,8.0,160.79,Retained,Filed Complaint
55048,0,16.0,Computer,1,33.0,Credit Card,Female,3.0,4,Fashion,5,Married,5,1,18.0,1.0,2.0,1.0,256.91,Retained,Filed Complaint
55049,0,9.0,Computer,3,15.0,E wallet,Female,4.0,5,Fashion,1,Married,6,1,12.0,4.0,5.0,3.0,228.77,Retained,Filed Complaint
55050,0,1.0,Phone,1,21.0,Debit Card,Male,3.0,4,Mobile,5,Married,3,1,15.0,6.0,7.0,9.0,147.35,Retained,Filed Complaint
55051,0,28.0,Computer,1,8.0,Debit Card,Female,3.0,4,Fashion,3,Married,9,0,18.0,1.0,2.0,3.0,230.02,Retained,No Complaint
55052,0,18.0,Phone,1,9.0,Debit Card,Female,4.0,2,Mobile,1,Married,3,0,14.0,2.0,8.0,8.0,145.11,Retained,No Complaint
55053,1,1.0,Computer,1,17.0,Credit Card,Female,4.0,5,Mobile,4,Single,3,1,26.0,1.0,2.0,1.0,143.59,Churned,Filed Complaint
55054,0,3.0,Mobile Phone,1,8.0,Debit Card,Female,4.0,4,Mobile,1,Married,3,0,16.0,2.0,2.0,3.0,162.6,Retained,No Complaint
55055,0,28.0,Mobile Phone,1,10.0,Debit Card,Male,3.0,4,Grocery,1,Married,5,0,15.0,1.0,2.0,10.0,302.79,Retained,No Complaint
55056,0,5.0,Mobile Phone,1,18.0,Credit Card,Male,4.0,4,Laptop & Accessory,5,Married,3,1,13.0,2.0,2.0,2.0,193.33,Retained,Filed Complaint
55057,0,5.0,Mobile Phone,1,31.0,Credit Card,Female,4.0,5,Laptop & Accessory,5,Single,3,0,20.0,2.0,2.0,9.0,193.12,Retained,No Complaint
55058,0,31.0,Mobile Phone,3,10.0,Debit Card,Female,3.0,5,Laptop & Accessory,1,Single,7,0,18.0,1.0,2.0,6.0,176.71,Retained,No Complaint
55059,0,17.0,Mobile Phone,1,10.0,Debit Card,Male,4.0,6,Others,1,Married,5,0,15.0,2.0,2.0,8.0,322.4,Retained,No Complaint
55060,0,23.0,Mobile Phone,1,11.0,Credit Card,Male,3.0,5,Others,3,Married,4,0,15.0,1.0,2.0,1.0,312.11,Retained,No Complaint
55061,0,10.0,Computer,1,10.0,Cash on Delivery,Male,3.0,4,Mobile,4,Married,3,0,13.0,1.0,2.0,8.0,161.92,Retained,No Complaint
55062,0,22.0,Mobile Phone,1,9.0,Cash on Delivery,Male,4.0,2,Mobile,4,Single,7,0,12.0,1.0,2.0,1.0,150.59,Retained,No Complaint
55063,0,1.0,Mobile Phone,1,11.0,Debit Card,Male,4.0,4,Mobile,3,Married,3,0,12.0,2.0,2.0,4.0,150.17,Retained,No Complaint
55064,0,3.0,Mobile Phone,1,14.0,Debit Card,Male,3.0,4,Laptop & Accessory,1,Married,3,1,12.0,2.0,2.0,1.0,191.23,Retained,Filed Complaint
55065,0,22.0,Mobile Phone,1,8.0,Debit Card,Male,4.0,5,Others,1,Single,8,0,15.0,2.0,2.0,1.0,307.65,Retained,No Complaint
55066,0,3.0,Mobile Phone,1,8.0,Debit Card,Female,3.0,5,Grocery,1,Married,5,0,15.0,1.0,2.0,8.0,286.24,Retained,No Complaint
55067,0,8.0,Mobile Phone,1,27.0,Cash on Delivery,Female,3.0,2,Mobile,3,Married,2,0,18.0,2.0,2.0,1.0,150.85,Retained,No Complaint
55068,0,18.0,Mobile Phone,3,12.0,E wallet,Male,3.0,4,Others,4,Married,9,0,15.0,2.0,4.0,11.0,307.13,Retained,No Complaint
55069,0,7.0,Mobile Phone,3,17.0,E wallet,Male,3.0,2,Fashion,3,Married,2,1,15.0,1.0,2.0,9.0,208.8,Retained,Filed Complaint
55070,0,1.0,Mobile Phone,1,32.0,Debit Card,Female,3.0,2,Mobile,1,Single,3,1,13.0,1.0,2.0,2.0,154.94,Retained,Filed Complaint
55071,0,1.0,Phone,1,8.0,Debit Card,Male,3.0,4,Mobile,3,Married,3,0,23.0,2.0,2.0,2.0,137.23,Retained,No Complaint
55072,1,1.0,Computer,3,31.0,Debit Card,Male,4.0,6,Mobile,1,Single,3,1,15.0,2.0,2.0,1.0,136.18,Churned,Filed Complaint
55073,0,1.0,Mobile Phone,1,11.0,Debit Card,Male,3.0,4,Mobile,1,Single,3,1,21.0,3.0,3.0,3.0,153.75,Retained,Filed Complaint
55074,1,9.0,Mobile Phone,3,9.0,E wallet,Female,4.0,6,Others,4,Single,4,1,15.0,2.0,2.0,12.0,313.24,Churned,Filed Complaint
55075,0,29.0,Computer,1,15.0,Credit Card,Male,3.0,5,Grocery,4,Married,3,1,16.0,3.0,16.0,1.0,260.77,Retained,Filed Complaint
55076,1,1.0,Computer,1,17.0,Debit Card,Female,3.0,5,Mobile,3,Single,3,0,21.0,2.0,3.0,3.0,151.25,Churned,No Complaint
55077,0,20.0,Mobile Phone,3,11.0,E wallet,Female,3.0,5,Others,4,Married,4,0,15.0,2.0,2.0,9.0,312.89,Retained,No Complaint
55078,0,8.0,Mobile Phone,3,9.0,E wallet,Female,3.0,4,Laptop & Accessory,5,Single,2,1,13.0,2.0,2.0,3.0,170.38,Retained,Filed Complaint
55079,0,25.0,Computer,3,16.0,Debit Card,Male,3.0,4,Others,4,Married,6,1,25.0,7.0,12.0,11.0,323.47,Retained,Filed Complaint
55080,0,31.0,Mobile Phone,1,25.0,Credit Card,Male,4.0,4,Fashion,1,Single,8,0,13.0,4.0,6.0,3.0,230.12,Retained,No Complaint
55081,0,8.0,Computer,1,26.0,Credit Card,Female,3.0,4,Laptop & Accessory,4,Married,6,0,14.0,1.0,6.0,11.0,169.44,Retained,No Complaint
55082,0,2.0,Computer,1,8.0,Credit Card,Male,3.0,4,Mobile,3,Single,2,1,12.0,2.0,2.0,3.0,146.54,Retained,Filed Complaint
55083,0,18.0,Mobile Phone,1,11.0,Debit Card,Male,4.0,2,Others,5,Married,3,0,15.0,3.0,15.0,14.0,316.9,Retained,No Complaint
55084,0,8.0,Computer,2,18.0,Debit Card,Male,3.0,5,Laptop & Accessory,4,Married,6,0,12.0,1.0,2.0,9.0,169.9,Retained,No Complaint
55085,0,9.0,Mobile Phone,1,13.0,Debit Card,Male,4.0,4,Mobile,3,Married,2,1,15.0,2.0,3.0,3.0,160.06,Retained,Filed Complaint
55086,0,16.0,Phone,1,14.0,Credit Card,Female,4.0,2,Laptop & Accessory,4,Married,8,1,17.0,1.0,2.0,1.0,148.72,Retained,Filed Complaint
55087,0,17.0,Mobile Phone,3,11.0,E wallet,Female,3.0,5,Fashion,1,Single,5,0,15.0,11.0,16.0,3.0,227.31,Retained,No Complaint
55088,0,10.0,Mobile Phone,1,9.0,Debit Card,Female,3.0,4,Laptop & Accessory,4,Single,11,1,12.0,5.0,6.0,13.0,179.1,Retained,Filed Complaint
55089,1,8.0,Mobile Phone,1,22.0,Credit Card,Female,4.0,4,Fashion,1,Married,3,0,12.0,1.0,2.0,6.0,204.78,Churned,No Complaint
55090,0,2.0,Computer,1,9.0,Debit Card,Male,3.0,5,Mobile,1,Married,3,1,13.0,1.0,3.0,3.0,163.67,Retained,Filed Complaint
55091,0,25.0,Computer,1,13.0,Credit Card,Female,3.0,5,Mobile,3,Single,2,0,15.0,4.0,8.0,8.0,153.38,Retained,No Complaint
55092,0,4.0,Computer,1,16.0,Credit Card,Female,4.0,4,Laptop & Accessory,3,Single,9,1,19.0,1.0,2.0,8.0,171.95,Retained,Filed Complaint
55093,1,1.0,Mobile Phone,1,14.0,Cash on Delivery,Female,3.0,4,Mobile,3,Married,5,1,14.0,5.0,8.0,8.0,158.39,Churned,Filed Complaint
55094,0,2.0,Phone,1,8.0,Cash on Delivery,Male,3.0,4,Mobile,5,Single,4,0,12.0,2.0,2.0,3.0,145.8,Retained,No Complaint
55095,0,1.0,Phone,1,8.0,Credit Card,Female,3.0,4,Mobile,4,Single,3,0,19.0,2.0,3.0,2.0,145.96,Retained,No Complaint
55096,0,6.0,Mobile Phone,3,15.0,Credit Card,Male,3.0,2,Laptop & Accessory,1,Married,3,0,16.0,1.0,2.0,9.0,187.09,Retained,No Complaint
55097,0,19.0,Computer,1,32.0,Credit Card,Female,3.0,4,Others,4,Single,5,0,15.0,1.0,2.0,1.0,305.61,Retained,No Complaint
55098,0,13.0,Mobile Phone,1,20.0,Credit Card,Female,4.0,5,Grocery,4,Married,8,1,15.0,11.0,16.0,3.0,296.23,Retained,Filed Complaint
55099,0,31.0,Phone,1,30.0,Debit Card,Male,3.0,4,Mobile,3,Married,3,0,13.0,2.0,3.0,3.0,148.72,Retained,No Complaint
55100,1,1.0,Mobile Phone,1,14.0,Debit Card,Male,4.0,4,Laptop & Accessory,3,Married,3,0,19.0,1.0,2.0,2.0,173.83,Churned,No Complaint
55101,1,3.0,Mobile Phone,1,30.0,Credit Card,Male,4.0,4,Mobile,5,Single,2,0,14.0,1.0,2.0,4.0,164.04,Churned,No Complaint
55102,0,4.0,Mobile Phone,1,13.0,Cash on Delivery,Female,3.0,5,Laptop & Accessory,1,Married,2,0,13.0,6.0,7.0,8.0,171.27,Retained,No Complaint
55103,0,10.0,Mobile Phone,1,17.0,Cash on Delivery,Female,4.0,4,Fashion,3,Married,5,0,13.0,2.0,2.0,8.0,195.94,Retained,No Complaint
55104,0,20.0,Mobile Phone,2,8.0,Debit Card,Female,3.0,4,Mobile,5,Single,8,0,13.0,3.0,6.0,8.0,159.23,Retained,No Complaint
55105,0,2.0,Computer,1,8.0,Debit Card,Female,3.0,6,Laptop & Accessory,1,Married,2,0,12.0,8.0,8.0,6.0,191.74,Retained,No Complaint
55106,0,24.0,Mobile Phone,1,35.0,Debit Card,Female,3.0,4,Grocery,5,Married,6,1,15.0,1.0,2.0,3.0,293.8,Retained,Filed Complaint
55107,1,4.0,Mobile Phone,3,32.0,E wallet,Male,3.0,5,Fashion,4,Single,4,1,13.0,2.0,2.0,3.0,215.94,Churned,Filed Complaint
55108,1,16.0,Mobile Phone,3,12.0,Debit Card,Male,4.0,4,Fashion,4,Single,11,1,20.0,8.0,8.0,3.0,209.46,Churned,Filed Complaint
55109,0,4.0,Mobile Phone,1,24.0,Credit Card,Female,4.0,4,Fashion,5,Married,3,1,24.0,2.0,2.0,9.0,244.16000000000003,Retained,Filed Complaint
55110,0,13.0,Mobile Phone,1,25.0,Debit Card,Male,3.0,4,Laptop & Accessory,3,Single,2,0,12.0,2.0,2.0,8.0,170.34,Retained,No Complaint
55111,0,5.0,Computer,3,9.0,Debit Card,Female,3.0,4,Fashion,3,Married,3,1,20.0,9.0,10.0,3.0,223.52,Retained,Filed Complaint
55112,0,15.0,Computer,3,17.0,Credit Card,Male,3.0,6,Laptop & Accessory,4,Single,3,0,14.0,4.0,12.0,10.0,186.51,Retained,No Complaint
55113,1,1.0,Computer,3,8.0,Debit Card,Female,3.0,4,Mobile,4,Single,3,1,12.0,3.0,3.0,3.0,148.02,Churned,Filed Complaint
55114,1,8.0,Phone,1,10.0,Debit Card,Male,3.0,4,Mobile,5,Married,6,0,13.0,2.0,2.0,3.0,148.62,Churned,No Complaint
55115,0,16.0,Computer,1,9.0,Debit Card,Male,3.0,4,Grocery,3,Married,2,1,15.0,1.0,3.0,11.0,303.61,Retained,Filed Complaint
55116,0,29.0,Mobile Phone,1,9.0,Credit Card,Female,3.0,6,Others,3,Married,6,0,15.0,5.0,10.0,12.0,316.87,Retained,No Complaint
55117,0,30.0,Mobile Phone,2,15.0,Debit Card,Male,4.0,4,Others,4,Single,8,0,15.0,3.0,8.0,8.0,322.17,Retained,No Complaint
55118,0,14.0,Computer,1,23.0,Debit Card,Male,4.0,4,Mobile,3,Married,11,0,17.0,2.0,2.0,1.0,160.44,Retained,No Complaint
55119,0,8.0,Mobile Phone,1,16.0,Debit Card,Male,3.0,4,Fashion,1,Married,2,0,12.0,1.0,2.0,3.0,210.0,Retained,No Complaint
55120,0,14.0,Mobile Phone,1,9.0,Debit Card,Male,4.0,4,Laptop & Accessory,1,Single,3,0,14.0,4.0,9.0,9.0,171.61,Retained,No Complaint
55121,0,15.0,Computer,3,8.0,E wallet,Female,4.0,4,Laptop & Accessory,5,Married,2,0,18.0,1.0,2.0,8.0,166.03,Retained,No Complaint
55122,0,9.0,Computer,1,11.0,Debit Card,Male,3.0,4,Laptop & Accessory,3,Single,3,1,12.0,2.0,2.0,2.0,167.49,Retained,Filed Complaint
55123,0,25.0,Mobile Phone,2,12.0,Debit Card,Male,3.0,4,Grocery,4,Married,3,1,12.0,1.0,2.0,11.0,265.26,Retained,Filed Complaint
55124,0,12.0,Mobile Phone,3,9.0,Debit Card,Female,3.0,4,Laptop & Accessory,5,Married,5,0,16.0,1.0,2.0,8.0,193.93,Retained,No Complaint
55125,0,8.0,Mobile Phone,3,22.0,Credit Card,Female,4.0,4,Laptop & Accessory,5,Single,3,0,13.0,5.0,10.0,7.0,186.25,Retained,No Complaint
55126,0,1.0,Mobile Phone,1,26.0,Credit Card,Male,4.0,4,Mobile,1,Married,5,0,12.0,1.0,2.0,3.0,161.69,Retained,No Complaint
55127,1,21.0,Mobile Phone,1,14.0,Credit Card,Female,3.0,5,Fashion,5,Married,9,1,15.0,2.0,6.0,3.0,225.08,Churned,Filed Complaint
55128,0,14.0,Phone,1,8.0,Debit Card,Male,3.0,4,Mobile,4,Married,5,0,23.0,2.0,2.0,4.0,148.87,Retained,No Complaint
55129,0,10.0,Computer,3,14.0,E wallet,Female,3.0,2,Laptop & Accessory,5,Married,4,0,17.0,6.0,7.0,14.0,171.39,Retained,No Complaint
55130,0,22.0,Mobile Phone,1,11.0,Debit Card,Male,3.0,4,Fashion,1,Single,3,0,12.0,2.0,2.0,9.0,203.98,Retained,No Complaint
55131,0,1.0,Mobile Phone,3,18.0,Credit Card,Female,4.0,2,Mobile,1,Married,10,0,15.0,1.0,2.0,1.0,150.34,Retained,No Complaint
55132,0,25.0,Mobile Phone,1,18.0,Cash on Delivery,Female,3.0,5,Grocery,4,Single,5,0,17.0,1.0,2.0,4.0,256.42,Retained,No Complaint
55133,0,1.0,Computer,1,8.0,Debit Card,Female,4.0,4,Mobile,1,Single,3,0,16.0,2.0,2.0,1.0,141.11,Retained,No Complaint
55134,0,9.0,Mobile Phone,1,8.0,Credit Card,Female,3.0,5,Laptop & Accessory,1,Married,2,0,13.0,1.0,2.0,1.0,178.63,Retained,No Complaint
55135,0,1.0,Computer,3,9.0,Debit Card,Male,3.0,6,Laptop & Accessory,1,Single,5,0,21.0,1.0,2.0,1.0,175.71,Retained,No Complaint
55136,1,19.0,Mobile Phone,3,20.0,E wallet,Male,3.0,2,Grocery,3,Single,8,1,18.0,1.0,4.0,9.0,261.95,Churned,Filed Complaint
55137,0,30.0,Mobile Phone,1,30.0,Debit Card,Male,4.0,4,Grocery,4,Married,6,1,13.0,14.0,2.0,10.0,259.02,Retained,Filed Complaint
55138,0,8.0,Computer,1,33.0,Cash on Delivery,Female,4.0,5,Mobile,3,Married,3,0,21.0,2.0,2.0,1.0,145.29,Retained,No Complaint
55139,0,14.0,Mobile Phone,1,9.0,Credit Card,Female,3.0,2,Laptop & Accessory,3,Married,7,0,21.0,7.0,12.0,9.0,188.77,Retained,No Complaint
55140,0,8.0,Mobile Phone,1,36.0,Credit Card,Male,3.0,4,Laptop & Accessory,3,Married,6,0,14.0,6.0,8.0,8.0,179.29,Retained,No Complaint
55141,1,1.0,Computer,3,9.0,Debit Card,Female,3.0,5,Mobile,1,Single,9,0,15.0,1.0,2.0,1.0,152.85,Churned,No Complaint
55142,1,1.0,Computer,3,25.0,E wallet,Female,4.0,4,Laptop & Accessory,3,Married,2,1,19.0,1.0,4.0,3.0,171.14,Churned,Filed Complaint
55143,0,12.0,Computer,1,14.0,Debit Card,Male,3.0,2,Mobile,3,Married,3,0,12.0,1.0,2.0,4.0,151.1,Retained,No Complaint
55144,0,8.0,Mobile Phone,1,9.0,Cash on Delivery,Female,4.0,4,Laptop & Accessory,1,Single,3,0,12.0,5.0,5.0,12.0,191.87,Retained,No Complaint
55145,0,2.0,Mobile Phone,3,33.0,Debit Card,Male,3.0,5,Laptop & Accessory,5,Married,3,0,12.0,2.0,2.0,5.0,172.24,Retained,No Complaint
55146,1,1.0,Mobile Phone,1,29.0,Credit Card,Male,4.0,4,Laptop & Accessory,3,Married,3,1,16.0,6.0,7.0,8.0,186.79,Churned,Filed Complaint
55147,0,13.0,Mobile Phone,3,28.0,Debit Card,Male,3.0,5,Laptop & Accessory,1,Married,5,1,13.0,1.0,2.0,5.0,186.2,Retained,Filed Complaint
55148,0,25.0,Computer,3,9.0,E wallet,Male,3.0,4,Fashion,4,Married,4,0,12.0,4.0,4.0,3.0,230.96,Retained,No Complaint
55149,0,15.0,Computer,1,29.0,Debit Card,Female,4.0,4,Laptop & Accessory,1,Married,5,1,15.0,3.0,4.0,4.0,179.67,Retained,Filed Complaint
55150,0,11.0,Mobile Phone,1,11.0,Debit Card,Male,3.0,4,Mobile,3,Married,9,1,16.0,2.0,2.0,4.0,154.96,Retained,Filed Complaint
55151,0,7.0,Computer,3,12.0,Debit Card,Male,4.0,4,Laptop & Accessory,1,Married,8,0,14.0,2.0,2.0,3.0,224.98,Retained,No Complaint
55152,0,6.0,Mobile Phone,3,9.0,E wallet,Male,3.0,4,Laptop & Accessory,4,Married,2,1,14.0,2.0,2.0,3.0,165.78,Retained,Filed Complaint
55153,0,13.0,Computer,1,32.0,Debit Card,Male,4.0,4,Fashion,3,Married,5,0,22.0,1.0,2.0,6.0,234.2,Retained,No Complaint
55154,0,1.0,Mobile Phone,3,25.0,Debit Card,Male,4.0,2,Laptop & Accessory,3,Married,4,0,12.0,2.0,2.0,3.0,187.32,Retained,No Complaint
55155,0,26.0,Computer,1,35.0,Credit Card,Female,3.0,2,Grocery,3,Married,4,1,12.0,2.0,2.0,3.0,257.47,Retained,Filed Complaint
55156,0,17.0,Mobile Phone,1,13.0,Credit Card,Female,4.0,5,Laptop & Accessory,3,Single,3,1,15.0,1.0,2.0,9.0,165.81,Retained,Filed Complaint
55157,0,1.0,Mobile Phone,3,17.0,E wallet,Female,4.0,5,Laptop & Accessory,1,Married,3,1,12.0,2.0,5.0,5.0,182.69,Retained,Filed Complaint
55158,1,1.0,Phone,1,24.0,Debit Card,Female,3.0,4,Mobile,3,Single,3,1,14.0,5.0,8.0,8.0,148.94,Churned,Filed Complaint
55159,0,1.0,Mobile Phone,1,9.0,Credit Card,Male,3.0,5,Mobile,1,Single,2,0,13.0,2.0,2.0,2.0,164.04,Retained,No Complaint
55160,0,16.0,Mobile Phone,2,17.0,UPI,Female,3.0,4,Grocery,5,Married,2,0,15.0,1.0,2.0,10.0,292.99,Retained,No Complaint
55161,0,26.0,Mobile Phone,1,15.0,UPI,Female,3.0,4,Mobile,5,Married,11,0,14.0,2.0,2.0,5.0,154.5,Retained,No Complaint
55162,0,11.0,Mobile Phone,1,18.0,Credit Card,Female,4.0,4,Mobile,3,Single,6,0,19.0,2.0,2.0,3.0,161.29,Retained,No Complaint
55163,0,9.0,Computer,1,25.0,Debit Card,Male,3.0,4,Fashion,1,Single,4,0,12.0,3.0,3.0,3.0,218.62,Retained,No Complaint
55164,0,1.0,Mobile Phone,1,8.0,Cash on Delivery,Male,3.0,4,Mobile,1,Married,6,0,12.0,1.0,2.0,3.0,157.29,Retained,No Complaint
55165,0,1.0,Mobile Phone,1,14.0,UPI,Male,4.0,2,Mobile,5,Single,2,0,13.0,1.0,2.0,8.0,160.78,Retained,No Complaint
55166,0,3.0,Mobile Phone,2,24.0,UPI,Male,3.0,5,Fashion,5,Single,3,0,14.0,1.0,2.0,10.0,204.88,Retained,No Complaint
55167,1,13.0,Computer,1,35.0,Debit Card,Male,4.0,5,Laptop & Accessory,5,Single,5,0,21.0,1.0,2.0,4.0,167.84,Churned,No Complaint
55168,1,1.0,Computer,1,21.0,UPI,Female,3.0,4,Fashion,1,Single,2,1,13.0,5.0,8.0,8.0,200.53,Churned,Filed Complaint
55169,0,28.0,Mobile Phone,1,8.0,Credit Card,Female,3.0,4,Grocery,1,Single,8,0,15.0,7.0,13.0,8.0,298.28,Retained,No Complaint
55170,0,31.0,Mobile Phone,1,8.0,Credit Card,Female,4.0,4,Others,5,Married,5,1,15.0,2.0,2.0,6.0,322.01,Retained,Filed Complaint
55171,0,29.0,Mobile Phone,1,8.0,Credit Card,Male,3.0,2,Grocery,1,Married,4,0,14.0,1.0,2.0,1.0,272.32,Retained,No Complaint
55172,0,10.0,Mobile Phone,3,10.0,E wallet,Female,4.0,4,Laptop & Accessory,4,Single,5,1,17.0,1.0,2.0,3.0,217.78,Retained,Filed Complaint
55173,1,1.0,Computer,3,8.0,Debit Card,Female,3.0,6,Mobile,3,Single,3,0,13.0,1.0,2.0,1.0,138.59,Churned,No Complaint
55174,0,4.0,Mobile Phone,3,14.0,E wallet,Female,4.0,4,Laptop & Accessory,5,Married,9,0,15.0,2.0,2.0,3.0,172.79,Retained,No Complaint
55175,0,5.0,Mobile Phone,1,15.0,Debit Card,Female,4.0,4,Grocery,4,Single,5,0,12.0,1.0,2.0,1.0,289.22,Retained,No Complaint
55176,0,8.0,Computer,1,8.0,UPI,Male,4.0,4,Mobile,5,Married,7,0,15.0,2.0,2.0,4.0,154.96,Retained,No Complaint
55177,1,1.0,Phone,1,15.0,Debit Card,Female,3.0,5,Mobile,4,Single,3,0,13.0,1.0,2.0,1.0,137.61,Churned,No Complaint
55178,0,1.0,Phone,1,18.0,Debit Card,Male,4.0,4,Mobile,5,Married,2,0,15.0,2.0,2.0,5.0,145.99,Retained,No Complaint
55179,0,10.0,Mobile Phone,1,11.0,Debit Card,Male,3.0,5,Laptop & Accessory,1,Single,3,0,17.0,1.0,2.0,9.0,183.1,Retained,No Complaint
55180,0,10.0,Mobile Phone,3,23.0,E wallet,Female,4.0,5,Laptop & Accessory,5,Married,6,0,14.0,2.0,2.0,3.0,181.47,Retained,No Complaint
55181,0,21.0,Mobile Phone,1,8.0,Cash on Delivery,Male,4.0,4,Mobile,1,Married,9,0,13.0,2.0,2.0,3.0,159.2,Retained,No Complaint
55182,1,1.0,Mobile Phone,3,16.0,Debit Card,Male,4.0,5,Mobile,5,Married,5,0,13.0,3.0,3.0,3.0,169.0,Churned,No Complaint
55183,0,11.0,Computer,1,12.0,Cash on Delivery,Male,3.0,2,Mobile,3,Single,2,0,15.0,1.0,2.0,4.0,160.0,Retained,No Complaint
55184,0,30.0,Phone,1,8.0,Debit Card,Female,3.0,4,Mobile,5,Married,4,0,23.0,1.0,2.0,1.0,145.66,Retained,No Complaint
55185,0,21.0,Mobile Phone,1,9.0,Credit Card,Female,3.0,4,Grocery,3,Married,5,0,15.0,3.0,6.0,7.0,296.69,Retained,No Complaint
55186,0,1.0,Mobile Phone,3,11.0,Credit Card,Female,3.0,4,Laptop & Accessory,3,Married,3,1,13.0,2.0,2.0,4.0,166.62,Retained,Filed Complaint
55187,0,6.0,Mobile Phone,3,14.0,E wallet,Male,4.0,4,Laptop & Accessory,1,Married,6,0,13.0,1.0,2.0,3.0,217.04,Retained,No Complaint
55188,0,8.0,Mobile Phone,1,8.0,Debit Card,Female,3.0,5,Mobile,4,Married,7,0,18.0,2.0,2.0,3.0,157.94,Retained,No Complaint
55189,0,15.0,Phone,1,12.0,Credit Card,Male,3.0,2,Mobile,3,Married,4,1,13.0,1.0,2.0,4.0,146.27,Retained,Filed Complaint
55190,0,14.0,Computer,1,16.0,UPI,Male,3.0,4,Laptop & Accessory,3,Married,5,0,12.0,1.0,2.0,8.0,164.75,Retained,No Complaint
55191,0,5.0,Mobile Phone,3,15.0,Debit Card,Male,3.0,4,Fashion,1,Married,3,0,19.0,3.0,2.0,10.0,232.93,Retained,No Complaint
55192,1,10.0,Mobile Phone,3,16.0,E wallet,Male,3.0,4,Fashion,1,Married,6,0,12.0,5.0,5.0,3.0,225.96,Churned,No Complaint
55193,1,3.0,Computer,1,9.0,Debit Card,Female,3.0,5,Mobile,5,Single,4,1,24.0,1.0,2.0,1.0,161.46,Churned,Filed Complaint
55194,1,1.0,Computer,1,8.0,Debit Card,Female,4.0,2,Fashion,4,Single,3,0,12.0,2.0,5.0,8.0,199.46,Churned,No Complaint
55195,0,19.0,Mobile Phone,1,27.0,Credit Card,Male,4.0,6,Fashion,5,Married,4,1,19.0,2.0,2.0,8.0,233.51,Retained,Filed Complaint
55196,0,5.0,Phone,2,15.0,Credit Card,Female,4.0,2,Mobile,4,Single,11,0,19.0,2.0,2.0,3.0,146.09,Retained,No Complaint
55197,1,1.0,Computer,1,9.0,Debit Card,Male,4.0,4,Mobile,1,Married,8,1,14.0,1.0,3.0,3.0,162.22,Churned,Filed Complaint
55198,0,19.0,Mobile Phone,1,36.0,Cash on Delivery,Male,3.0,4,Fashion,1,Married,6,1,19.0,2.0,2.0,3.0,218.8,Retained,Filed Complaint
55199,0,22.0,Mobile Phone,3,14.0,E wallet,Male,4.0,4,Laptop & Accessory,5,Married,6,0,12.0,1.0,3.0,3.0,179.86,Retained,No Complaint
55200,1,1.0,Mobile Phone,2,16.0,Cash on Delivery,Female,3.0,4,Mobile,3,Married,3,0,16.0,3.0,3.0,3.0,152.42,Churned,No Complaint
55201,0,14.0,Computer,1,15.0,Credit Card,Male,3.0,5,Fashion,4,Married,4,0,12.0,1.0,5.0,9.0,262.57,Retained,No Complaint
55202,0,2.0,Mobile Phone,3,12.0,Credit Card,Male,3.0,4,Laptop & Accessory,5,Single,2,0,19.0,1.0,2.0,3.0,209.63,Retained,No Complaint
55203,0,18.0,Computer,1,12.0,Debit Card,Male,3.0,5,Mobile,3,Single,5,0,15.0,1.0,2.0,4.0,156.62,Retained,No Complaint
55204,0,27.0,Mobile Phone,1,9.0,Credit Card,Male,3.0,2,Grocery,4,Single,6,0,13.0,1.0,9.0,9.0,290.98,Retained,No Complaint
55205,0,23.0,Mobile Phone,1,12.0,Cash on Delivery,Male,4.0,4,Laptop & Accessory,3,Married,4,0,15.0,1.0,2.0,3.0,191.51,Retained,No Complaint
55206,0,14.0,Phone,1,9.0,Credit Card,Male,4.0,4,Mobile,3,Married,4,0,15.0,2.0,2.0,3.0,148.45,Retained,No Complaint
55207,0,18.0,Mobile Phone,1,27.0,Debit Card,Male,3.0,4,Mobile,4,Single,3,0,14.0,2.0,2.0,4.0,159.2,Retained,No Complaint
55208,0,7.0,Computer,3,14.0,Credit Card,Male,3.0,4,Laptop & Accessory,5,Married,2,0,15.0,2.0,2.0,4.0,168.73,Retained,No Complaint
55209,0,8.0,Mobile Phone,3,10.0,UPI,Male,3.0,6,Laptop & Accessory,5,Single,5,0,19.0,3.0,4.0,13.0,172.59,Retained,No Complaint
55210,0,4.0,Mobile Phone,3,23.0,Debit Card,Male,4.0,4,Laptop & Accessory,3,Married,10,0,16.0,2.0,3.0,3.0,178.01,Retained,No Complaint
55211,0,16.0,Computer,1,16.0,Credit Card,Female,4.0,4,Mobile,1,Single,3,0,14.0,1.0,6.0,9.0,161.73,Retained,No Complaint
55212,0,18.0,Computer,3,8.0,E wallet,Female,4.0,4,Laptop & Accessory,3,Married,9,0,13.0,1.0,2.0,1.0,172.68,Retained,No Complaint
55213,0,4.0,Computer,1,14.0,Cash on Delivery,Male,4.0,4,Mobile,3,Married,3,0,14.0,1.0,2.0,1.0,137.74,Retained,No Complaint
55214,0,31.0,Mobile Phone,1,8.0,Debit Card,Male,4.0,2,Laptop & Accessory,3,Married,2,0,25.0,2.0,3.0,9.0,174.0,Retained,No Complaint
55215,0,23.0,Mobile Phone,1,14.0,Debit Card,Male,3.0,4,Fashion,4,Married,5,0,15.0,1.0,2.0,3.0,229.66,Retained,No Complaint
55216,0,8.0,Computer,1,22.0,Credit Card,Male,4.0,4,Grocery,5,Married,9,0,15.0,3.0,7.0,10.0,295.07,Retained,No Complaint
55217,1,1.0,Computer,3,8.0,Cash on Delivery,Male,4.0,4,Mobile,3,Married,5,0,16.0,2.0,2.0,3.0,154.09,Churned,No Complaint
55218,1,1.0,Computer,3,20.0,Cash on Delivery,Female,3.0,4,Laptop & Accessory,4,Single,7,0,12.0,2.0,2.0,1.0,182.65,Churned,No Complaint
55219,1,1.0,Mobile Phone,3,31.0,Credit Card,Female,3.0,5,Laptop & Accessory,4,Single,2,1,24.0,5.0,11.0,11.0,170.99,Churned,Filed Complaint
55220,0,9.0,Phone,3,14.0,Debit Card,Male,4.0,4,Mobile,3,Married,3,0,14.0,1.0,2.0,1.0,149.04,Retained,No Complaint
55221,1,1.0,Computer,1,16.0,Credit Card,Male,3.0,4,Mobile,5,Single,4,1,12.0,1.0,2.0,1.0,156.72,Churned,Filed Complaint
55222,0,1.0,Computer,3,20.0,Debit Card,Female,4.0,4,Mobile,4,Married,3,0,14.0,1.0,2.0,1.0,145.33,Retained,No Complaint
55223,0,18.0,Computer,1,9.0,Credit Card,Male,3.0,4,Fashion,3,Single,7,1,19.0,3.0,3.0,3.0,227.09,Retained,Filed Complaint
55224,0,3.0,Mobile Phone,3,26.0,Debit Card,Male,4.0,5,Laptop & Accessory,3,Married,3,0,15.0,2.0,2.0,3.0,211.2,Retained,No Complaint
55225,0,4.0,Phone,2,8.0,Debit Card,Male,3.0,4,Mobile,3,Married,2,0,22.0,1.0,2.0,4.0,145.64,Retained,No Complaint
55226,0,29.0,Mobile Phone,1,11.0,Debit Card,Male,2.0,4,Laptop & Accessory,3,Married,2,1,17.0,2.0,2.0,3.0,165.35,Retained,Filed Complaint
55227,0,7.0,Mobile Phone,1,11.0,Credit Card,Female,3.0,5,Mobile,4,Married,10,0,12.0,2.0,2.0,3.0,163.38,Retained,No Complaint
55228,0,21.0,Mobile Phone,3,21.0,Credit Card,Female,4.0,4,Laptop & Accessory,3,Married,5,1,18.0,2.0,2.0,3.0,170.91,Retained,Filed Complaint
55229,1,1.0,Computer,1,9.0,Credit Card,Male,3.0,5,Mobile,5,Single,9,0,12.0,2.0,2.0,1.0,150.61,Churned,No Complaint
55230,0,2.0,Phone,1,8.0,Debit Card,Male,4.0,5,Mobile,3,Married,3,0,15.0,1.0,2.0,1.0,140.63,Retained,No Complaint
55231,0,2.0,Computer,3,14.0,Debit Card,Male,3.0,4,Laptop & Accessory,5,Single,2,0,15.0,2.0,2.0,4.0,173.98,Retained,No Complaint
55232,0,23.0,Mobile Phone,1,10.0,Credit Card,Female,3.0,5,Laptop & Accessory,5,Married,6,0,26.0,1.0,2.0,3.0,172.89,Retained,No Complaint
55233,0,3.0,Computer,1,9.0,Debit Card,Female,4.0,4,Mobile,4,Married,2,0,14.0,2.0,2.0,3.0,156.8,Retained,No Complaint
55234,0,2.0,Mobile Phone,1,36.0,Debit Card,Male,4.0,6,Laptop & Accessory,4,Married,3,0,15.0,1.0,2.0,8.0,190.49,Retained,No Complaint
55235,0,7.0,Mobile Phone,1,15.0,Debit Card,Male,4.0,4,Laptop & Accessory,3,Single,4,1,18.0,2.0,2.0,1.0,188.88,Retained,Filed Complaint
55236,0,6.0,Mobile Phone,1,17.0,Credit Card,Male,4.0,4,Fashion,1,Single,4,0,26.0,1.0,2.0,1.0,237.44,Retained,No Complaint
55237,0,28.0,Computer,1,18.0,Credit Card,Female,3.0,4,Grocery,1,Married,5,0,21.0,1.0,2.0,13.0,285.32,Retained,No Complaint
55238,1,1.0,Phone,1,8.0,Cash on Delivery,Male,4.0,5,Mobile,5,Single,8,0,14.0,2.0,2.0,8.0,148.62,Churned,No Complaint
55239,0,18.0,Mobile Phone,1,35.0,Debit Card,Male,3.0,4,Grocery,5,Married,5,0,14.0,1.0,15.0,18.0,288.28,Retained,No Complaint
55240,0,13.0,Mobile Phone,1,13.0,Debit Card,Female,3.0,4,Fashion,4,Single,6,0,19.0,3.0,3.0,3.0,208.76,Retained,No Complaint
55241,0,20.0,Mobile Phone,3,10.0,Debit Card,Female,3.0,4,Grocery,4,Married,10,0,13.0,1.0,6.0,2.0,291.06,Retained,No Complaint
55242,0,9.0,Mobile Phone,1,23.0,Debit Card,Female,4.0,5,Fashion,4,Single,3,0,20.0,4.0,4.0,3.0,211.06,Retained,No Complaint
55243,0,1.0,Phone,1,27.0,Debit Card,Male,4.0,4,Laptop & Accessory,3,Single,2,0,15.0,2.0,2.0,3.0,147.72,Retained,No Complaint
55244,1,4.0,Phone,1,16.0,Debit Card,Male,3.0,4,Mobile,5,Single,5,0,15.0,2.0,2.0,1.0,145.18,Churned,No Complaint
55245,0,8.0,Mobile Phone,3,8.0,Cash on Delivery,Male,4.0,5,Fashion,3,Married,3,1,15.0,8.0,9.0,7.0,195.83,Retained,Filed Complaint
55246,1,1.0,Computer,1,10.0,Debit Card,Female,3.0,4,Mobile,3,Single,3,0,13.0,3.0,8.0,8.0,165.84,Churned,No Complaint
55247,0,24.0,Computer,1,29.0,Credit Card,Male,3.0,6,Grocery,1,Single,3,1,14.0,1.0,14.0,10.0,269.11,Retained,Filed Complaint
55248,0,8.0,Phone,3,14.0,Cash on Delivery,Male,3.0,4,Mobile,3,Married,2,1,26.0,4.0,6.0,8.0,148.08,Retained,Filed Complaint
55249,0,16.0,Mobile Phone,1,9.0,Credit Card,Male,4.0,5,Mobile,4,Married,6,0,15.0,1.0,2.0,1.0,173.41,Retained,No Complaint
55250,0,11.0,Mobile Phone,1,20.0,Credit Card,Male,3.0,4,Laptop & Accessory,1,Married,3,0,18.0,3.0,4.0,8.0,167.85,Retained,No Complaint
55251,0,3.0,Mobile Phone,1,15.0,UPI,Female,3.0,6,Laptop & Accessory,5,Married,5,0,14.0,2.0,2.0,3.0,222.15,Retained,No Complaint
55252,0,7.0,Mobile Phone,1,32.0,Debit Card,Male,3.0,5,Laptop & Accessory,4,Single,3,0,14.0,2.0,2.0,3.0,168.2,Retained,No Complaint
55253,0,19.0,Phone,1,35.0,Cash on Delivery,Male,4.0,4,Mobile,1,Married,6,0,21.0,2.0,2.0,4.0,146.32,Retained,No Complaint
55254,0,16.0,Computer,1,9.0,Debit Card,Male,3.0,4,Fashion,1,Married,4,1,15.0,5.0,14.0,3.0,226.24,Retained,Filed Complaint
55255,0,14.0,Mobile Phone,3,16.0,Credit Card,Male,3.0,4,Laptop & Accessory,5,Married,2,0,13.0,8.0,8.0,2.0,179.73,Retained,No Complaint
55256,0,7.0,Mobile Phone,1,35.0,Debit Card,Male,4.0,4,Laptop & Accessory,3,Married,3,1,13.0,5.0,6.0,8.0,177.07,Retained,Filed Complaint
55257,0,14.0,Mobile Phone,2,13.0,Credit Card,Male,3.0,4,Grocery,1,Single,3,1,22.0,1.0,8.0,8.0,289.37,Retained,Filed Complaint
55258,0,1.0,Phone,1,28.0,Cash on Delivery,Male,3.0,5,Mobile,5,Married,2,0,15.0,1.0,2.0,1.0,147.96,Retained,No Complaint
55259,0,14.0,Computer,1,15.0,Debit Card,Male,4.0,4,Laptop & Accessory,1,Married,5,1,19.0,2.0,3.0,3.0,165.69,Retained,Filed Complaint
55260,0,19.0,Mobile Phone,1,8.0,Cash on Delivery,Male,4.0,4,Fashion,4,Married,3,0,13.0,4.0,8.0,8.0,199.41,Retained,No Complaint
55261,0,9.0,Phone,3,35.0,Debit Card,Female,4.0,5,Mobile,3,Married,2,0,24.0,3.0,5.0,3.0,149.3,Retained,No Complaint
55262,0,6.0,Mobile Phone,1,12.0,Debit Card,Female,4.0,5,Laptop & Accessory,4,Married,5,0,13.0,2.0,3.0,6.0,183.78,Retained,No Complaint
55263,0,10.0,Mobile Phone,3,9.0,Debit Card,Male,4.0,4,Mobile,1,Single,5,1,22.0,2.0,2.0,3.0,151.44,Retained,Filed Complaint
55264,0,22.0,Mobile Phone,3,23.0,Debit Card,Female,4.0,4,Laptop & Accessory,3,Married,10,0,15.0,8.0,8.0,8.0,189.39,Retained,No Complaint
55265,0,3.0,Mobile Phone,1,16.0,Debit Card,Male,4.0,2,Mobile,3,Married,8,0,19.0,1.0,2.0,1.0,149.51,Retained,No Complaint
55266,0,7.0,Mobile Phone,3,15.0,Debit Card,Male,3.0,4,Laptop & Accessory,5,Married,4,0,14.0,3.0,3.0,3.0,188.92,Retained,No Complaint
55267,1,1.0,Mobile Phone,3,8.0,Debit Card,Male,4.0,5,Laptop & Accessory,5,Married,3,0,12.0,2.0,7.0,3.0,222.14,Churned,No Complaint
55268,0,12.0,Computer,2,17.0,UPI,Male,4.0,4,Laptop & Accessory,3,Married,5,0,12.0,1.0,2.0,3.0,185.77,Retained,No Complaint
55269,0,9.0,Phone,1,8.0,Credit Card,Male,4.0,5,Mobile,5,Single,3,0,20.0,2.0,2.0,3.0,149.5,Retained,No Complaint
55270,0,8.0,Mobile Phone,3,36.0,Cash on Delivery,Male,3.0,4,Fashion,4,Married,5,0,13.0,2.0,2.0,3.0,217.5,Retained,No Complaint
55271,1,1.0,Phone,1,9.0,Debit Card,Female,4.0,4,Mobile,5,Married,3,1,13.0,2.0,2.0,1.0,145.74,Churned,Filed Complaint
55272,1,17.0,Mobile Phone,1,9.0,Cash on Delivery,Female,4.0,5,Fashion,1,Married,2,0,17.0,1.0,2.0,3.0,226.69,Churned,No Complaint
55273,1,2.0,Mobile Phone,1,9.0,Credit Card,Male,3.0,4,Laptop & Accessory,4,Married,6,0,12.0,2.0,2.0,5.0,173.55,Churned,No Complaint
55274,0,6.0,Computer,1,8.0,Cash on Delivery,Male,4.0,4,Laptop & Accessory,5,Married,6,0,15.0,1.0,2.0,3.0,165.87,Retained,No Complaint
55275,0,22.0,Phone,1,22.0,UPI,Female,4.0,4,Mobile,5,Married,10,0,13.0,7.0,8.0,7.0,148.67,Retained,No Complaint
55276,0,8.0,Mobile Phone,1,14.0,Credit Card,Male,3.0,4,Mobile,1,Single,3,0,14.0,1.0,2.0,1.0,154.72,Retained,No Complaint
55277,0,29.0,Mobile Phone,3,33.0,E wallet,Male,3.0,5,Others,1,Married,3,0,15.0,1.0,3.0,14.0,320.86,Retained,No Complaint
55278,0,8.0,Mobile Phone,1,8.0,Debit Card,Male,3.0,4,Laptop & Accessory,1,Married,11,0,18.0,1.0,3.0,2.0,179.84,Retained,No Complaint
55279,0,1.0,Phone,1,10.0,Debit Card,Female,3.0,4,Mobile,1,Married,3,0,22.0,2.0,2.0,1.0,145.61,Retained,No Complaint
55280,0,12.0,Mobile Phone,3,21.0,Debit Card,Male,4.0,4,Laptop & Accessory,4,Married,2,0,12.0,4.0,8.0,3.0,224.24,Retained,No Complaint
55281,0,12.0,Mobile Phone,3,23.0,Debit Card,Female,3.0,4,Laptop & Accessory,4,Single,4,0,13.0,2.0,2.0,3.0,166.98,Retained,No Complaint
55282,0,10.0,Mobile Phone,3,8.0,Debit Card,Female,4.0,4,Laptop & Accessory,3,Single,8,0,14.0,2.0,2.0,1.0,193.15,Retained,No Complaint
55283,0,3.0,Mobile Phone,1,10.0,Credit Card,Male,3.0,4,Mobile,5,Single,3,1,19.0,1.0,2.0,6.0,172.23,Retained,Filed Complaint
55284,0,9.0,Mobile Phone,1,17.0,Credit Card,Female,3.0,4,Laptop & Accessory,3,Single,5,1,17.0,1.0,2.0,5.0,186.42,Retained,Filed Complaint
55285,0,13.0,Mobile Phone,3,13.0,Credit Card,Male,3.0,2,Fashion,3,Married,4,0,12.0,4.0,8.0,7.0,207.37,Retained,No Complaint
55286,0,3.0,Computer,1,9.0,Debit Card,Male,3.0,4,Laptop & Accessory,1,Married,3,0,20.0,2.0,2.0,3.0,213.53,Retained,No Complaint
55287,0,24.0,Mobile Phone,3,16.0,E wallet,Male,3.0,4,Others,3,Married,6,1,15.0,1.0,2.0,1.0,318.31,Retained,Filed Complaint
55288,0,1.0,Phone,1,17.0,Cash on Delivery,Male,3.0,2,Mobile,3,Married,4,0,17.0,1.0,3.0,3.0,145.73,Retained,No Complaint
55289,0,10.0,Computer,1,13.0,Debit Card,Male,4.0,2,Laptop & Accessory,5,Married,5,1,14.0,1.0,2.0,3.0,180.62,Retained,Filed Complaint
55290,0,16.0,Mobile Phone,1,16.0,UPI,Male,4.0,5,Others,1,Single,10,0,15.0,2.0,2.0,2.0,321.13,Retained,No Complaint
55291,0,9.0,Mobile Phone,1,35.0,Debit Card,Male,3.0,2,Laptop & Accessory,3,Married,3,0,18.0,7.0,7.0,9.0,159.07,Retained,No Complaint
55292,0,8.0,Computer,1,17.0,Cash on Delivery,Male,4.0,5,Laptop & Accessory,3,Married,3,0,15.0,2.0,8.0,8.0,175.63,Retained,No Complaint
55293,0,14.0,Mobile Phone,3,21.0,Debit Card,Female,3.0,4,Laptop & Accessory,5,Married,3,0,16.0,1.0,2.0,3.0,171.39,Retained,No Complaint
55294,0,17.0,Mobile Phone,1,34.0,Cash on Delivery,Male,3.0,2,Mobile,4,Married,7,0,13.0,2.0,2.0,3.0,173.76,Retained,No Complaint
55295,0,9.0,Mobile Phone,1,14.0,Debit Card,Male,4.0,5,Mobile,1,Married,3,0,19.0,2.0,2.0,2.0,151.9,Retained,No Complaint
55296,0,20.0,Mobile Phone,3,8.0,Debit Card,Male,3.0,2,Grocery,5,Single,3,0,15.0,1.0,2.0,13.0,300.67,Retained,No Complaint
55297,1,1.0,Phone,1,31.0,Credit Card,Male,3.0,4,Mobile,4,Married,3,1,18.0,1.0,2.0,1.0,149.08,Churned,Filed Complaint
55298,0,1.0,Computer,1,33.0,UPI,Female,3.0,5,Mobile,3,Married,3,1,15.0,2.0,2.0,4.0,153.14,Retained,Filed Complaint
55299,0,24.0,Computer,1,27.0,Credit Card,Male,3.0,4,Grocery,3,Married,4,1,16.0,1.0,2.0,14.0,237.45,Retained,Filed Complaint
55300,0,6.0,Mobile Phone,1,12.0,UPI,Female,3.0,2,Mobile,1,Married,5,0,18.0,2.0,2.0,3.0,158.12,Retained,No Complaint
55301,0,18.0,Mobile Phone,1,14.0,Credit Card,Female,3.0,4,Others,1,Married,2,1,15.0,1.0,2.0,11.0,315.49,Retained,Filed Complaint
55302,0,4.0,Phone,1,14.0,Credit Card,Male,3.0,5,Mobile,4,Married,3,0,13.0,2.0,2.0,2.0,146.41,Retained,No Complaint
55303,0,19.0,Mobile Phone,1,12.0,Credit Card,Female,3.0,6,Laptop & Accessory,5,Single,3,1,15.0,1.0,2.0,5.0,182.69,Retained,Filed Complaint
55304,0,19.0,Computer,3,33.0,E wallet,Male,3.0,5,Laptop & Accessory,5,Married,3,0,16.0,4.0,5.0,6.0,168.85,Retained,No Complaint
55305,0,5.0,Computer,3,9.0,UPI,Male,3.0,4,Laptop & Accessory,5,Single,9,0,14.0,2.0,2.0,4.0,178.32,Retained,No Complaint
55306,0,10.0,Mobile Phone,1,19.0,Debit Card,Female,4.0,4,Laptop & Accessory,3,Married,11,1,13.0,1.0,2.0,2.0,171.63,Retained,Filed Complaint
55307,0,8.0,Computer,1,17.0,Debit Card,Male,3.0,2,Laptop & Accessory,1,Married,3,0,14.0,4.0,8.0,3.0,172.24,Retained,No Complaint
55308,0,23.0,Mobile Phone,1,32.0,Debit Card,Female,3.0,4,Mobile,5,Married,3,0,15.0,2.0,2.0,5.0,157.11,Retained,No Complaint
55309,0,13.0,Mobile Phone,1,17.0,Credit Card,Male,4.0,4,Laptop & Accessory,5,Married,4,0,14.0,4.0,8.0,8.0,178.77,Retained,No Complaint
55310,0,1.0,Mobile Phone,1,26.0,UPI,Male,4.0,5,Mobile,5,Married,3,0,12.0,1.0,2.0,8.0,165.66,Retained,No Complaint
55311,0,9.0,Mobile Phone,1,25.0,Debit Card,Male,3.0,2,Laptop & Accessory,5,Married,3,0,12.0,2.0,2.0,11.0,177.08,Retained,No Complaint
55312,0,2.0,Mobile Phone,1,34.0,Credit Card,Female,3.0,6,Laptop & Accessory,5,Married,2,0,22.0,2.0,2.0,1.0,173.77,Retained,No Complaint
55313,0,1.0,Mobile Phone,1,12.0,Credit Card,Male,4.0,4,Mobile,1,Single,3,0,19.0,1.0,3.0,3.0,156.17,Retained,No Complaint
55314,1,1.0,Computer,3,10.0,Credit Card,Female,4.0,4,Mobile,1,Single,3,1,13.0,2.0,2.0,1.0,140.69,Churned,Filed Complaint
55315,0,21.0,Mobile Phone,2,33.0,Debit Card,Female,4.0,4,Others,3,Married,5,0,15.0,2.0,2.0,1.0,321.58,Retained,No Complaint
55316,0,13.0,Mobile Phone,1,10.0,Credit Card,Male,4.0,5,Laptop & Accessory,3,Married,2,0,16.0,1.0,2.0,8.0,155.69,Retained,No Complaint
55317,0,14.0,Mobile Phone,1,22.0,Debit Card,Female,4.0,5,Fashion,3,Married,3,0,14.0,7.0,15.0,3.0,229.35,Retained,No Complaint
55318,0,9.0,Computer,1,15.0,Debit Card,Female,3.0,4,Laptop & Accessory,3,Married,3,0,13.0,1.0,3.0,10.0,166.48,Retained,No Complaint
55319,0,11.0,Mobile Phone,1,26.0,Debit Card,Male,3.0,4,Laptop & Accessory,3,Married,5,0,18.0,1.0,2.0,3.0,182.68,Retained,No Complaint
55320,0,13.0,Computer,1,11.0,Credit Card,Female,3.0,4,Laptop & Accessory,3,Single,2,0,14.0,4.0,4.0,9.0,175.42,Retained,No Complaint
55321,0,19.0,Mobile Phone,1,9.0,UPI,Female,3.0,5,Laptop & Accessory,1,Married,3,0,20.0,4.0,4.0,10.0,182.7,Retained,No Complaint
55322,0,12.0,Mobile Phone,1,9.0,Credit Card,Female,3.0,5,Fashion,3,Married,5,1,20.0,1.0,2.0,3.0,202.56,Retained,Filed Complaint
55323,1,1.0,Mobile Phone,3,17.0,Credit Card,Male,3.0,5,Fashion,5,Married,11,0,18.0,1.0,7.0,3.0,228.06,Churned,No Complaint
55324,0,11.0,Mobile Phone,1,17.0,Credit Card,Female,4.0,4,Mobile,4,Married,3,0,12.0,5.0,8.0,8.0,164.36,Retained,No Complaint
55325,0,14.0,Mobile Phone,1,23.0,Debit Card,Female,3.0,4,Fashion,1,Single,8,1,16.0,4.0,4.0,4.0,204.45,Retained,Filed Complaint
55326,0,18.0,Computer,2,8.0,UPI,Male,3.0,4,Laptop & Accessory,1,Married,6,1,12.0,2.0,2.0,3.0,182.43,Retained,Filed Complaint
55327,0,22.0,Computer,1,11.0,Credit Card,Male,3.0,5,Grocery,1,Married,4,0,26.0,1.0,3.0,3.0,277.02,Retained,No Complaint
55328,1,1.0,Mobile Phone,3,22.0,Credit Card,Male,3.0,6,Laptop & Accessory,1,Married,8,1,15.0,1.0,3.0,3.0,179.4,Churned,Filed Complaint
55329,0,1.0,Computer,1,9.0,Cash on Delivery,Female,3.0,4,Mobile,1,Single,3,1,14.0,1.0,2.0,4.0,162.6,Retained,Filed Complaint
55330,0,1.0,Mobile Phone,1,15.0,Credit Card,Female,3.0,2,Mobile,3,Married,9,0,18.0,1.0,2.0,3.0,160.17,Retained,No Complaint
55331,0,1.0,Computer,1,9.0,Credit Card,Male,3.0,4,Mobile,1,Single,4,0,14.0,1.0,2.0,3.0,150.8,Retained,No Complaint
55332,1,4.0,Phone,1,14.0,Debit Card,Male,4.0,4,Mobile,5,Single,5,1,15.0,1.0,2.0,4.0,146.66,Churned,Filed Complaint
55333,0,3.0,Mobile Phone,3,17.0,Credit Card,Male,3.0,5,Laptop & Accessory,3,Single,11,0,12.0,2.0,2.0,5.0,183.69,Retained,No Complaint
55334,0,10.0,Mobile Phone,1,12.0,Debit Card,Female,3.0,4,Fashion,5,Married,6,0,13.0,2.0,2.0,3.0,205.08,Retained,No Complaint
55335,0,1.0,Computer,1,9.0,Debit Card,Male,4.0,2,Laptop & Accessory,3,Married,3,0,18.0,2.0,2.0,8.0,177.06,Retained,No Complaint
55336,0,13.0,Mobile Phone,1,19.0,Credit Card,Male,4.0,4,Laptop & Accessory,4,Married,6,0,22.0,2.0,2.0,1.0,177.95,Retained,No Complaint
55337,0,23.0,Mobile Phone,1,29.0,UPI,Female,4.0,4,Grocery,4,Married,5,0,17.0,1.0,2.0,3.0,289.13,Retained,No Complaint
55338,0,24.0,Mobile Phone,1,24.0,Debit Card,Female,3.0,5,Fashion,5,Married,7,0,16.0,1.0,2.0,12.0,257.69,Retained,No Complaint
55339,0,1.0,Mobile Phone,3,9.0,Credit Card,Female,3.0,4,Mobile,3,Single,3,0,20.0,1.0,3.0,3.0,152.83,Retained,No Complaint
55340,0,8.0,Mobile Phone,1,10.0,Debit Card,Female,4.0,4,Laptop & Accessory,4,Married,3,0,13.0,2.0,8.0,10.0,179.33,Retained,No Complaint
55341,0,10.0,Phone,1,14.0,Debit Card,Male,4.0,4,Mobile,4,Single,4,0,12.0,1.0,2.0,4.0,145.13,Retained,No Complaint
55342,0,23.0,Mobile Phone,1,13.0,Debit Card,Female,3.0,5,Grocery,3,Married,4,1,20.0,1.0,3.0,13.0,264.66,Retained,Filed Complaint
55343,0,10.0,Computer,1,8.0,Credit Card,Female,3.0,5,Laptop & Accessory,3,Married,2,0,16.0,1.0,2.0,3.0,168.74,Retained,No Complaint
55344,0,10.0,Mobile Phone,1,10.0,Debit Card,Male,4.0,2,Laptop & Accessory,5,Married,8,0,21.0,1.0,2.0,5.0,193.42,Retained,No Complaint
55345,0,28.0,Mobile Phone,1,29.0,Credit Card,Female,4.0,4,Grocery,3,Married,5,0,15.0,4.0,5.0,8.0,299.26,Retained,No Complaint
55346,0,17.0,Mobile Phone,1,22.0,Debit Card,Male,4.0,5,Grocery,3,Married,3,0,15.0,3.0,7.0,12.0,301.03,Retained,No Complaint
55347,1,1.0,Computer,3,19.0,UPI,Male,3.0,4,Laptop & Accessory,1,Single,5,1,25.0,6.0,7.0,8.0,170.81,Churned,Filed Complaint
55348,0,12.0,Computer,1,8.0,Debit Card,Male,3.0,4,Laptop & Accessory,1,Married,9,0,16.0,2.0,3.0,10.0,172.35,Retained,No Complaint
55349,0,3.0,Mobile Phone,3,12.0,Credit Card,Male,3.0,5,Laptop & Accessory,4,Married,3,1,14.0,1.0,2.0,10.0,166.87,Retained,Filed Complaint
55350,0,7.0,Mobile Phone,3,9.0,Credit Card,Male,4.0,4,Laptop & Accessory,1,Married,3,0,15.0,2.0,2.0,5.0,180.05,Retained,No Complaint
55351,0,6.0,Mobile Phone,1,9.0,Credit Card,Male,3.0,4,Laptop & Accessory,4,Married,2,0,14.0,2.0,2.0,7.0,179.7,Retained,No Complaint
55352,0,5.0,Mobile Phone,3,12.0,Debit Card,Female,4.0,4,Laptop & Accessory,1,Married,3,0,12.0,1.0,2.0,3.0,179.76,Retained,No Complaint
55353,0,23.0,Mobile Phone,1,23.0,Credit Card,Female,4.0,4,Mobile,5,Married,6,1,17.0,1.0,3.0,3.0,150.87,Retained,Filed Complaint
55354,0,12.0,Computer,1,9.0,Credit Card,Female,3.0,5,Mobile,4,Single,3,0,23.0,1.0,4.0,4.0,149.4,Retained,No Complaint
55355,0,21.0,Mobile Phone,3,9.0,Debit Card,Female,3.0,2,Grocery,4,Married,8,0,15.0,1.0,2.0,3.0,284.72,Retained,No Complaint
55356,0,23.0,Mobile Phone,1,8.0,Debit Card,Male,3.0,4,Grocery,3,Single,6,0,15.0,1.0,2.0,1.0,278.79,Retained,No Complaint
55357,0,15.0,Mobile Phone,3,30.0,Debit Card,Male,4.0,4,Fashion,3,Single,5,1,17.0,1.0,2.0,3.0,195.82,Retained,Filed Complaint
55358,0,1.0,Mobile Phone,3,16.0,Debit Card,Male,3.0,4,Mobile,5,Single,3,0,12.0,1.0,2.0,3.0,152.28,Retained,No Complaint
55359,0,7.0,Computer,3,23.0,Debit Card,Female,3.0,4,Laptop & Accessory,1,Married,3,1,26.0,1.0,2.0,3.0,178.68,Retained,Filed Complaint
55360,0,10.0,Mobile Phone,1,33.0,Debit Card,Male,4.0,4,Laptop & Accessory,3,Married,8,0,15.0,2.0,2.0,3.0,178.47,Retained,No Complaint
55361,0,18.0,Mobile Phone,2,8.0,Debit Card,Female,3.0,4,Mobile,1,Married,6,1,19.0,3.0,3.0,3.0,156.95,Retained,Filed Complaint
55362,1,1.0,Mobile Phone,1,15.0,Credit Card,Male,4.0,5,Mobile,3,Single,3,1,12.0,2.0,2.0,3.0,164.89,Churned,Filed Complaint
55363,0,12.0,Mobile Phone,1,11.0,Credit Card,Female,3.0,4,Mobile,3,Married,9,0,20.0,1.0,2.0,1.0,158.06,Retained,No Complaint
55364,0,27.0,Mobile Phone,1,31.0,Credit Card,Male,3.0,2,Fashion,1,Married,5,0,16.0,1.0,2.0,3.0,195.05,Retained,No Complaint
55365,1,12.0,Computer,3,14.0,Credit Card,Female,4.0,4,Mobile,3,Married,4,1,12.0,2.0,8.0,8.0,151.55,Churned,Filed Complaint
55366,1,1.0,Phone,1,9.0,Debit Card,Male,4.0,4,Mobile,4,Single,3,0,13.0,1.0,2.0,1.0,138.93,Churned,No Complaint
55367,0,1.0,Computer,1,14.0,Credit Card,Male,4.0,4,Mobile,1,Single,3,0,21.0,1.0,6.0,8.0,150.7,Retained,No Complaint
55368,0,29.0,Mobile Phone,1,29.0,Cash on Delivery,Male,4.0,5,Mobile,4,Married,7,0,13.0,2.0,2.0,3.0,160.37,Retained,No Complaint
55369,0,8.0,Mobile Phone,1,12.0,Credit Card,Male,3.0,5,Laptop & Accessory,1,Married,3,0,15.0,1.0,5.0,14.0,164.86,Retained,No Complaint
55370,0,31.0,Mobile Phone,1,8.0,Credit Card,Male,4.0,6,Fashion,1,Married,5,0,21.0,2.0,2.0,1.0,233.82999999999998,Retained,No Complaint
55371,0,7.0,Phone,1,28.0,Credit Card,Male,4.0,2,Mobile,4,Married,3,0,19.0,1.0,3.0,14.0,145.28,Retained,No Complaint
55372,0,11.0,Computer,3,8.0,Credit Card,Male,3.0,6,Laptop & Accessory,1,Married,3,0,15.0,2.0,2.0,3.0,220.25,Retained,No Complaint
55373,0,8.0,Mobile Phone,1,26.0,Debit Card,Female,3.0,5,Mobile,1,Married,3,0,13.0,2.0,9.0,8.0,154.29,Retained,No Complaint
55374,1,1.0,Phone,3,14.0,Debit Card,Male,4.0,4,Mobile,1,Married,3,1,22.0,2.0,2.0,3.0,147.75,Churned,Filed Complaint
55375,0,18.0,Mobile Phone,1,9.0,Debit Card,Female,4.0,2,Fashion,1,Married,3,1,20.0,2.0,7.0,8.0,203.79,Retained,Filed Complaint
55376,0,9.0,Computer,1,9.0,Credit Card,Male,4.0,5,Mobile,1,Single,2,1,15.0,2.0,2.0,5.0,174.3,Retained,Filed Complaint
55377,0,17.0,Mobile Phone,3,9.0,Credit Card,Male,4.0,4,Laptop & Accessory,1,Married,3,1,18.0,4.0,9.0,9.0,203.47,Retained,Filed Complaint
55378,0,1.0,Mobile Phone,1,16.0,Credit Card,Male,4.0,2,Mobile,3,Married,3,0,17.0,1.0,2.0,5.0,169.01,Retained,No Complaint
55379,0,15.0,Mobile Phone,3,13.0,E wallet,Male,3.0,4,Fashion,3,Single,3,0,13.0,4.0,9.0,3.0,217.41,Retained,No Complaint
55380,0,3.0,Mobile Phone,1,16.0,Credit Card,Female,3.0,4,Mobile,3,Married,11,0,18.0,1.0,2.0,3.0,154.74,Retained,No Complaint
55381,0,10.0,Mobile Phone,3,9.0,Debit Card,Female,3.0,4,Laptop & Accessory,1,Single,5,0,16.0,7.0,7.0,8.0,170.02,Retained,No Complaint
55382,0,19.0,Computer,1,8.0,Debit Card,Male,4.0,5,Fashion,3,Married,5,0,24.0,5.0,2.0,5.0,232.48000000000002,Retained,No Complaint
55383,1,1.0,Phone,2,29.0,UPI,Male,3.0,6,Mobile,3,Married,3,0,12.0,1.0,2.0,1.0,140.55,Churned,No Complaint
55384,1,11.0,Computer,3,16.0,Debit Card,Male,3.0,6,Grocery,3,Married,9,0,12.0,7.0,2.0,11.0,254.36,Churned,No Complaint
55385,0,1.0,Phone,1,24.0,Credit Card,Male,4.0,6,Mobile,3,Married,3,0,16.0,2.0,2.0,3.0,148.05,Retained,No Complaint
55386,0,19.0,Mobile Phone,1,35.0,Cash on Delivery,Female,3.0,5,Grocery,4,Single,3,0,15.0,7.0,9.0,7.0,292.04,Retained,No Complaint
55387,0,6.0,Computer,1,17.0,Debit Card,Male,3.0,4,Mobile,3,Married,8,0,14.0,1.0,2.0,4.0,159.33,Retained,No Complaint
55388,0,5.0,Mobile Phone,1,9.0,Debit Card,Male,4.0,4,Mobile,3,Married,3,0,15.0,2.0,2.0,4.0,159.77,Retained,No Complaint
55389,0,15.0,Computer,2,11.0,UPI,Male,3.0,6,Laptop & Accessory,4,Married,8,0,20.0,1.0,2.0,3.0,189.3,Retained,No Complaint
55390,0,14.0,Mobile Phone,1,15.0,Debit Card,Female,4.0,4,Laptop & Accessory,5,Married,4,1,17.0,2.0,2.0,1.0,190.16,Retained,Filed Complaint
55391,0,1.0,Mobile Phone,1,36.0,Credit Card,Male,4.0,4,Mobile,5,Married,3,0,14.0,2.0,2.0,3.0,164.07,Retained,No Complaint
55392,0,20.0,Mobile Phone,1,20.0,Debit Card,Male,3.0,4,Laptop & Accessory,4,Single,8,0,15.0,2.0,2.0,10.0,180.62,Retained,No Complaint
55393,0,9.0,Mobile Phone,1,34.0,Debit Card,Male,3.0,4,Laptop & Accessory,3,Married,4,0,17.0,2.0,2.0,8.0,193.83,Retained,No Complaint
55394,0,4.0,Mobile Phone,1,23.0,Debit Card,Male,3.0,4,Mobile,1,Married,3,0,13.0,1.0,2.0,9.0,153.62,Retained,No Complaint
55395,0,21.0,Computer,3,9.0,E wallet,Male,3.0,4,Laptop & Accessory,4,Married,9,0,12.0,1.0,2.0,1.0,174.78,Retained,No Complaint
55396,0,20.0,Mobile Phone,3,9.0,Debit Card,Male,4.0,4,Fashion,1,Married,6,1,13.0,1.0,2.0,3.0,228.68,Retained,Filed Complaint
55397,1,1.0,Mobile Phone,3,20.0,E wallet,Male,4.0,5,Laptop & Accessory,5,Married,7,1,14.0,2.0,3.0,3.0,186.34,Churned,Filed Complaint
55398,1,1.0,Mobile Phone,3,8.0,Debit Card,Male,3.0,6,Laptop & Accessory,4,Single,8,0,16.0,1.0,2.0,1.0,192.35,Churned,No Complaint
55399,0,1.0,Mobile Phone,1,11.0,Credit Card,Female,3.0,4,Mobile,4,Single,3,0,14.0,1.0,2.0,3.0,157.95,Retained,No Complaint
55400,0,5.0,Computer,1,31.0,Cash on Delivery,Female,2.0,4,Laptop & Accessory,1,Single,4,0,21.0,1.0,2.0,5.0,177.38,Retained,No Complaint
55401,0,13.0,Computer,1,8.0,Debit Card,Male,4.0,4,Laptop & Accessory,1,Married,3,1,16.0,1.0,6.0,9.0,189.72,Retained,Filed Complaint
55402,0,6.0,Mobile Phone,3,26.0,Debit Card,Male,4.0,6,Fashion,3,Married,5,0,14.0,1.0,2.0,3.0,221.1,Retained,No Complaint
55403,0,14.0,Mobile Phone,3,14.0,Credit Card,Male,3.0,4,Others,4,Single,3,0,15.0,13.0,13.0,9.0,323.33,Retained,No Complaint
55404,0,19.0,Mobile Phone,2,11.0,Debit Card,Female,3.0,6,Fashion,3,Married,6,0,22.0,2.0,2.0,3.0,222.56,Retained,No Complaint
55405,0,4.0,Computer,1,9.0,Cash on Delivery,Female,4.0,5,Mobile,5,Single,2,0,17.0,1.0,2.0,8.0,174.68,Retained,No Complaint
55406,0,1.0,Computer,2,17.0,Credit Card,Male,3.0,4,Mobile,1,Married,2,0,15.0,1.0,3.0,2.0,146.45,Retained,No Complaint
55407,1,1.0,Computer,2,15.0,UPI,Female,4.0,5,Mobile,1,Married,8,0,12.0,2.0,2.0,3.0,146.8,Churned,No Complaint
55408,0,5.0,Mobile Phone,3,12.0,Cash on Delivery,Male,3.0,4,Laptop & Accessory,3,Married,3,0,20.0,2.0,2.0,3.0,208.46,Retained,No Complaint
55409,0,1.0,Mobile Phone,1,15.0,Credit Card,Female,4.0,4,Mobile,1,Single,3,0,12.0,1.0,2.0,5.0,159.45,Retained,No Complaint
55410,1,1.0,Mobile Phone,3,16.0,E wallet,Female,3.0,6,Mobile,4,Single,3,0,14.0,3.0,3.0,3.0,152.6,Churned,No Complaint
55411,0,3.0,Computer,1,8.0,Debit Card,Male,4.0,2,Laptop & Accessory,3,Single,10,1,13.0,2.0,2.0,3.0,187.94,Retained,Filed Complaint
55412,0,4.0,Mobile Phone,3,22.0,E wallet,Male,4.0,5,Fashion,5,Married,4,0,12.0,2.0,2.0,8.0,196.4,Retained,No Complaint
55413,0,8.0,Mobile Phone,1,9.0,Credit Card,Male,4.0,2,Mobile,1,Married,2,1,15.0,2.0,2.0,3.0,154.32,Retained,Filed Complaint
55414,0,7.0,Computer,3,9.0,E wallet,Female,4.0,4,Laptop & Accessory,4,Single,10,0,16.0,2.0,2.0,8.0,176.47,Retained,No Complaint
55415,0,23.0,Mobile Phone,3,18.0,E wallet,Female,4.0,4,Laptop & Accessory,1,Single,5,0,13.0,1.0,2.0,5.0,170.07,Retained,No Complaint
55416,1,1.0,Mobile Phone,3,23.0,Debit Card,Female,4.0,4,Fashion,5,Single,4,1,21.0,2.0,2.0,3.0,210.64,Churned,Filed Complaint
55417,0,12.0,Computer,1,9.0,Credit Card,Female,4.0,5,Mobile,4,Married,6,0,15.0,1.0,2.0,6.0,149.68,Retained,No Complaint
55418,1,1.0,Mobile Phone,3,23.0,E wallet,Male,4.0,4,Fashion,3,Married,4,0,14.0,1.0,2.0,1.0,206.61,Churned,No Complaint
55419,0,3.0,Phone,1,11.0,Cash on Delivery,Female,4.0,5,Mobile,5,Married,3,0,14.0,1.0,2.0,1.0,146.09,Retained,No Complaint
55420,0,4.0,Mobile Phone,1,23.0,Debit Card,Male,3.0,2,Laptop & Accessory,3,Married,5,0,17.0,2.0,2.0,8.0,177.94,Retained,No Complaint
55421,0,6.0,Computer,1,12.0,Cash on Delivery,Male,4.0,4,Mobile,4,Single,4,0,15.0,2.0,2.0,8.0,152.18,Retained,No Complaint
55422,0,12.0,Mobile Phone,1,25.0,Credit Card,Male,3.0,6,Laptop & Accessory,1,Married,5,1,17.0,1.0,2.0,1.0,183.11,Retained,Filed Complaint
55423,1,7.0,Computer,1,24.0,Cash on Delivery,Male,3.0,5,Mobile,3,Married,11,1,17.0,2.0,2.0,1.0,149.37,Churned,Filed Complaint
55424,0,16.0,Mobile Phone,1,19.0,Credit Card,Male,3.0,4,Mobile,4,Married,10,0,23.0,2.0,2.0,5.0,152.66,Retained,No Complaint
55425,0,29.0,Mobile Phone,1,9.0,Credit Card,Male,3.0,5,Others,5,Married,10,0,15.0,2.0,2.0,1.0,315.38,Retained,No Complaint
55426,0,7.0,Computer,1,11.0,Cash on Delivery,Male,3.0,4,Laptop & Accessory,4,Married,7,0,16.0,1.0,2.0,8.0,155.55,Retained,No Complaint
55427,0,15.0,Phone,1,16.0,Debit Card,Male,4.0,4,Mobile,5,Married,3,0,21.0,1.0,2.0,5.0,147.89,Retained,No Complaint
55428,0,8.0,Computer,3,17.0,Debit Card,Male,3.0,4,Laptop & Accessory,3,Married,3,1,15.0,2.0,2.0,8.0,165.01,Retained,Filed Complaint
55429,0,27.0,Computer,1,8.0,Credit Card,Female,3.0,5,Grocery,3,Married,6,1,21.0,2.0,2.0,3.0,254.64999999999998,Retained,Filed Complaint
55430,0,17.0,Mobile Phone,2,9.0,Debit Card,Male,4.0,4,Mobile,1,Single,2,0,14.0,2.0,2.0,9.0,160.39,Retained,No Complaint
55431,0,8.0,Mobile Phone,3,10.0,Debit Card,Female,3.0,6,Laptop & Accessory,1,Single,7,0,13.0,3.0,3.0,3.0,185.29,Retained,No Complaint
55432,1,1.0,Mobile Phone,3,14.0,E wallet,Male,3.0,4,Mobile,4,Single,3,0,14.0,1.0,2.0,1.0,151.79,Churned,No Complaint
55433,0,12.0,Mobile Phone,1,13.0,UPI,Female,3.0,5,Mobile,3,Married,3,0,12.0,2.0,2.0,5.0,162.02,Retained,No Complaint
55434,1,1.0,Phone,1,15.0,Credit Card,Female,4.0,4,Mobile,5,Married,3,1,18.0,1.0,2.0,1.0,148.98,Churned,Filed Complaint
55435,0,5.0,Mobile Phone,3,36.0,E wallet,Female,4.0,5,Laptop & Accessory,1,Married,3,0,15.0,1.0,6.0,8.0,179.68,Retained,No Complaint
55436,0,25.0,Mobile Phone,1,10.0,Cash on Delivery,Female,3.0,4,Fashion,3,Married,4,0,12.0,3.0,2.0,3.0,256.16,Retained,No Complaint
55437,0,11.0,Mobile Phone,3,16.0,E wallet,Male,3.0,5,Laptop & Accessory,4,Married,3,0,15.0,2.0,2.0,4.0,166.89,Retained,No Complaint
55438,0,20.0,Mobile Phone,1,9.0,Credit Card,Male,3.0,4,Others,1,Married,9,1,15.0,3.0,3.0,3.0,318.28,Retained,Filed Complaint
55439,0,10.0,Mobile Phone,1,17.0,Debit Card,Male,3.0,4,Fashion,5,Married,9,1,14.0,3.0,6.0,8.0,208.21,Retained,Filed Complaint
55440,1,8.0,Computer,1,8.0,Credit Card,Male,4.0,4,Mobile,4,Married,3,1,13.0,3.0,3.0,4.0,148.42,Churned,Filed Complaint
55441,0,11.0,Mobile Phone,2,15.0,UPI,Male,3.0,4,Laptop & Accessory,4,Married,4,0,14.0,4.0,5.0,8.0,165.71,Retained,No Complaint
55442,1,1.0,Mobile Phone,3,34.0,Debit Card,Male,3.0,4,Laptop & Accessory,1,Single,3,1,19.0,4.0,8.0,8.0,183.13,Churned,Filed Complaint
55443,0,7.0,Mobile Phone,1,15.0,Debit Card,Male,3.0,2,Mobile,5,Married,8,0,20.0,4.0,8.0,7.0,156.43,Retained,No Complaint
55444,0,2.0,Phone,1,8.0,Debit Card,Male,3.0,4,Mobile,1,Married,3,0,12.0,1.0,2.0,4.0,145.44,Retained,No Complaint
55445,0,13.0,Mobile Phone,1,17.0,Credit Card,Male,4.0,4,Fashion,3,Single,9,0,22.0,3.0,2.0,3.0,259.64,Retained,No Complaint
55446,0,20.0,Computer,3,33.0,Debit Card,Male,4.0,5,Laptop & Accessory,4,Single,10,0,16.0,2.0,3.0,3.0,204.91,Retained,No Complaint
55447,0,14.0,Mobile Phone,1,9.0,Debit Card,Female,4.0,4,Mobile,5,Married,6,0,18.0,2.0,2.0,3.0,158.77,Retained,No Complaint
55448,0,16.0,Mobile Phone,1,20.0,Credit Card,Male,4.0,2,Laptop & Accessory,5,Married,7,0,19.0,2.0,2.0,1.0,180.38,Retained,No Complaint
55449,0,9.0,Computer,1,9.0,Credit Card,Male,3.0,4,Laptop & Accessory,1,Married,4,0,15.0,2.0,2.0,8.0,182.62,Retained,No Complaint
55450,0,12.0,Computer,2,9.0,UPI,Male,4.0,4,Mobile,4,Married,7,0,14.0,3.0,4.0,9.0,150.92,Retained,No Complaint
55451,1,1.0,Computer,1,16.0,Debit Card,Male,4.0,4,Laptop & Accessory,5,Married,6,0,18.0,1.0,2.0,8.0,178.46,Churned,No Complaint
55452,1,1.0,Mobile Phone,1,17.0,Credit Card,Male,3.0,4,Laptop & Accessory,5,Single,3,0,16.0,1.0,2.0,9.0,167.13,Churned,No Complaint
55453,0,13.0,Computer,3,27.0,Debit Card,Male,3.0,4,Laptop & Accessory,1,Married,4,0,19.0,2.0,3.0,3.0,166.27,Retained,No Complaint
55454,0,17.0,Computer,1,16.0,Debit Card,Male,3.0,4,Mobile,3,Single,6,0,14.0,2.0,2.0,3.0,149.38,Retained,No Complaint
55455,0,15.0,Mobile Phone,1,12.0,Debit Card,Male,3.0,2,Laptop & Accessory,4,Single,5,0,13.0,1.0,2.0,3.0,193.7,Retained,No Complaint
55456,0,15.0,Mobile Phone,3,11.0,E wallet,Female,3.0,4,Fashion,3,Married,2,1,14.0,6.0,14.0,3.0,229.47,Retained,Filed Complaint
55457,0,4.0,Mobile Phone,1,17.0,Credit Card,Female,4.0,4,Fashion,3,Single,11,0,15.0,1.0,2.0,3.0,221.67,Retained,No Complaint
55458,1,1.0,Phone,2,27.0,Credit Card,Female,4.0,4,Mobile,4,Married,2,1,12.0,1.0,2.0,5.0,146.48,Churned,Filed Complaint
55459,1,10.0,Mobile Phone,1,28.0,Credit Card,Female,4.0,4,Laptop & Accessory,4,Married,6,0,23.0,4.0,4.0,3.0,214.26,Churned,No Complaint
55460,0,14.0,Mobile Phone,1,8.0,Debit Card,Female,3.0,4,Laptop & Accessory,1,Married,6,0,18.0,1.0,2.0,4.0,190.13,Retained,No Complaint
55461,0,8.0,Mobile Phone,3,15.0,Cash on Delivery,Male,4.0,2,Laptop & Accessory,3,Married,3,0,22.0,3.0,5.0,9.0,192.99,Retained,No Complaint
55462,0,31.0,Computer,3,9.0,Credit Card,Male,3.0,4,Grocery,4,Married,6,0,23.0,1.0,15.0,15.0,287.91,Retained,No Complaint
55463,0,9.0,Mobile Phone,1,30.0,Credit Card,Male,4.0,6,Mobile,3,Married,2,0,17.0,1.0,2.0,4.0,152.05,Retained,No Complaint
55464,0,21.0,Mobile Phone,1,11.0,Debit Card,Female,4.0,5,Fashion,4,Married,10,1,13.0,6.0,15.0,3.0,228.33,Retained,Filed Complaint
55465,0,14.0,Mobile Phone,1,19.0,Debit Card,Female,3.0,4,Laptop & Accessory,5,Married,4,0,13.0,2.0,8.0,8.0,169.48,Retained,No Complaint
55466,0,28.0,Mobile Phone,1,14.0,Credit Card,Female,4.0,4,Laptop & Accessory,1,Married,6,0,16.0,2.0,2.0,8.0,193.54,Retained,No Complaint
55467,0,5.0,Computer,3,14.0,E wallet,Female,4.0,4,Fashion,5,Married,4,0,15.0,3.0,3.0,3.0,221.37,Retained,No Complaint
55468,0,2.0,Mobile Phone,1,8.0,Credit Card,Female,4.0,4,Mobile,5,Married,3,0,26.0,2.0,2.0,3.0,160.91,Retained,No Complaint
55469,0,12.0,Mobile Phone,3,9.0,E wallet,Female,4.0,6,Laptop & Accessory,1,Married,4,1,21.0,1.0,2.0,4.0,179.05,Retained,Filed Complaint
55470,0,1.0,Mobile Phone,3,17.0,Credit Card,Male,3.0,4,Laptop & Accessory,1,Single,3,0,14.0,2.0,2.0,3.0,171.84,Retained,No Complaint
55471,0,31.0,Computer,1,22.0,Debit Card,Male,3.0,4,Grocery,3,Married,4,1,15.0,1.0,3.0,3.0,282.87,Retained,Filed Complaint
55472,0,1.0,Computer,1,21.0,Credit Card,Female,3.0,4,Mobile,3,Single,3,0,17.0,2.0,2.0,1.0,140.14,Retained,No Complaint
55473,1,1.0,Mobile Phone,2,25.0,UPI,Male,3.0,2,Mobile,5,Married,2,0,18.0,2.0,2.0,1.0,154.56,Churned,No Complaint
55474,1,1.0,Phone,2,20.0,UPI,Male,3.0,5,Mobile,5,Married,6,1,16.0,3.0,3.0,1.0,148.35,Churned,Filed Complaint
55475,0,19.0,Computer,3,9.0,Debit Card,Female,4.0,4,Laptop & Accessory,3,Married,6,0,23.0,4.0,6.0,8.0,176.54,Retained,No Complaint
55476,0,10.0,Mobile Phone,1,9.0,UPI,Female,4.0,4,Laptop & Accessory,4,Married,6,1,23.0,2.0,2.0,1.0,194.62,Retained,Filed Complaint
55477,0,17.0,Computer,3,9.0,Debit Card,Male,4.0,4,Laptop & Accessory,1,Married,3,0,21.0,8.0,8.0,8.0,181.75,Retained,No Complaint
55478,0,1.0,Computer,1,12.0,Debit Card,Female,3.0,4,Mobile,1,Single,2,1,15.0,2.0,2.0,3.0,148.79,Retained,Filed Complaint
55479,0,3.0,Computer,1,27.0,Credit Card,Male,3.0,4,Mobile,1,Married,3,0,14.0,2.0,4.0,11.0,163.12,Retained,No Complaint
55480,0,6.0,Computer,3,17.0,E wallet,Male,4.0,4,Laptop & Accessory,1,Single,10,0,14.0,1.0,2.0,1.0,171.48,Retained,No Complaint
55481,0,16.0,Computer,1,17.0,Cash on Delivery,Male,3.0,4,Mobile,3,Married,5,0,23.0,4.0,4.0,4.0,154.36,Retained,No Complaint
55482,0,21.0,Phone,1,16.0,Debit Card,Female,4.0,4,Mobile,3,Single,6,0,13.0,1.0,3.0,1.0,146.05,Retained,No Complaint
55483,0,20.0,Mobile Phone,1,9.0,Debit Card,Male,3.0,4,Fashion,1,Married,5,0,15.0,1.0,5.0,3.0,210.78,Retained,No Complaint
55484,0,2.0,Computer,2,8.0,Debit Card,Male,3.0,4,Mobile,1,Married,3,0,16.0,2.0,3.0,3.0,152.06,Retained,No Complaint
55485,0,3.0,Mobile Phone,1,36.0,Debit Card,Male,4.0,6,Laptop & Accessory,3,Married,10,0,18.0,1.0,2.0,7.0,188.84,Retained,No Complaint
55486,0,16.0,Mobile Phone,1,15.0,Debit Card,Male,3.0,4,Mobile,3,Single,6,0,14.0,2.0,2.0,1.0,164.68,Retained,No Complaint
55487,1,1.0,Mobile Phone,3,9.0,E wallet,Male,3.0,5,Laptop & Accessory,4,Single,9,1,13.0,2.0,3.0,3.0,224.07,Churned,Filed Complaint
55488,0,20.0,Mobile Phone,3,10.0,Cash on Delivery,Female,3.0,2,Grocery,5,Married,4,0,13.0,3.0,2.0,9.0,257.25,Retained,No Complaint
55489,0,1.0,Mobile Phone,3,30.0,Credit Card,Female,3.0,5,Laptop & Accessory,3,Married,3,0,22.0,4.0,6.0,9.0,160.4,Retained,No Complaint
55490,0,3.0,Mobile Phone,2,13.0,Credit Card,Male,3.0,5,Mobile,4,Married,3,0,12.0,2.0,2.0,1.0,153.04,Retained,No Complaint
55491,0,17.0,Mobile Phone,1,13.0,Credit Card,Female,3.0,5,Others,3,Married,9,0,15.0,7.0,7.0,15.0,318.92,Retained,No Complaint
55492,0,22.0,Mobile Phone,1,17.0,Debit Card,Male,4.0,5,Others,4,Married,6,0,15.0,4.0,13.0,10.0,321.65,Retained,No Complaint
55493,1,1.0,Computer,1,31.0,Debit Card,Male,4.0,5,Mobile,1,Single,3,1,25.0,2.0,2.0,1.0,149.39,Churned,Filed Complaint
55494,1,10.0,Mobile Phone,3,17.0,Debit Card,Female,4.0,4,Fashion,4,Married,7,0,22.0,2.0,2.0,8.0,198.14,Churned,No Complaint
55495,0,1.0,Computer,1,22.0,Debit Card,Female,4.0,5,Mobile,5,Married,2,0,20.0,1.0,8.0,4.0,172.74,Retained,No Complaint
55496,0,13.0,Mobile Phone,1,26.0,UPI,Male,3.0,4,Laptop & Accessory,1,Married,10,0,15.0,1.0,3.0,3.0,164.02,Retained,No Complaint
55497,0,29.0,Mobile Phone,1,9.0,Cash on Delivery,Male,4.0,5,Mobile,1,Married,10,0,21.0,2.0,2.0,5.0,151.62,Retained,No Complaint
55498,0,2.0,Mobile Phone,3,10.0,Credit Card,Female,4.0,4,Mobile,4,Married,3,0,20.0,2.0,2.0,1.0,153.56,Retained,No Complaint
55499,1,1.0,Phone,3,16.0,Credit Card,Male,3.0,4,Mobile,1,Single,3,0,14.0,1.0,2.0,1.0,135.81,Churned,No Complaint
55500,1,1.0,Mobile Phone,1,14.0,Debit Card,Male,4.0,4,Mobile,4,Single,3,1,24.0,2.0,2.0,1.0,149.72,Churned,Filed Complaint
55501,0,10.0,Mobile Phone,3,17.0,Cash on Delivery,Female,4.0,5,Laptop & Accessory,3,Married,3,1,14.0,1.0,2.0,8.0,181.73,Retained,Filed Complaint
55502,0,5.0,Mobile Phone,1,27.0,Debit Card,Male,3.0,4,Laptop & Accessory,3,Married,3,0,12.0,1.0,2.0,3.0,166.97,Retained,No Complaint
55503,0,8.0,Mobile Phone,3,11.0,Debit Card,Male,4.0,4,Fashion,1,Married,4,1,14.0,1.0,2.0,3.0,222.13,Retained,Filed Complaint
55504,0,3.0,Phone,1,14.0,Debit Card,Male,3.0,4,Mobile,5,Single,5,0,15.0,1.0,2.0,3.0,145.62,Retained,No Complaint
55505,0,11.0,Mobile Phone,1,14.0,Credit Card,Male,4.0,4,Laptop & Accessory,5,Married,7,1,23.0,1.0,2.0,5.0,167.84,Retained,Filed Complaint
55506,0,9.0,Mobile Phone,1,23.0,UPI,Female,3.0,5,Laptop & Accessory,4,Married,2,1,12.0,1.0,2.0,3.0,172.88,Retained,Filed Complaint
55507,0,19.0,Mobile Phone,1,32.0,Debit Card,Female,4.0,5,Laptop & Accessory,1,Married,2,0,14.0,1.0,4.0,9.0,184.06,Retained,No Complaint
55508,0,10.0,Computer,2,9.0,UPI,Male,4.0,5,Laptop & Accessory,1,Single,3,0,22.0,2.0,2.0,9.0,163.86,Retained,No Complaint
55509,0,14.0,Mobile Phone,1,8.0,Debit Card,Male,4.0,4,Grocery,5,Married,4,0,15.0,3.0,12.0,17.0,293.23,Retained,No Complaint
55510,0,1.0,Mobile Phone,1,8.0,Debit Card,Female,3.0,5,Mobile,3,Married,3,1,14.0,1.0,2.0,1.0,154.33,Retained,Filed Complaint
55511,0,1.0,Mobile Phone,3,9.0,Credit Card,Female,3.0,2,Laptop & Accessory,3,Single,2,0,15.0,1.0,2.0,8.0,190.0,Retained,No Complaint
55512,0,22.0,Computer,1,29.0,Credit Card,Female,3.0,4,Grocery,1,Married,5,0,15.0,2.0,5.0,8.0,296.74,Retained,No Complaint
55513,0,18.0,Mobile Phone,1,8.0,Debit Card,Male,4.0,2,Laptop & Accessory,5,Married,4,0,16.0,2.0,3.0,3.0,175.33,Retained,No Complaint
55514,1,1.0,Computer,1,23.0,Cash on Delivery,Male,3.0,6,Mobile,5,Married,3,1,24.0,1.0,4.0,1.0,148.07,Churned,Filed Complaint
55515,1,20.0,Mobile Phone,1,31.0,Debit Card,Male,4.0,4,Mobile,1,Single,3,0,17.0,1.0,2.0,1.0,150.87,Churned,No Complaint
55516,0,10.0,Mobile Phone,3,24.0,E wallet,Male,3.0,5,Laptop & Accessory,4,Married,4,0,17.0,2.0,2.0,4.0,180.07,Retained,No Complaint
55517,0,15.0,Mobile Phone,3,15.0,E wallet,Female,3.0,4,Laptop & Accessory,4,Married,7,0,22.0,1.0,2.0,5.0,168.93,Retained,No Complaint
55518,0,16.0,Mobile Phone,1,13.0,Credit Card,Male,3.0,4,Fashion,5,Married,11,0,14.0,6.0,2.0,8.0,258.48,Retained,No Complaint
55519,0,5.0,Mobile Phone,3,17.0,Credit Card,Female,3.0,4,Laptop & Accessory,1,Married,4,1,12.0,2.0,2.0,5.0,190.83,Retained,Filed Complaint
55520,0,8.0,Mobile Phone,3,10.0,Credit Card,Female,4.0,5,Laptop & Accessory,1,Married,5,1,13.0,1.0,2.0,2.0,206.03,Retained,Filed Complaint
55521,0,5.0,Mobile Phone,1,11.0,Credit Card,Female,4.0,2,Mobile,3,Married,10,0,13.0,2.0,3.0,3.0,164.78,Retained,No Complaint
55522,0,1.0,Computer,1,13.0,UPI,Male,4.0,2,Mobile,1,Married,2,0,19.0,3.0,8.0,8.0,150.44,Retained,No Complaint
55523,0,19.0,Computer,1,8.0,Credit Card,Male,3.0,4,Laptop & Accessory,3,Single,6,0,13.0,1.0,2.0,4.0,178.99,Retained,No Complaint
55524,0,7.0,Mobile Phone,3,17.0,E wallet,Male,3.0,4,Laptop & Accessory,3,Single,3,0,15.0,1.0,2.0,10.0,179.87,Retained,No Complaint
55525,0,2.0,Computer,3,8.0,Debit Card,Male,3.0,5,Laptop & Accessory,1,Married,3,1,13.0,2.0,2.0,8.0,193.34,Retained,Filed Complaint
55526,1,1.0,Computer,3,31.0,Cash on Delivery,Male,3.0,2,Mobile,5,Single,3,0,18.0,1.0,2.0,1.0,135.91,Churned,No Complaint
55527,0,13.0,Computer,3,28.0,Debit Card,Female,3.0,6,Laptop & Accessory,3,Married,8,0,20.0,1.0,2.0,3.0,182.36,Retained,No Complaint
55528,0,1.0,Phone,1,9.0,Cash on Delivery,Male,3.0,4,Mobile,4,Married,3,0,12.0,1.0,2.0,3.0,147.26,Retained,No Complaint
55529,0,8.0,Computer,1,29.0,UPI,Male,3.0,5,Laptop & Accessory,1,Married,3,1,16.0,4.0,7.0,12.0,182.47,Retained,Filed Complaint
55530,1,1.0,Mobile Phone,3,20.0,E wallet,Female,3.0,4,Laptop & Accessory,3,Single,5,1,12.0,1.0,3.0,3.0,223.54,Churned,Filed Complaint
55531,0,21.0,Computer,1,21.0,Cash on Delivery,Male,4.0,4,Laptop & Accessory,4,Married,10,0,19.0,1.0,2.0,8.0,179.67,Retained,No Complaint
55532,0,30.0,Mobile Phone,3,18.0,E wallet,Female,3.0,5,Laptop & Accessory,5,Married,6,0,17.0,1.0,2.0,1.0,178.8,Retained,No Complaint
55533,0,13.0,Mobile Phone,1,16.0,Credit Card,Male,3.0,4,Laptop & Accessory,5,Married,3,0,26.0,1.0,8.0,10.0,176.51,Retained,No Complaint
55534,0,12.0,Computer,1,15.0,Credit Card,Female,3.0,5,Laptop & Accessory,4,Married,3,1,17.0,2.0,2.0,8.0,146.33,Retained,Filed Complaint
55535,0,61.0,Mobile Phone,3,28.0,Debit Card,Female,4.0,4,Grocery,1,Married,6,1,15.0,1.0,2.0,1.0,303.75,Retained,Filed Complaint
55536,1,1.0,Computer,1,12.0,Debit Card,Female,3.0,2,Mobile,3,Single,5,1,15.0,1.0,2.0,4.0,149.32,Churned,Filed Complaint
55537,0,12.0,Mobile Phone,1,16.0,Debit Card,Male,4.0,4,Mobile,1,Married,4,0,20.0,1.0,2.0,4.0,172.71,Retained,No Complaint
55538,0,23.0,Computer,1,9.0,Debit Card,Male,3.0,4,Others,1,Married,5,0,15.0,5.0,5.0,4.0,316.61,Retained,No Complaint
55539,0,16.0,Mobile Phone,3,19.0,E wallet,Male,4.0,4,Laptop & Accessory,1,Married,5,1,13.0,2.0,2.0,1.0,175.87,Retained,Filed Complaint
55540,1,1.0,Computer,2,29.0,UPI,Female,3.0,5,Mobile,4,Married,3,0,13.0,2.0,2.0,1.0,153.63,Churned,No Complaint
55541,0,9.0,Mobile Phone,3,25.0,Credit Card,Male,4.0,4,Laptop & Accessory,5,Married,2,0,17.0,2.0,2.0,5.0,180.61,Retained,No Complaint
55542,0,2.0,Computer,1,23.0,Credit Card,Male,3.0,4,Mobile,3,Single,3,0,15.0,1.0,2.0,5.0,146.44,Retained,No Complaint
55543,0,5.0,Computer,1,10.0,Credit Card,Male,3.0,4,Mobile,5,Married,3,1,14.0,3.0,3.0,4.0,155.65,Retained,Filed Complaint
55544,0,10.0,Computer,1,16.0,Debit Card,Male,4.0,2,Mobile,4,Married,3,0,23.0,2.0,2.0,3.0,153.1,Retained,No Complaint
55545,0,8.0,Mobile Phone,3,8.0,E wallet,Male,3.0,4,Fashion,1,Single,3,0,22.0,3.0,3.0,3.0,223.88,Retained,No Complaint
55546,0,8.0,Mobile Phone,3,20.0,Credit Card,Male,3.0,4,Fashion,3,Married,3,0,19.0,1.0,2.0,3.0,211.28,Retained,No Complaint
55547,0,1.0,Mobile Phone,1,8.0,Credit Card,Male,4.0,4,Mobile,5,Single,2,0,14.0,8.0,8.0,7.0,153.67,Retained,No Complaint
55548,0,3.0,Mobile Phone,1,8.0,Debit Card,Male,3.0,4,Laptop & Accessory,5,Married,2,0,13.0,1.0,2.0,3.0,178.73,Retained,No Complaint
55549,0,6.0,Computer,1,22.0,Credit Card,Female,3.0,4,Laptop & Accessory,1,Married,7,0,19.0,1.0,2.0,3.0,191.67,Retained,No Complaint
55550,0,5.0,Computer,1,8.0,Debit Card,Male,3.0,6,Laptop & Accessory,5,Married,3,0,22.0,7.0,9.0,8.0,175.03,Retained,No Complaint
55551,1,1.0,Phone,1,24.0,Cash on Delivery,Male,3.0,5,Mobile,1,Married,7,0,13.0,2.0,2.0,4.0,148.67,Churned,No Complaint
55552,0,12.0,Mobile Phone,3,8.0,Debit Card,Male,3.0,5,Mobile,5,Single,6,0,15.0,2.0,2.0,1.0,153.58,Retained,No Complaint
55553,0,9.0,Mobile Phone,3,14.0,Debit Card,Female,3.0,4,Laptop & Accessory,1,Married,3,1,12.0,2.0,2.0,10.0,177.04,Retained,Filed Complaint
55554,0,1.0,Mobile Phone,3,16.0,E wallet,Male,3.0,4,Laptop & Accessory,1,Single,3,0,15.0,2.0,2.0,8.0,166.05,Retained,No Complaint
55555,0,6.0,Mobile Phone,1,12.0,Debit Card,Male,3.0,5,Laptop & Accessory,1,Single,10,0,25.0,2.0,2.0,3.0,221.79,Retained,No Complaint
55556,1,1.0,Computer,3,33.0,E wallet,Male,4.0,4,Laptop & Accessory,1,Married,3,1,12.0,1.0,2.0,9.0,181.17,Churned,Filed Complaint
55557,1,17.0,Mobile Phone,3,31.0,Debit Card,Male,4.0,4,Fashion,5,Single,8,1,14.0,1.0,3.0,3.0,229.48,Churned,Filed Complaint
55558,0,28.0,Mobile Phone,1,16.0,Debit Card,Female,4.0,4,Laptop & Accessory,3,Married,5,0,12.0,2.0,3.0,4.0,153.97,Retained,No Complaint
55559,0,7.0,Computer,1,14.0,Debit Card,Male,3.0,4,Laptop & Accessory,3,Married,3,0,21.0,1.0,3.0,9.0,184.68,Retained,No Complaint
55560,0,17.0,Mobile Phone,1,18.0,Debit Card,Male,2.0,4,Fashion,3,Married,3,0,18.0,2.0,2.0,10.0,200.1,Retained,No Complaint
55561,0,12.0,Computer,2,8.0,UPI,Male,3.0,4,Mobile,4,Married,2,1,12.0,1.0,2.0,3.0,154.91,Retained,Filed Complaint
55562,0,29.0,Mobile Phone,2,33.0,UPI,Male,4.0,2,Others,4,Married,6,1,15.0,2.0,2.0,5.0,321.36,Retained,Filed Complaint
55563,0,5.0,Phone,1,9.0,Credit Card,Female,3.0,6,Mobile,1,Married,3,1,12.0,1.0,2.0,1.0,136.29,Retained,Filed Complaint
55564,0,13.0,Mobile Phone,3,22.0,E wallet,Male,4.0,4,Grocery,5,Single,2,0,13.0,5.0,2.0,11.0,258.41,Retained,No Complaint
55565,0,16.0,Computer,1,30.0,Debit Card,Male,3.0,5,Laptop & Accessory,3,Single,3,0,13.0,4.0,4.0,8.0,168.32,Retained,No Complaint
55566,0,5.0,Computer,1,17.0,Credit Card,Female,3.0,4,Fashion,3,Married,6,0,21.0,4.0,2.0,9.0,235.31,Retained,No Complaint
55567,0,28.0,Mobile Phone,1,17.0,Credit Card,Female,4.0,4,Laptop & Accessory,5,Single,8,1,20.0,1.0,2.0,5.0,169.4,Retained,Filed Complaint
55568,0,1.0,Mobile Phone,1,8.0,Debit Card,Male,3.0,5,Laptop & Accessory,3,Single,3,0,13.0,2.0,2.0,3.0,171.17,Retained,No Complaint
55569,0,1.0,Mobile Phone,1,19.0,UPI,Male,4.0,4,Mobile,1,Single,3,0,14.0,2.0,2.0,5.0,151.47,Retained,No Complaint
55570,0,14.0,Computer,1,18.0,Cash on Delivery,Female,4.0,4,Laptop & Accessory,3,Married,3,0,12.0,8.0,10.0,5.0,188.23,Retained,No Complaint
55571,0,14.0,Mobile Phone,3,9.0,E wallet,Female,4.0,4,Laptop & Accessory,4,Married,5,0,15.0,2.0,6.0,11.0,181.77,Retained,No Complaint
55572,0,1.0,Phone,2,9.0,UPI,Female,3.0,4,Mobile,4,Married,6,0,15.0,1.0,2.0,3.0,146.87,Retained,No Complaint
55573,0,4.0,Mobile Phone,1,8.0,Credit Card,Male,4.0,4,Mobile,4,Married,3,0,14.0,2.0,2.0,8.0,162.48,Retained,No Complaint
55574,0,1.0,Mobile Phone,1,9.0,UPI,Male,3.0,4,Mobile,3,Married,8,1,20.0,1.0,2.0,3.0,164.77,Retained,Filed Complaint
55575,0,21.0,Mobile Phone,1,32.0,Credit Card,Male,3.0,4,Fashion,3,Single,4,0,24.0,10.0,13.0,3.0,211.33,Retained,No Complaint
55576,0,7.0,Computer,1,8.0,Credit Card,Male,3.0,5,Mobile,3,Married,3,0,13.0,1.0,2.0,1.0,145.08,Retained,No Complaint
55577,0,12.0,Mobile Phone,3,8.0,Debit Card,Male,3.0,4,Laptop & Accessory,4,Married,2,0,16.0,2.0,6.0,9.0,169.4,Retained,No Complaint
55578,0,5.0,Mobile Phone,3,9.0,Debit Card,Male,3.0,4,Mobile,3,Married,2,0,20.0,1.0,2.0,3.0,155.67,Retained,No Complaint
55579,0,12.0,Computer,1,13.0,Debit Card,Male,4.0,5,Laptop & Accessory,3,Married,4,0,12.0,3.0,8.0,8.0,178.21,Retained,No Complaint
55580,0,16.0,Mobile Phone,1,25.0,Debit Card,Male,3.0,4,Laptop & Accessory,5,Married,8,1,18.0,2.0,2.0,3.0,179.1,Retained,Filed Complaint
55581,0,15.0,Mobile Phone,1,8.0,Debit Card,Male,4.0,4,Mobile,1,Married,5,0,23.0,1.0,2.0,1.0,152.82,Retained,No Complaint
55582,0,21.0,Computer,1,8.0,Credit Card,Female,4.0,4,Fashion,4,Married,2,0,19.0,1.0,2.0,13.0,244.57,Retained,No Complaint
55583,0,9.0,Mobile Phone,1,18.0,Credit Card,Male,3.0,4,Mobile,3,Married,9,1,12.0,3.0,3.0,3.0,151.6,Retained,Filed Complaint
55584,0,1.0,Mobile Phone,1,8.0,Debit Card,Male,4.0,4,Mobile,3,Single,2,0,13.0,2.0,2.0,3.0,158.75,Retained,No Complaint
55585,0,9.0,Mobile Phone,1,16.0,Credit Card,Male,3.0,4,Laptop & Accessory,3,Single,3,0,20.0,1.0,2.0,9.0,175.98,Retained,No Complaint
55586,0,7.0,Mobile Phone,1,22.0,Credit Card,Female,4.0,4,Laptop & Accessory,1,Married,2,1,14.0,7.0,9.0,2.0,173.78,Retained,Filed Complaint
55587,0,6.0,Mobile Phone,1,36.0,Debit Card,Female,3.0,5,Mobile,4,Single,3,0,14.0,1.0,5.0,2.0,153.37,Retained,No Complaint
55588,0,14.0,Phone,1,8.0,Debit Card,Male,3.0,4,Mobile,1,Married,10,0,20.0,2.0,2.0,1.0,149.06,Retained,No Complaint
55589,0,6.0,Phone,3,8.0,Credit Card,Male,4.0,5,Mobile,4,Married,2,0,15.0,3.0,3.0,3.0,147.69,Retained,No Complaint
55590,0,13.0,Mobile Phone,1,31.0,Debit Card,Male,3.0,4,Laptop & Accessory,1,Single,9,0,14.0,1.0,2.0,8.0,166.08,Retained,No Complaint
55591,0,12.0,Mobile Phone,1,17.0,Credit Card,Female,4.0,6,Fashion,3,Married,5,0,13.0,1.0,2.0,12.0,257.06,Retained,No Complaint
55592,0,6.0,Mobile Phone,3,8.0,E wallet,Female,3.0,4,Fashion,1,Married,3,0,20.0,1.0,6.0,3.0,229.22,Retained,No Complaint
55593,0,11.0,Mobile Phone,1,17.0,Debit Card,Female,3.0,2,Fashion,1,Married,3,1,26.0,1.0,7.0,9.0,262.44,Retained,Filed Complaint
55594,0,1.0,Mobile Phone,3,15.0,UPI,Female,3.0,4,Laptop & Accessory,3,Married,2,1,23.0,1.0,2.0,5.0,174.07,Retained,Filed Complaint
55595,0,26.0,Computer,3,36.0,Debit Card,Male,3.0,4,Mobile,1,Married,4,0,16.0,2.0,2.0,1.0,159.82,Retained,No Complaint
55596,0,18.0,Phone,1,8.0,Credit Card,Male,3.0,4,Mobile,1,Single,8,1,13.0,2.0,2.0,3.0,149.36,Retained,Filed Complaint
55597,0,1.0,Phone,3,12.0,Credit Card,Male,3.0,4,Mobile,5,Single,3,1,12.0,2.0,2.0,3.0,148.8,Retained,Filed Complaint
55598,0,13.0,Computer,1,16.0,Debit Card,Male,3.0,4,Others,1,Single,4,0,15.0,2.0,2.0,4.0,319.31,Retained,No Complaint
55599,1,1.0,Computer,3,16.0,E wallet,Male,3.0,4,Mobile,5,Married,3,0,20.0,2.0,2.0,1.0,142.9,Churned,No Complaint
55600,0,10.0,Mobile Phone,3,10.0,Credit Card,Female,4.0,5,Fashion,1,Married,2,0,20.0,1.0,4.0,5.0,201.44,Retained,No Complaint
55601,0,10.0,Computer,1,11.0,Debit Card,Female,4.0,4,Laptop & Accessory,4,Married,9,0,14.0,1.0,2.0,3.0,176.31,Retained,No Complaint
55602,0,30.0,Computer,1,8.0,Debit Card,Male,3.0,4,Laptop & Accessory,3,Married,3,0,22.0,1.0,2.0,10.0,188.06,Retained,No Complaint
55603,1,1.0,Mobile Phone,1,8.0,Credit Card,Male,3.0,4,Mobile,1,Married,11,1,15.0,3.0,3.0,3.0,172.87,Churned,Filed Complaint
55604,0,16.0,Mobile Phone,1,9.0,Debit Card,Male,3.0,4,Others,3,Married,7,0,15.0,1.0,5.0,15.0,313.8,Retained,No Complaint
55605,1,20.0,Phone,1,14.0,Cash on Delivery,Male,4.0,4,Mobile,3,Married,10,0,12.0,7.0,10.0,9.0,148.39,Churned,No Complaint
55606,0,15.0,Mobile Phone,1,35.0,Debit Card,Female,3.0,5,Grocery,4,Married,2,0,24.0,2.0,2.0,11.0,260.7,Retained,No Complaint
55607,0,8.0,Mobile Phone,3,35.0,E wallet,Female,4.0,5,Laptop & Accessory,3,Married,3,0,22.0,2.0,2.0,8.0,192.12,Retained,No Complaint
55608,0,10.0,Computer,3,22.0,E wallet,Male,3.0,6,Laptop & Accessory,1,Married,3,0,25.0,6.0,12.0,12.0,179.06,Retained,No Complaint
55609,0,15.0,Mobile Phone,3,10.0,Debit Card,Male,3.0,5,Laptop & Accessory,4,Married,4,0,12.0,2.0,2.0,3.0,214.38,Retained,No Complaint
55610,0,6.0,Phone,1,9.0,Cash on Delivery,Male,4.0,4,Mobile,5,Single,3,0,15.0,1.0,2.0,3.0,149.39,Retained,No Complaint
55611,0,9.0,Mobile Phone,2,33.0,Debit Card,Female,3.0,4,Fashion,1,Single,3,1,17.0,2.0,2.0,3.0,213.37,Retained,Filed Complaint
55612,0,12.0,Mobile Phone,3,17.0,Debit Card,Female,4.0,4,Laptop & Accessory,1,Married,3,0,12.0,1.0,2.0,10.0,178.43,Retained,No Complaint
55613,1,14.0,Computer,3,8.0,Debit Card,Male,4.0,4,Laptop & Accessory,3,Married,9,0,13.0,2.0,2.0,2.0,192.28,Churned,No Complaint
55614,0,10.0,Mobile Phone,3,18.0,E wallet,Female,4.0,5,Laptop & Accessory,1,Married,6,0,14.0,2.0,2.0,1.0,191.52,Retained,No Complaint
55615,0,19.0,Mobile Phone,3,27.0,Debit Card,Female,3.0,4,Laptop & Accessory,3,Single,10,0,16.0,1.0,2.0,2.0,173.5,Retained,No Complaint
55616,0,14.0,Mobile Phone,1,9.0,Debit Card,Male,1.0,5,Mobile,3,Single,4,0,15.0,1.0,3.0,3.0,153.09,Retained,No Complaint
55617,0,9.0,Computer,1,25.0,Debit Card,Male,4.0,4,Laptop & Accessory,3,Married,3,1,15.0,1.0,2.0,3.0,181.89,Retained,Filed Complaint
55618,0,14.0,Phone,1,9.0,Credit Card,Female,4.0,4,Mobile,3,Married,4,0,15.0,1.0,2.0,3.0,145.01,Retained,No Complaint
55619,0,9.0,Mobile Phone,1,8.0,Debit Card,Female,4.0,6,Mobile,1,Married,3,0,13.0,2.0,2.0,2.0,154.77,Retained,No Complaint
55620,0,3.0,Mobile Phone,1,20.0,UPI,Male,3.0,5,Laptop & Accessory,4,Married,6,1,14.0,1.0,2.0,4.0,165.25,Retained,Filed Complaint
55621,0,3.0,Mobile Phone,1,35.0,Credit Card,Female,4.0,5,Mobile,5,Single,3,0,15.0,1.0,2.0,5.0,162.85,Retained,No Complaint
55622,1,14.0,Mobile Phone,3,35.0,E wallet,Male,3.0,5,Fashion,5,Married,6,1,14.0,3.0,2.0,1.0,233.54000000000002,Churned,Filed Complaint
55623,0,13.0,Mobile Phone,3,31.0,E wallet,Female,3.0,5,Grocery,1,Married,2,0,12.0,4.0,2.0,7.0,245.31,Retained,No Complaint
55624,0,5.0,Computer,1,12.0,Credit Card,Male,4.0,4,Laptop & Accessory,5,Single,2,0,20.0,2.0,2.0,3.0,224.36,Retained,No Complaint
55625,0,1.0,Mobile Phone,3,12.0,UPI,Female,2.0,5,Mobile,3,Single,2,0,19.0,2.0,2.0,1.0,154.66,Retained,No Complaint
55626,0,10.0,Computer,1,30.0,Credit Card,Male,3.0,2,Laptop & Accessory,1,Married,6,0,18.0,1.0,2.0,4.0,150.71,Retained,No Complaint
55627,0,13.0,Mobile Phone,1,13.0,Credit Card,Male,3.0,5,Fashion,5,Married,6,0,16.0,1.0,2.0,3.0,224.91,Retained,No Complaint
55628,0,1.0,Mobile Phone,1,11.0,Debit Card,Male,3.0,2,Laptop & Accessory,4,Married,3,1,21.0,1.0,2.0,4.0,186.42,Retained,Filed Complaint
55629,0,23.0,Computer,3,9.0,Credit Card,Male,4.0,5,Laptop & Accessory,4,Married,4,0,15.0,2.0,2.0,9.0,178.9,Retained,No Complaint
55630,0,8.0,Mobile Phone,1,15.0,Credit Card,Male,3.0,2,Laptop & Accessory,3,Married,4,0,13.0,2.0,2.0,3.0,169.04,Retained,No Complaint
